url,title,slug,pub_id,author,script_type,script_access,version,likes,views,comments,created_at,page,description
https://www.tradingview.com/script/zoY9DmsF-Reversion-Guard-RSI-Bollinger-Band-Customizable/,Reversion Guard | RSI + Bollinger Band [Customizable],zoY9DmsF-Reversion-Guard-RSI-Bollinger-Band-Customizable,PUB;79b46579e8fe4aab8f6e21764dbff765,blitz_locked,strategy,1,1,13,0,0,2026-07-24T21:26:51+00:00,1,"What This Strategy Does  This strategy looks for mean-reversion setups by requiring two independent signals to agree: price must be stretched beyond a Bollinger Band, and RSI must confirm oversold/overbought momentum at the same time. Using both together filters out the common false signal where price touches a band during a strong trend but RSI shows no real exhaustion: a scenario where band-only or RSI-only entries tend to get caught offside.  This is built as a transparent, fully configurable"
https://www.tradingview.com/script/YlP36Tth-Systematic-Deviation-Harvester/,Systematic Deviation Harvester,YlP36Tth-Systematic-Deviation-Harvester,PUB;c516c1f373f946939a3f9c93b8950b7b,Capitalist_Zach,strategy,1,2,8,0,0,2026-07-24T18:58:22+00:00,1,"The Systematic Deviation Harvester is a structural asset accumulation engine designed to exploit extreme peak-to-trough price dislocations. Instead of relying on mathematical oscillators or moving averages, this strategy isolates pure structural alpha by measuring real-time percentage contractions from a rolling annual high-water mark.  Operating strictly on a daily resolution, the system treats deep market corrections as mathematical discounts, mechanically scaling into assets during cascading "
https://www.tradingview.com/script/9cP77u1x-EMA-BB-Pullback-Strategy-Long-Short/,EMA + BB Pullback Strategy (Long & Short),9cP77u1x-EMA-BB-Pullback-Strategy-Long-Short,PUB;c4a6a27cc59f4cd5b987ace355dfd049,ShashankV24,strategy,1,1,6,0,0,2026-07-24T14:48:14+00:00,1,"Title: Trend-Aligned Bollinger Pullback Strategy    Description:  This is a comprehensive, fully customizable trend-pullback strategy built in Pine Script v6.0. It is designed to capture mean-reversion opportunities within an established trend. Instead of trading breakouts, this strategy waits for momentum to establish itself, and then targets temporary price extremes (pullbacks) to secure optimal entries.  It combines the momentum-tracking power of Dual EMAs with the volatility bands of Bolling"
https://www.tradingview.com/script/vUmanxTN-MACD-ProTrend-Multi-Confirmation-Strategy/,MACD ProTrend | Multi-Confirmation Strategy,vUmanxTN-MACD-ProTrend-Multi-Confirmation-Strategy,PUB;0caaae691d644dbd843d4aee98dd3bab,blitz_locked,strategy,1,1,14,0,0,2026-07-23T23:31:07+00:00,1,"A trend-following strategy that combines MACD momentum with multiple confirmation filters to identify high-probability long entries while managing risk through ATR-based position sizing and dynamic trailing stops.   Features      MACD bullish crossover entries above the zero line  Optional RSI, Volume, ADX, Higher Timeframe, and Market Regime filters  Volatility-adjusted position sizing using ATR  ATR trailing stop with momentum and trend-based exits  Configurable inputs for easy optimization an"
https://www.tradingview.com/script/gsx8IpMC-ABUKI-EMA-2-4-Advanced-Trend-Strategy/,ABUKI EMA 2/4 Advanced Trend Strategy,gsx8IpMC-ABUKI-EMA-2-4-Advanced-Trend-Strategy,PUB;59443737462d4ef5a2577ff05ded07b0,abukiman300,strategy,1,1,3,0,0,2026-07-24T08:14:53+00:00,1,"BEST ema strategy that give u a lot of options to adjust as u want it ,  "
https://www.tradingview.com/script/2F8X7p1e-V20-Strategy/,V20 Strategy,2F8X7p1e-V20-Strategy,PUB;f4b6b103aa84432b886c74a32613604d,davidjosephind,strategy,1,1,14,0,0,2026-07-23T09:37:22+00:00,1,"Core concept: This strategy trades the ""V20"" pattern, a run of consecutive green candles that gains at least 20% (configurable) from the low of the run to the high, followed by a pullback entry near the run's base.  Pattern detection: - Counts consecutive green candles (close > open, or close == open with open > previous low) - Once a run ends (a red candle appears), it checks whether that just-finished run gained at least `minGainPct` (default 20%) from its lowest low to its highest high, and l"
https://www.tradingview.com/script/iX2wEwNZ-polo-bbc/,polo bbc,iX2wEwNZ-polo-bbc,PUB;e56bdd0f42d444008576c53eaed1ab8f,polo-0,strategy,1,1,6,0,0,2026-07-23T22:31:04+00:00,1,"click buy click sell Both variants push funded blow rate up meaningfully (roughly +4 to +7 points on both windows) while payout/target-hit numbers move in inconsistent directions — better on one window, flat or worse on the other. This is a genuinely different pattern from when Trend Pullback was added as the 3rd signal, where nearly every metric improved together. Here, the rarer/noisier OTE signal adds enough extra variance to the mix that it isn't a clean trade — it doesn't earn its place in "
https://www.tradingview.com/script/ESmW0zok/,EMA + MACD Pullback Trend Strategy,ESmW0zok,PUB;c9e7bc82e77e4b91a40a68ec198a12ee,Saletrader1,strategy,1,1,4,0,0,2026-07-23T15:16:47+00:00,1,"EMA + MACD Pullback Trend Strategy  This strategy is designed to identify trend continuation opportunities using a combination of exponential moving averages, MACD confirmation, and pullback-based price action.  The core logic trades in the direction of the prevailing trend. A fast EMA and a slow EMA are used as directional filters. When the fast EMA is above the slow EMA, the strategy assumes a bullish bias. When the fast EMA is below the slow EMA, the bias becomes bearish.  In addition to the "
https://www.tradingview.com/script/ShhtrHhF-Legacy-Sniper-Bot/,Legacy Sniper Bot,ShhtrHhF-Legacy-Sniper-Bot,PUB;d7d9fd40f0974ce7a9726b0eb8a41166,NexusTrend,strategy,3,1,0,0,0,2026-07-25T11:57:25+00:00,1,sniper bot is a strategy by which you can automate your trading
https://www.tradingview.com/script/vlcTH1Tp-SnapBack-Liquidity-Sweep-Reversal-by-Triggon/,SnapBack  Liquidity Sweep Reversal by Triggon,vlcTH1Tp-SnapBack-Liquidity-Sweep-Reversal-by-Triggon,PUB;cb3ff20e4efe46149e6dc67b92685462,Triggon_,strategy,2,1,3,0,0,2026-07-25T11:04:12+00:00,1,"# SnapBack — Liquidity Sweep Reversal (v1)  ## Concept  Price frequently pushes beyond a recent swing high or swing low just far enough to trigger resting stop orders and pull in late breakout participants, before failing to hold and reversing back into the prior range. This behavior is commonly described as a liquidity sweep, and it reflects a short-term imbalance between aggressive order flow chasing a new extreme and the market's actual ability to sustain a new directional leg.  SnapBack is b"
https://www.tradingview.com/script/vKSMqhTI-HYPEUSDT-P-Order-Flow-Momentum-Distribution-Fade-V1-1/,HYPEUSDT.P Order Flow Momentum & Distribution Fade V1.1,vKSMqhTI-HYPEUSDT-P-Order-Flow-Momentum-Distribution-Fade-V1-1,PUB;3f195de28b9c4ac3af4f577d4331163d,AryantoH,strategy,3,1,0,0,0,2026-07-25T06:24:06+00:00,1,"Overview  This strategy is designed specifically for HYPEUSDT Perpetual Futures (Binance) on the 1-hour timeframe.  The script combines multiple market conditions—including trend strength, momentum, volume participation, and order flow behavior—to identify potential long and short trading opportunities.  The implementation was developed from historical quantitative analysis rather than discretionary chart interpretation.  Strategy Logic  The strategy evaluates several independent conditions befo"
https://www.tradingview.com/script/taF5KPss-PV-Quantix-Pro-v20/,PV Quantix Pro v20,taF5KPss-PV-Quantix-Pro-v20,PUB;8c347f668cdb48978fb4adcc996da354,Praquantix_Labs,strategy,2,1,1,0,0,2026-07-25T01:16:39+00:00,1," PV Quantix Pro v20 is an institutional-grade, systematic, and rule-based quantitative trading suite designed specifically for intraday momentum and trend-following strategies, optimized for the 5-Minute timeframe. Built on the principles of multi-indicator confluence and strict volatility-adjusted risk control, this suite filters out market noise and executes trades only when high-probability conditions align. The core architecture of PV Quantix Pro v20 evaluates key technical parameters across"
https://www.tradingview.com/script/r0tkQSJO-PV-Quantix-Pro-v20/,PV Quantix Pro v20,r0tkQSJO-PV-Quantix-Pro-v20,PUB;c8649286d44a419da71287e74f338134,Praquantix_Labs,strategy,1,1,0,0,0,2026-07-25T01:15:11+00:00,1,"PV Quantix Pro v20 is an institutional-grade, systematic, and rule-based quantitative trading suite designed specifically for intraday momentum and trend-following strategies, optimized for the 5-Minute timeframe. Built on the principles of multi-indicator confluence and strict volatility-adjusted risk control, this suite filters out market noise and executes trades only when high-probability conditions align. The core architecture of PV Quantix Pro v20 evaluates key technical parameters across "
https://www.tradingview.com/script/7zeBgrSZ/,@jp_freert ADR Arbitrage,7zeBgrSZ,PUB;32b577dc75d44d5da2ca922a7185bc89,jp_ferret,strategy,2,1,2,0,0,2026-07-24T20:33:41+00:00,1,ADR Arbitrage  主要用于做市商的插针交易，适用于加密货币等波动性极大的产品。  当做市商精准的向下或者向上插针，并猎取散户止损后自动开单。  注意： 原版V5版本的收益率极好，自从升级到TradingView的V6版本后，回撤中就出现了很多假信号没被识别但是有入场信号。
https://www.tradingview.com/script/t6iYBEOY/,Multi-Confluence Swing Strategy v4 ,t6iYBEOY,PUB;601df41b875d40698a7d75bb4cf84a53,gabriel_vallim99,strategy,1,1,0,0,0,2026-07-24T20:00:30+00:00,1,"BTCUSDT Professional Long & Short Strategy  This strategy was developed to identify high-probability Long and Short opportunities in the Bitcoin perpetual futures market, combining trend analysis, market structure, momentum, volatility, and multi-timeframe confirmation into a single decision-making framework.  Unlike simple crossover systems, this strategy uses a confluence-based approach that evaluates multiple market conditions before confirming a trade.  Main Features Multi-timeframe analysis"
https://www.tradingview.com/script/VzvMWxRA-Cloud-Bot-v3/,Cloud Bot (v3),VzvMWxRA-Cloud-Bot-v3,PUB;70c160c9eef34f88b8f58216d91b506f,TheCloudyOne,strategy,2,5,23,0,0,2026-07-24T16:47:07+00:00,1,"Cloud Bot (v3) is an Options, Futures, and Stocks trading bot!  Join the Discord: discord.gg  Supported Tickers 1. MNQ_LON 2. MNQ 3. MES 4. MGC 5. MCL 6. SPY 7. IWM 8. SNDK 9. CBRS 10. COIN 11. AMZN 12. SPCX 13. META 14. INTC 15. DRAM 16. TSM 17. PLTR 18. BE 19. AMD 20. HOOD 21. LITE 22. AAOI 23. MSFT 24. AAPL 25. ASTS 26. QQQ 27. NBIS 28. TSLA 29. AMAT 30. UBER 31. BA 32. GOOGL 33. CVNA 34. RKLB 35. QCOM 36. AVGO 37. NVDA 38. ABBV 39. MCD 40. ONDS 41. V 42. MRVL 43. NOK 44. RIVN 45. ADBE"
https://www.tradingview.com/script/twWLzjrH-Good-VWAP-Fib-Strategy-v2/,Good VWAP Fib Strategy v2,twWLzjrH-Good-VWAP-Fib-Strategy-v2,PUB;c6e43ea8c6f54d6e9f8afe5fc60b8e57,jebkermanspace,strategy,2,1,3,0,0,2026-07-24T13:57:28+00:00,1,"Good VWAP Fib Strategy v2 trades breaks of VWAP-anchored Fibonacci bands. On a break it rests a trailing limit at the band — now with an optional front-run that places it a user-set number of ticks early (default 10) for a higher fill rate — targets the next band (capped at 0.618), and protects the trade with a ratcheting ATR trailing stop. Every entry is confirmed by a built-in momentum oscillator, and skipped signals are labelled on-chart with the reason. Fully self-contained, no external indi"
https://www.tradingview.com/script/WHmIcZDR-EliteConverter-v4/,EliteConverter v4,WHmIcZDR-EliteConverter-v4,PUB;a3591bf34b684f31b6a34adcaf81ae82,jebkermanspace,strategy,2,2,2,0,0,2026-07-24T05:04:43+00:00,1,"EliteConverter v4 turns any indicator's entry, take-profit and stop-loss plots into a fully managed trading strategy. It places trailing limit orders that follow the live entry line, front-runs the target for early exits, and cancels unfilled orders when price closes beyond target, touches the stop, or times out. A deep filter stack — sessions, no-trade zones, EMA and multi-timeframe trend alignment, ranging detection, key-level proximity, and daily profit/loss and consecutive-loss caps — contro"
https://www.tradingview.com/script/7anTspVq-Good-VWAP-Fib-Strategy-v1/,Good VWAP Fib Strategy v1,7anTspVq-Good-VWAP-Fib-Strategy-v1,PUB;69556333e3bb4332ada1ad0556b4c3a7,jebkermanspace,strategy,2,2,2,0,0,2026-07-24T04:37:28+00:00,1,"Good VWAP Fib Strategy v1 trades breaks of VWAP-anchored Fibonacci bands. When a candle breaks a band, it places a trailing limit order at that band to get filled on the retest, targets the next band (capped at 0.618), and protects the trade with a ratcheting ATR trailing stop. Every entry is confirmed by a built-in momentum oscillator that must agree on colour, slope and exhaustion, and skipped signals are labelled on-chart with the reason why. Fully self-contained — no external indicators need"
https://www.tradingview.com/script/ZaxTvWuV-Swing-Trend-Zones-V6-HH-HL-LL-LH/,Swing Trend Zones V6 (HH-HL-LL-LH),ZaxTvWuV-Swing-Trend-Zones-V6-HH-HL-LL-LH,PUB;76007c3f4e034fa09074912c5bfcb08b,dewanpro,strategy,3,1,0,0,0,2026-07-24T03:07:54+00:00,1,"How this script works It's built on basic swing-structure logic (the same idea used in ""market structure"" or ""smart money"" indicators): Structure	Formed from	Line colour	Zone tag Higher Low → Higher Low	last 2 pivot lows, second higher	Green	HL/HL – Buy Zone Higher High → Higher High	last 2 pivot highs, second higher	Red	HH/HH – Sell/Booking Zone Lower Low → Lower Low	last 2 pivot lows, second lower	Dark yellow	LL/LL – Support/Buy Zone Lower High → Lower High	last 2 pivot highs, second lower	Blu"
https://www.tradingview.com/script/LmFkn1CV-THE-SUPREMACIST-V1/,THE SUPREMACIST V1,LmFkn1CV-THE-SUPREMACIST-V1,PUB;fbb985ace6b1460f8cc6abc39d6e47d6,SUPREMACYTRADING,strategy,2,1,4,0,0,2026-07-24T02:08:05+00:00,1,"**THE SUPREMACIST V1 – Trend-Following & Risk Management Strategy**  THE SUPREMACIST V1 is a systematic trend-following strategy designed to combine market direction, crossover confirmation and configurable trade management.  The strategy uses a Slow EMA to establish the broader trend, while Fast and Medium SMA crossovers identify potential entries in the direction of that trend.  Key features include adjustable moving-average settings, Take Profit and Stop Loss levels, plus an optional Trailing"
https://www.tradingview.com/script/UXyMzUM5/,LDN-ICT London Session Liquidity Strategy,UXyMzUM5,PUB;7fbff1cf73b24ba1a0618f922466ac82,LDNICT,strategy,3,2,3,0,1,2026-07-23T23:04:38+00:00,1,"LDN-ICT London Session Liquidity Strategy  This strategy trades the London session using ICT-based concepts, combining a 30-minute signal framework with a 5-minute imbalance filter.  How it works  The logic follows a three-step sequence, and a signal is only generated when every condition is met within the London window:  Asia Range Sweep (V1): The strategy tracks the full Asia session range. During London, it waits for price to sweep Asia's high or low — a liquidity take that defines the direct"
https://www.tradingview.com/script/IPO8ukpB-iFVG-System-V1/,+iFVG System V1,IPO8ukpB-iFVG-System-V1,PUB;04e0f7753b8348f0aed0abceab8cbe9b,Stanfxofficial,strategy,3,1,1,0,0,2026-07-23T21:47:48+00:00,2,"+iFVG System V1   +iFVG System V1 is a closed-source, rule-based trading system designed to automate the execution of a proprietary inversion Fair Value Gap (iFVG) methodology. It was developed to transform a structured discretionary trading approach into a repeatable set of objective rules, helping traders reduce emotional decision-making and maintain execution consistency.  Unlike a traditional signal indicator, +iFVG System V1 manages the complete trade lifecycle, from identifying qualifying "
https://www.tradingview.com/script/RtZVEksC-Automated-swing-Trading-Futures-ES/,Automated swing Trading-Futures ES,RtZVEksC-Automated-swing-Trading-Futures-ES,PUB;82e5733b215d45f99d9b815168aa02ed,sentimenttiming,strategy,3,2,1,0,0,2026-07-23T20:55:00+00:00,2,OVERVIEW  This strategy is designed for swing-trade analysis of E-mini S&P 500 futures. It combines a proprietary liquidity-adjusted trend ribbon with a momentum and participation oscillator to identify directional changes and manage a two-contract position.  The strategy is intended for use on a 45-minute standard candlestick chart. It evaluates entry and signal-based exit conditions on confirmed bars and does not use future-looking data or negative plot offsets.  LIQUIDITY RIBBON  The strategy
https://www.tradingview.com/script/eyCthPhN-Automated-swing-Trading-Futures-NQ/,Automated swing Trading-Futures NQ,eyCthPhN-Automated-swing-Trading-Futures-NQ,PUB;1b9d2a0e69994bd49b1b661a6c9237e6,sentimenttiming,strategy,3,1,1,0,0,2026-07-23T20:25:55+00:00,2,OVERVIEW  This strategy is designed for swing-trade analysis of E-mini Nasdaq-100 futures. It combines a proprietary liquidity-adjusted trend ribbon with a momentum and participation oscillator to identify directional changes and manage a two-contract position.  The strategy is intended for use on a 45-minute standard candlestick chart. It evaluates entry and signal-based exit conditions on confirmed bars and does not use future-looking data or negative plot offsets.  LIQUIDITY RIBBON  The strat
https://www.tradingview.com/script/UkQGz7zj-Automated-Algo-Day-Trader-Futures-NQ/,Automated Algo Day Trader Futures NQ,UkQGz7zj-Automated-Algo-Day-Trader-Futures-NQ,PUB;5c1a9a69e6034e22a23ab2218cb50ef6,sentimenttiming,strategy,3,1,2,0,0,2026-07-23T20:19:41+00:00,2,"OVERVIEW  This strategy is designed for intraday analysis of E-mini Nasdaq-100 futures. It combines a proprietary liquidity-adjusted trend ribbon with a momentum and participation filter to identify directional changes, manage a two-contract position, and apply predefined risk controls.  The strategy is intended for use on a 3-minute standard candlestick chart. It evaluates confirmed bars and does not use future-looking data or negative plot offsets.  LIQUIDITY RIBBON  The strategy calculates fa"
https://www.tradingview.com/script/U8stCE2K-Kovach-4H-Early-Move-SELECTED-v4-1/,Kovach 4H Early Move SELECTED v4.1,U8stCE2K-Kovach-4H-Early-Move-SELECTED-v4-1,PUB;69ead6fc991d42148f3e15d5cabe6f1c,luxelooks66,strategy,2,1,1,0,0,2026-07-23T20:12:53+00:00,2,"English description  Kovach 4H Early Move SELECTED is a trend-structure strategy designed to identify the early stage of strong cryptocurrency moves on the 4-hour timeframe.  The strategy uses confirmed market structure breaks, momentum filters, volume, EMA direction, RSI, and ATR-based risk management.  Entry logic  LONG  Confirmed bullish BOS. Price closes above the latest confirmed swing high. EMA 20 is rising. RSI and volume confirm bullish momentum. Entry is executed only after the 4H candl"
https://www.tradingview.com/script/roDdcqQL/,SECTOR ROTATION STRATEGY,roDdcqQL,PUB;3552f5638b4741818868f576de62ec15,iKowalsky,strategy,2,3,4,0,0,2026-07-23T19:58:40+00:00,2,INDICATOR OBJETIVE   Quantitative sector rotation system designed to select the ETF with the highest relative strength using the technical indicators of the OPERATIONAL CENTER. It seeks to maintain exposure to the leading asset during favorable market phases and reduce risk when the market regime loses strength. The parameters are configured for an ideal timeframe of 1 day (daily) to be used on a computer.   Operational Center   1. Market Cycle   Classifies the market phase using the position of
https://www.tradingview.com/script/NqtNjQ40-AlphaVault-Pantheon-1H-v2-00/,AlphaVault - Pantheon 1H v2.00,NqtNjQ40-AlphaVault-Pantheon-1H-v2-00,PUB;09607236ddca45bbb04092667698f558,NeuralKinetiq,strategy,3,1,0,0,0,2026-07-23T19:49:47+00:00,2,"The Pantheon 1H — Three Validated Engines, One Vote BTC/USDT · 1-hour chart · long/flat · 1x, 2x or 3x futures (your choice)  Three of our validated BTC engines — Phoenix, Sentinel and Grandmaster — voting on a single position instead of trading separately. We combine them because the reason is measurable, not just convenient: requiring 2-of-3 engines to agree before entering is a genuine risk filter, not decoration — the validated drawdown (−34%) matches the tightest single engine we sell (Sent"
https://www.tradingview.com/script/JH6DefLN-Automated-Algo-Day-Trader-ES/,Automated Algo Day Trader ES,JH6DefLN-Automated-Algo-Day-Trader-ES,PUB;a60463ae2e46406e9864bfbce27fe7ad,sentimenttiming,strategy,3,3,3,0,0,2026-07-23T19:49:36+00:00,2,"OVERVIEW  This strategy is designed for intraday analysis of E-mini S&P 500 futures. It combines a proprietary liquidity-adjusted trend ribbon with a momentum and participation filter to identify directional changes, manage a two-contract position, and apply predefined risk controls.  The strategy is intended for use on standard candlestick charts. It evaluates confirmed bars and does not use future-looking data or negative plot offsets.  LIQUIDITY RIBBON  The strategy calculates fast and slow l"
https://www.tradingview.com/script/pFuOxJbu-SPX-Direction-AMZN-Daily-10-00-AM-Signal/,SPX Direction AMZN Daily 10:00 AM Signal,pFuOxJbu-SPX-Direction-AMZN-Daily-10-00-AM-Signal,PUB;c973140f23c24d2e907cdb8e1fa43800,kria2050,strategy,3,1,0,0,0,2026-07-23T18:22:33+00:00,2,"SPX Direction AMZN Daily 10:00 AM Signal is an intraday strategy designed for Amazon (AMZN) on the 15-minute chart.  The strategy analyzes the first two regular-session candles, higher-timeframe market structure, momentum, volatility, volume, benchmark conditions, and historically validated setup classifications to generate one directional trade per trading session.  Its primary objective is consistency: the system is designed to submit one valid whole-share trade each regular trading day, even "
https://www.tradingview.com/script/xdeJ9ZrP/,Trend Structure Confirmation,xdeJ9ZrP,PUB;53534445522c45e48f1329e57aa6f720,h2tv,strategy,3,1,1,0,0,2026-07-23T17:15:33+00:00,2,"Description  This is a closed-source trading strategy designed to identify potential trend continuation opportunities by combining multiple price-based confirmation conditions instead of relying on a single indicator or signal.  The strategy does not generate entries from one isolated event. Instead, it evaluates whether several independent market conditions align before producing a trading signal. This approach is intended to reduce unnecessary entries during uncertain market conditions and to "
https://www.tradingview.com/script/YgSy1SKb-CRT-9-30-9-40-FVG-Retest/,CRT 9:30-9:40 + FVG Retest ,YgSy1SKb-CRT-9-30-9-40-FVG-Retest,PUB;729949483a6949d6bb87dbe40c0df7e4,julioperez75955,strategy,2,1,6,0,1,2026-07-23T12:56:56+00:00,2,"This intraday strategy trades breakouts of the New York 9:30–9:40 AM opening range using Fair Value Gap confirmation. After the opening range is established, the strategy monitors every breakout above the range high or below the range low during the New York session. A breakout is considered valid only when a three-candle Fair Value Gap forms either during the breakout impulse or afterward while price remains outside the range. The middle candle must show sufficient displacement, and the FVG mus"
https://www.tradingview.com/script/fHCSz3do-AlphaVault-Phoenix-4H-v1-02/,AlphaVault - Phoenix 4H v1.02,fHCSz3do-AlphaVault-Phoenix-4H-v1-02,PUB;a65b1ea3675742df9fb8eecfbe9e37b1,NeuralKinetiq,strategy,3,1,0,0,0,2026-07-23T11:38:38+00:00,2,"The Phoenix 4H — The Core That Rises From the Ashes BTC/USDT · 4-hour chart · long/flat · 2x futures  The simplest, most battle-tested system in the roster. It holds BTC long while two independent long-term trend filters both confirm a bull regime, and burns down to cash the instant either one fails. No shorts — every short variant we tested lost money, including through the 2018 and 2022 bears. A resting catastrophic-loss stop sits 12% under every entry as tail insurance; in 8.6 years of backte"
https://www.tradingview.com/script/kB59r3JJ-AlphaVault-Oracle-2H-v1-01/,AlphaVault - Oracle 2H v1.01,kB59r3JJ-AlphaVault-Oracle-2H-v1-01,PUB;8808ca90845b452897f9e4527971d1cb,NeuralKinetiq,strategy,3,1,0,0,0,2026-07-23T11:34:22+00:00,2,"The Oracle 2H — The BTC Engine, Transferred to SOL SOL/USDT · 2-hour chart · long/flat · 1x futures  Runs a breakout engine we originally built and validated on BTC, transferred to SOL. It hunts fresh multi-day breakouts only inside SOL's own confirmed bull regime, rides winners with an adaptive trailing stop, and goes flat automatically the moment the regime turns.  NO REPAINTING: signals fire on confirmed bar closes; regime filters use only completed daily/weekly bars.  Out-of-sample transfer "
https://www.tradingview.com/script/IAu0NwIa-AlphaVault-Fortress-4H-v2-00/,AlphaVault - Fortress 4H v2.00,IAu0NwIa-AlphaVault-Fortress-4H-v2-00,PUB;13aaff1f08e44f1980e057eeead2879e,NeuralKinetiq,strategy,3,1,0,0,0,2026-07-23T11:17:09+00:00,2,"The Fortress 4H — The Capital-Preservation Core BTC/USDT · 4-hour chart · long/flat · spot only, no leverage  The no-leverage core of our roster. It holds BTC in pure spot only while two independent long-term trend filters both confirm a bull regime, and moves fully to cash the instant either one breaks. No futures account, no margin, no liquidation risk — ever, by construction.  A resting catastrophic-loss stop sits 12% below every position as tail insurance. That's slightly above the 5–10%-of-"
https://www.tradingview.com/script/iu1RqxLb-AlphaVault-Grandmaster-1H-v3-00/,AlphaVault - Grandmaster 1H v3.00,iu1RqxLb-AlphaVault-Grandmaster-1H-v3-00,PUB;a63dc07edc364b6d9cc9329ce2c0c6bc,NeuralKinetiq,strategy,3,1,0,0,0,2026-07-23T10:38:30+00:00,2,"The Grandmaster 1H — The Fastest Validated Striker BTC/USDT · 1-hour chart · long/flat · 2x or 3x futures (your choice)  The fastest system in the roster to pass walk-forward validation. It enters on a fresh multi-day breakout inside a confirmed bull regime, and exits at a fixed, asymmetric take-profit or a hard stop set the moment the trade opens — no trailing, no discretion, nothing for fast 1H noise to shake loose. The moment the regime turns, it goes flat automatically.  Leverage is a script"
https://www.tradingview.com/script/sfnWQqMN-AlphaVault-Sentinel-2H-v2-00/,AlphaVault - Sentinel 2H v2.00,sfnWQqMN-AlphaVault-Sentinel-2H-v2-00,PUB;90dda3e7735b4ed1958181faf2b018aa,NeuralKinetiq,strategy,3,1,1,0,0,2026-07-23T10:17:24+00:00,2,"The Sentinel 2H — The Watchtower of the Bull Regime BTC/USDT · 2-hour chart · long/flat · 2x or 3x futures (your choice)  Reads two independent higher-timeframe trend filters before making a single move. Only once both confirm a bull regime does it start hunting fresh multi-day breakouts on the 2H chart — it never chases a move that's already run, and never buys a dip inside a downtrend. Winners are ridden with an adaptive trailing stop that only ever ratchets in its favor; the moment the regime"
https://www.tradingview.com/script/tFGc0yhD-MASTER-SENTIMENT-FUSION-ENGINE-WORST-FILTER-v3/,MASTER SENTIMENT FUSION ENGINE - WORST FILTER v3,tFGc0yhD-MASTER-SENTIMENT-FUSION-ENGINE-WORST-FILTER-v3,PUB;acdfdf7f53304b3298e38c3712ae7b3b,Bantisoni,strategy,2,1,3,0,0,2026-07-23T06:40:55+00:00,2,"MASTER SENTIMENT FUSION ENGINE - WORST FILTER v3 is a multi-strategy trading system built for the daily timeframe. It scores overall market sentiment (Extreme Greed, Greed, Neutral, Fear, Extreme Fear) by combining daily EMA50, EMA200, RSI, volume, and ADX/DMI readings into a single bull versus bear score. Based on this sentiment reading, the strategy automatically activates one of four independent sub-strategies.  Greed Momentum trades trend continuation during Extreme Greed and Greed condition"
https://www.tradingview.com/script/DR9dvB1q/,EMA + RSI + ATR Strategy,DR9dvB1q,PUB;d27d8b322d5845968276a22392cce6b7,lhy810514,strategy,1,1,15,0,0,2026-07-23T04:33:28+00:00,2,EMA + RSI + ATR Strategy을 활용한 추세추종 전략 승율은 낮지만 골드에 적합한 강력한 추세추종 전략임
https://www.tradingview.com/script/MIFWc2Si-XAU-Rule-Strategy-V2-0-Lite/,XAU Rule Strategy V2.0 Lite ,MIFWc2Si-XAU-Rule-Strategy-V2-0-Lite,PUB;14c5e6c6a0f945479bef7faaad4700f8,XauRuleLabs,strategy,2,1,4,0,0,2026-07-23T00:38:22+00:00,2,"XAU Rule Strategy V2.0 Lite is a fixed-configuration research strategy designed for OANDA:XAUUSD on a standard 3-minute candlestick chart.  How it works  The strategy uses a custom, volatility-adjusted Trail-5 state engine to identify potential direction changes. A confirmed Trail-5 change becomes eligible for entry only when four ordered market-quality filters agree:  - Choppiness Index (14) must be below 40. - ADX (14, 14) must be at least 18. - Price must be above EMA 200 for a long or below "
https://www.tradingview.com/script/0BMRyR2P-TQQQ-Micro-Breakout-Enhanced-Last-3-Months-Only/,TQQQ Micro-Breakout (Enhanced + Last 3 Months Only),0BMRyR2P-TQQQ-Micro-Breakout-Enhanced-Last-3-Months-Only,PUB;6c808fd5689149d6b776a4f22e4c1c5a,Fred_HiFast,strategy,1,1,3,0,0,2026-07-23T00:20:28+00:00,2,TQQQ Micro-Breakout Strategy trades only happen when:  Trend is up  Volatility is healthy  Price forms a higher low  Breakout is real (previous‑bar high)  This matches TQQQ’s actual behavior much more closely.
https://www.tradingview.com/script/6fS9dF8l/,ICT Trading Bot Paper Trading,6fS9dF8l,PUB;1c80f5318f3342fdb0943c15ec164be6,moritz2383,strategy,2,1,1,0,0,2026-07-22T19:36:26+00:00,2,"# ICT Trading Bot – Smart Money Concepts (SMC)  A powerful TradingView indicator based on the **ICT (Inner Circle Trader)** and **Smart Money Concepts (SMC)** methodology.  The indicator combines multiple institutional trading concepts into a single tool, helping traders analyze market structure, liquidity, and high-probability trading zones with clarity and efficiency.  ## Features  ✔ Market Structure (BOS & CHOCH)  ✔ Liquidity Sweeps  ✔ Equal Highs & Equal Lows  ✔ Fair Value Gaps (FVG)  ✔ Orde"
https://www.tradingview.com/script/bXwSYM0l/,ICT Trading Bot  Paper Trading,bXwSYM0l,PUB;a4615618faaf417696025e1ad6afadfe,moritz2383,strategy,2,1,1,0,0,2026-07-22T19:34:11+00:00,2,"# ICT Trading Bot – Smart Money Concepts (SMC)  A powerful TradingView indicator based on the **ICT (Inner Circle Trader)** and **Smart Money Concepts (SMC)** methodology.  The indicator combines multiple institutional trading concepts into a single tool, helping traders analyze market structure, liquidity, and high-probability trading zones with clarity and efficiency.  ## Features  ✔ Market Structure (BOS & CHOCH)  ✔ Liquidity Sweeps  ✔ Equal Highs & Equal Lows  ✔ Fair Value Gaps (FVG)  ✔ Orde"
https://www.tradingview.com/script/l9y82wLS-RoccoF-v4-4/,RoccoF-v4.4 ,l9y82wLS-RoccoF-v4-4,PUB;fa8fe6e5d64d4158bb13ae516bcb9910,ferrazzanorocco,strategy,1,1,9,0,0,2026-07-22T17:27:31+00:00,2,"What we built, piece by piece  1. The entry engine. We taught the script to see your setup structurally: a validated swing low (one that price rose from back to a previous high) gets swept → KEY LOW born → price rallies to the last swing high before the breakdown → RECLAIM → a sell-stop waits at the key low → the retest fills you short. Every level is defined by market structure, not time windows — which is why it works on 15m, 1H, and 4H alike.  2. The lifecycle rules. What happens when fresh s"
https://www.tradingview.com/script/9pgLP2QW-Trade-Wzrd-Session-Open-Strategy-Shell/,Trade Wzrd - Session Open Strategy Shell,9pgLP2QW-Trade-Wzrd-Session-Open-Strategy-Shell,PUB;e7b23688f27e451aa065682f39595a67,trade-wzrd,strategy,1,1,3,0,0,2026-07-22T14:21:47+00:00,2,"Trade Wzrd - Session Open Strategy Shell  WHAT IT IS Educational strategy shell that only allows new entries while price is inside a user-defined session window. Optional modes: break of the developing session high/low, or a simple MA cross for baseline testing. Orders carry webhook-ready alert_message strings built through a shared open-source string library.  This is a template for learning session-filtered automation wiring. It is not a signal service.  WHY IT EXISTS (ORIGINALITY) Many public"
https://www.tradingview.com/script/3Xkjxnqj-Smart-Momentum-Strategy-QuantAlgo/,Smart Momentum Strategy [QuantAlgo],3Xkjxnqj-Smart-Momentum-Strategy-QuantAlgo,PUB;cfe657231c9f427798bdb312cfac7be9,QuantAlgo,strategy,3,1,38,0,0,2026-07-22T08:18:03+00:00,3,"🟢 Overview   The  Smart Momentum Strategy  is a self-configuring momentum system that adapts to both how you trade and what you trade from a single script. Where most strategies are locked to one style and one market, this script reconfigures its entire decision engine to match your chart automatically, applying the right execution profile for your timeframe and the right calibration for your instrument with little to no manual tuning required. At its core is an advanced momentum engine that con"
https://www.tradingview.com/script/v17xjJNe-Buy-Sell-First-Hour-Strategy/,Buy Sell First Hour Strategy,v17xjJNe-Buy-Sell-First-Hour-Strategy,PUB;32f1acf3511f4a7b859862354be03041,responsibletrad8r,strategy,1,1,50,0,0,2026-07-22T06:23:16+00:00,3,the strategy is optimized on 1 hour charts to buy or sell the NQ  and if low is below 200 sma exit at 9 am for long trades
https://www.tradingview.com/script/r6dYjxFT/,Breakout Horizon Engine,r6dYjxFT,PUB;9ae4f9ad65d94bcab119da6788fe6712,muscleup86,strategy,2,4,5,0,1,2026-07-21T23:57:57+00:00,3,"Breakout Horizon Engine is a breakout strategy designed for MNQ, MGC, MCL and CL futures on the 15-minute chart.  The strategy evaluates predefined time windows, builds a price range and enters a trade when price closes outside that range. Stop-loss and take-profit levels are calculated automatically and displayed directly on the chart. If the range is outside the internally defined limits, no trade is opened.  The integrated analyzer displays the historical performance of the selected breakout "
https://www.tradingview.com/script/orfcBClp-DAX40-Adaptive-Momentum-5mn/,DAX40 Adaptive Momentum - 5mn,orfcBClp-DAX40-Adaptive-Momentum-5mn,PUB;0fd68640cf644041804bede60f0a3a0a,ManuBokar,strategy,2,2,1,0,1,2026-07-21T22:42:41+00:00,3,"DAX 40 Adaptive Momentum — Regime-Aware Intraday Scalping Strategy (full automation available)  ❗ Important — Read Before Anything Else  1. This strategy is designed and calibrated exclusively for one specific instrument: ticker `DAX` — ""Germany 40 Cash"" from IG Markets.** This ticker is publicly available on TradingView to *all* users — you do **not** need an IG account to load it, chart it, or run this strategy on it. Simply search ""DAX"" / Germany 40 Cash (IG) in the symbol search. The strateg"
https://www.tradingview.com/script/7izzY8W2-Nasdaq100-Adaptive-Momentum/,Nasdaq100 Adaptive Momentum,7izzY8W2-Nasdaq100-Adaptive-Momentum,PUB;75ea7475e5a542b281cf31b1527daafa,ManuBokar,strategy,2,1,0,0,1,2026-07-21T22:09:58+00:00,3,"Nasdaq 100 Adaptive Momentum — Regime-Aware Intraday Strategy (full automation script available)  ❗ Important — Read Before Anything Else  **1. This strategy is designed and calibrated exclusively for one specific instrument: ticker `NASDAQ` — ""US Tech 100 Cash"" from IG Markets.** This ticker is publicly available on TradingView to *all* users — you do **not** need an IG account to load it, chart it, or run this strategy on it. Simply search ""NASDAQ"" / US Tech 100 Cash (IG) in the symbol search."
https://www.tradingview.com/script/Ka60tni4-Volume-Spike-Breakout-Trend-Score-Pro-Directional-Volume/,Volume Spike + Breakout Trend Score Pro + Directional Volume,Ka60tni4-Volume-Spike-Breakout-Trend-Score-Pro-Directional-Volume,PUB;e8dac8592d5f45bdb01232fdd5ac652a,shravanreddy0808,strategy,1,1,36,0,0,2026-07-21T16:22:22+00:00,3,"updated script  Use the candle direction plus relative volume vs a moving average. That gives you three states: any spike, upside spike, and downside spike.  "
https://www.tradingview.com/script/j1gBvZj8-MadCharts-Baseline-Strategy/,MadCharts Baseline Strategy,j1gBvZj8-MadCharts-Baseline-Strategy,PUB;6ffd3e957c614b3c8fb8c529dfbc9e47,ChunkeeTrading,strategy,2,1,59,0,0,2026-07-21T12:06:37+00:00,3,The MadCharts Baseline Strategy is a structured trading method designed to help identify when to enter a trade after market direction has already been established.    It is primarily used on 15-minute and 30-minute charts. The strategy does not decide whether the market should be bought or sold. That decision comes first from the trader’s broader market analysis. The Baseline then provides the timing   framework.    The central idea     The Baseline is the area between the 50-period exponential 
https://www.tradingview.com/script/zqKp0BOB-Improved-Options-Confluence-RSI-Filter-Backtest-Strategy/,Improved Options Confluence RSI Filter  Backtest Strategy,zqKp0BOB-Improved-Options-Confluence-RSI-Filter-Backtest-Strategy,PUB;28e1882e39e349a19db4b79b87a40e98,nitinarora2004,strategy,1,1,6,0,0,2026-07-21T11:12:18+00:00,3,"Best Settings  EMA -9 Chandlier Exit -10 Multiplier -3 Bos look back 1 For call entries RSI must be above -47 For put entries RSI must be below - 35 RSI Mid zone low 35 RSI Mid Zone High 47  Options Confluence + RSI Filter — Backtest Strategy A multi-factor confluence strategy designed for intraday options trading (CALL/PUT), combining trend, momentum, and volatility-exhaustion filters to reduce false signals during sideways/choppy price action. Core Logic The strategy only enters a trade when a"
https://www.tradingview.com/script/NrY0XHKY-Nifty-Option-Selling-Strategies/,Nifty Option Selling Strategies ,NrY0XHKY-Nifty-Option-Selling-Strategies,PUB;408448f95b964412867d2c1fef02fdd4,AlgoTrader_Bng,strategy,2,1,6,0,0,2026-07-21T11:10:12+00:00,3,"Nifty Option Selling Strategies | Combined Tables + Backtesting - SL/Target + 14:45 Close  Maximum 2 entries only per trading day. Entry 1 = Primary / Opening strategies (G-ONE, RA-ONE, Superman, Spider). Entry 2 = Only the Recovery / SL-Adjustment strategies (allowed only after primary SL is hit). After 14:45 IST → no new signals, all messages forced to “CLOSED at 14:45”. Side table + labels now show entry count (1/2 or 2/2) and whether it is Primary or Recovery.  Best for: Nifty Spot 5-minute "
https://www.tradingview.com/script/nuqudgYf/,Bot Auto Trading Test Strategy,nuqudgYf,PUB;6ee8a76e3aee467c91219ecb823acd06,AMD_Trader_Macu,strategy,1,1,17,0,0,2026-07-21T10:15:38+00:00,3,# Bot Auto Trading Test Strategy  ## 🇹🇼 繁體中文  ### 用途  本策略**僅供測試交易機器人（Bot）是否能正常接收 TradingView 訊號並執行下單流程**，**不適合作為任何實際交易策略**。  此策略的目的不是追求獲利，而是驗證整個自動交易流程是否正常運作，包括：  * TradingView Strategy 是否正常產生交易訊號 * TradingView Alert 是否成功發送 Webhook * Bot 是否正確接收訊號 * 交易所 API 是否成功建立訂單 * Bot 是否能正常執行平倉流程  ### 策略邏輯  策略非常簡單，方便快速驗證 Bot：  1. 每根 K 棒收盤時建立一筆多單。 2. 下一根 K 棒收盤時立即全部平倉。 3. 重複上述流程，不斷產生開倉與平倉訊號。  此設計可以在短時間內產生大量交易事件，方便測試：  * 開倉訊號 * 平倉訊號 * Webhook 穩定性 * API 執行狀況 * Bot 是否有漏單、重複下單或延遲等問題  ### 注意事項  * 本策略**不具任何交易優勢**。 * 不
https://www.tradingview.com/script/gQqA9Mvw/,LSD-MR v2 [crypto1H],gQqA9Mvw,PUB;81d65c7a2f034c5a8030a787bf3c4304,lkg777111,strategy,2,1,8,0,0,2026-07-21T07:32:08+00:00,3,运行在 1H 线上的合约交易策略 重绘是因为浅色带引用了 4h 跨周期数据当背景色带，不参与信号计算，可忽略
https://www.tradingview.com/script/NhVScnxs-Goongy-s-Hourly-Range-Reversal-Strategy/,Goongy's Hourly Range Reversal Strategy ,NhVScnxs-Goongy-s-Hourly-Range-Reversal-Strategy,PUB;33ddc1cfd86e412ea24d52e64ad49f38,Nq_Goongy,strategy,2,4,2,0,0,2026-07-21T06:14:59+00:00,3,hourly model using key price dynamic price levels to anticipate short term retracements 
https://www.tradingview.com/script/xRKZpEz6-Metanoia-ORB-50K-Eval-Edition/,Metanoia ORB - 50K Eval Edition,xRKZpEz6-Metanoia-ORB-50K-Eval-Edition,PUB;6075c7870a45494a8ddf1a53fc4fdb6e,MetanoiaTrades,strategy,3,5,0,0,0,2026-07-21T05:13:03+00:00,3,"An opening-range breakout system for index futures, built specifically for automated intraday execution.  HOW IT WORKS It builds the 30-minute opening range (09:30-10:00 ET). Once the range is set it arms OCA-paired stop entries one tick beyond each extreme and takes whichever side breaks first, filtered by the daily trend: longs only when the prior daily close is above the daily EMA, shorts only when below. The stop is placed at the far side of the opening range, capped at 1.5x ATR. The target "
https://www.tradingview.com/script/1RjzNbgL-GOLD-4-RIVERS-CGPT-1/,GOLD 4 RIVERS CGPT 1,1RjzNbgL-GOLD-4-RIVERS-CGPT-1,PUB;b2f14f140e484df9bef9e696f8d78b70,SUPREMACYTRADING,strategy,2,1,4,0,0,2026-07-21T01:40:33+00:00,3,This strategy uses multiple  moving averages to determine trend the other moving averages to enter trades
https://www.tradingview.com/script/6yKWuJic-FVG-trend-sell-and-buy-signals/,FVG /trend/sell and buy signals,6yKWuJic-FVG-trend-sell-and-buy-signals,PUB;c4dd28f8720845a7a2e8d0b3639b0da8,nishadkrishnan82,strategy,1,1,12,0,0,2026-07-21T01:36:03+00:00,3," Trend & Value: EMA 9 must be above EMA 20 for longs (and below for shorts), while price interacts with the VWAP as an intraday anchor. Fair Value Gap (FVG): A 3-candle pattern where a market imbalance leaves an unfilled ""gap"" between Candle 1's wick and Candle 3's wick. Institutional Entry (Order Block/Mitigation): Institutions buy or sell with massive volume. This script defines an institutional entry when price mitigates (taps into) a fresh FVG on above-average volume, signaling that big play"
https://www.tradingview.com/script/ngKdD9SP-FVG-Buy-sell-volume-vwap/,FVG.Buy/sell/volume/vwap,ngKdD9SP-FVG-Buy-sell-volume-vwap,PUB;30d740981a1447aeb6b18547c4475a95,nishadkrishnan82,strategy,1,1,20,0,0,2026-07-21T01:28:18+00:00,3," Trend & Value: EMA 9 must be above EMA 20 for longs (and below for shorts), while price interacts with the VWAP as an intraday anchor. Fair Value Gap (FVG): A 3-candle pattern where a market imbalance leaves an unfilled ""gap"" between Candle 1's wick and Candle 3's wick. Institutional Entry (Order Block/Mitigation): Institutions buy or sell with massive volume. This script defines an institutional entry when price mitigates (taps into) a fresh FVG on above-average volume, signaling that big play"
https://www.tradingview.com/script/VFzCk3HX-TASC-2026-08-An-Ag-Selling-Model/,TASC 2026.08 An Ag Selling Model,VFzCk3HX-TASC-2026-08-An-Ag-Selling-Model,PUB;270bed499bf1478bb90dfcc10de129d3,PineCodersTASC,strategy,1,1,25,0,0,2026-07-21T01:16:10+00:00,3,"█ OVERVIEW   This strategy implements the ""Ag Selling Model"" as presented by Perry J. Kaufman in the  August 2026 edition of the TASC Traders' Tips  ""Identifying The Best Price Levels For Selling Commodity Futures"". The article describes a long-hold selling strategy for agricultural commodity futures based around the seasonal harvest timing of crops, mainly US grains traded on the CBOT and KCBOT, both which have been acquired by CME.   █ CONCEPTS   This model was originally presented in 1978 by "
https://www.tradingview.com/script/52gPeRFi-PV-EDGE-Pivot-Futures-Exhaustion-Reversal/,PV EDGE Pivot Futures - Exhaustion Reversal,52gPeRFi-PV-EDGE-Pivot-Futures-Exhaustion-Reversal,PUB;2f83407100bd4c5cb5bf2f98bb1695ac,PuraVidaEdge,strategy,3,1,0,0,0,2026-07-21T00:43:33+00:00,3,"OVERVIEW PV EDGE Pivot Futures is a systematic mean-reversion strategy for Micro Gold futures (MGC). It looks for price exhaustion at swing extremes - points where a move has overextended and is statistically likely to snap back - and positions for the reversion. Every entry, exit and position size is rule-based and hardcoded; the strategy manages trades on its own, with no discretionary input.  CONCEPT Rather than chasing momentum, Pivot waits for evidence that a level is being rejected. Entry "
https://www.tradingview.com/script/aSWM97tq-PV-EDGE-Pivot-Forex-Exhaustion-Reversal/,PV EDGE Pivot Forex - Exhaustion Reversal,aSWM97tq-PV-EDGE-Pivot-Forex-Exhaustion-Reversal,PUB;ed85ef0a61c141a49912f81b429472a3,PuraVidaEdge,strategy,3,1,1,0,0,2026-07-21T00:36:07+00:00,3,"OVERVIEW PV EDGE Pivot Forex is a systematic mean-reversion strategy for XAUUSD (spot gold). It looks for price exhaustion at swing extremes - points where a move has overextended and is statistically likely to snap back - and positions for the reversion. Every entry, exit and position size is rule-based and hardcoded; the strategy manages trades on its own, with no discretionary input.  CONCEPT Rather than chasing momentum, Pivot waits for evidence that a level is being rejected. Entry candidat"
https://www.tradingview.com/script/G2gLjuYb-ES-ST-Rider-2ct-ATR-Trail-1-5x/,ES ST Rider 2ct ATR-Trail 1.5x,G2gLjuYb-ES-ST-Rider-2ct-ATR-Trail-1-5x,PUB;97b024c7b7d54304bbd43edaa4e81d98,AutomatedTrader101,strategy,1,1,4,0,0,2026-07-21T00:19:32+00:00,3,"An ES trend-following strategy using momentum and higher-timeframe confirmation, with built-in risk controls, trailing exits, and daily trade limits.  For educational purposes only. Just trying to test out concepts  "
https://www.tradingview.com/script/IqHoncNJ-MES-RTH-30min/,MES RTH (30min) ,IqHoncNJ-MES-RTH-30min,PUB;851e5270038b4860a325ebff6588188a,AutomatedTrader101,strategy,2,1,1,0,0,2026-07-21T00:04:24+00:00,3,"A session-based MES Renko strategy designed to capture directional moves during regular trading hours. Includes built-in risk management, trade cooldowns, automated exits, and alert support.  For educational and research purposes only. "
https://www.tradingview.com/script/EyXMiDqC-DOUBLE-SUPERTREND-PYRAMID-STRATEGY/,DOUBLE SUPERTREND PYRAMID STRATEGY,EyXMiDqC-DOUBLE-SUPERTREND-PYRAMID-STRATEGY,PUB;3eac453ab44d4915be8c7c7684b9bb37,BLIMI,strategy,1,1,8,0,0,2026-07-20T20:50:34+00:00,3,"Double Supertrend Pyramid Strategy   This strategy trades off two Supertrend indicators calculated on independent, user-selected timeframes (defaults: 1-minute and 2-minute). A trade is only taken when both Supertrends agree on direction — when they align upward, the strategy goes long; when they align downward, it goes short. Each new alignment is treated as a new ""plotted course,"" and the strategy tracks that course's direction so it doesn't re-enter on every bar, only on an actual flip. Core "
https://www.tradingview.com/script/k9nauxnv-TIS-BTC-ESTRATEGIA-Momentum-Confluencia/,TIS - BTC ESTRATEGIA Momentum + Confluencia,k9nauxnv-TIS-BTC-ESTRATEGIA-Momentum-Confluencia,PUB;5f3bac58d2374c2a85e651410d377b03,mariellangsaez,strategy,1,1,79,0,0,2026-07-20T20:08:15+00:00,3,"¿Que hace este sistema?  Compra la fuerza a favor de la tendencia; pero solo cuando el diario confirma  La mayoría de los sistemas de momentum fallan por lo mismo: entran en cada impulso que ven. Este no. Opera en 4 horas, pero exige que el gráfico diario tenga momentum al mismo tiempo. Si las dos escalas no coinciden, no hay trade.  Ese único filtro es lo que separa este sistema de un generador de señales cualquiera. En la investigación, exigir la confluencia llevó el Recovery Factor fuera de m"
https://www.tradingview.com/script/647gBtMh-No-Wick-Strategy/,No Wick Strategy ,647gBtMh-No-Wick-Strategy,PUB;6fb14e32b5e0474b94f922ad45ab54fd,AstonGill,strategy,2,1,44,0,0,2026-07-20T19:27:26+00:00,3,"The No Wick Strategy is a fully mechanical, trend-following strategy designed to identify strong momentum candles and enter when price retraces to the origin of that candle.  The strategy was designed primarily for the 1-minute chart, but it can be used and backtested on any timeframe or market.  How the strategy works  The strategy first determines whether the market is in an uptrend or downtrend using the selected trend filter.  It then looks for a candle with a literal zero wick:  Bullish no-"
https://www.tradingview.com/script/KEQG7IVX/,Crypto v003.1 Donchian EMA ATR Scale In,KEQG7IVX,PUB;78300040751941c797e9e076f2c6dd46,sieh5748,strategy,3,1,0,0,0,2026-07-20T19:07:18+00:00,4,自用
https://www.tradingview.com/script/5P8E2RuX-SRB-Strategy-hashem-Trader/,SRB Strategy [hashem Trader],5P8E2RuX-SRB-Strategy-hashem-Trader,PUB;99de27ce4ea84f4db309499b7f288857,hashem-trader,strategy,2,1,11,0,0,2026-07-20T16:49:14+00:00,4,"# Session Range Breakout Strategy - Documentation  ## 📊 Strategy Overview  This strategy trades based on **Session Range Breakout**. During a user-defined time window (e.g., 22:00-00:00), the highest and lowest prices are recorded. Once the session ends, the range freezes and trades are executed based on breakouts of this range.  ---  ## 🎯 Key Features  ✅ **Visual Box**: Green box displayed on all trading days showing the session range   ✅ **Independent Timezone**: Choose any timezone (UTC, New "
https://www.tradingview.com/script/9tTgt2Rs/,Strategie 15m,9tTgt2Rs,PUB;c965ecef3a6d414fa5e3ec012ae5dad3,muscleup86,strategy,2,1,3,0,0,2026-07-20T14:12:18+00:00,4,Strategie 15m MNQ1 Strategiebericht Vorhanden Breakout 15 min chart
https://www.tradingview.com/script/jlTA00sM-FVG-Fill-Reversal-with-Trend-and-Risk-Filters/,FVG Fill Reversal with Trend and Risk Filters,jlTA00sM-FVG-Fill-Reversal-with-Trend-and-Risk-Filters,PUB;dfeb543bf0fe494ea01eac71af19e672,QuantByBoji,strategy,2,1,1,0,0,2026-07-20T14:03:56+00:00,4,"This strategy identifies Fair Value Gaps, or FVGs, on the 15-minute timeframe and looks for reversal opportunities when price later fills those gaps.  The main idea is:  A bullish FVG is created after a strong upward price movement. When price returns and fills the bullish gap, the strategy may look for a short reversal. A bearish FVG is created after a strong downward price movement. When price returns and fills the bearish gap, the strategy may look for a long reversal.  To reduce low-quality "
https://www.tradingview.com/script/Q0JLMafQ-Anchored-VWAP-Trading-System-Dashboard/,Anchored VWAP Trading System & Dashboard,Q0JLMafQ-Anchored-VWAP-Trading-System-Dashboard,PUB;f8c305844fea4f94ac93e599a10c5982,julioperez75955,strategy,2,1,5,0,0,2026-07-20T13:13:57+00:00,4,"This is an intraday trend-following strategy built around the **Anchored VWAP** (anchored to the New York market open). It is designed to capture ""pullback and continuation"" trades by combining the VWAP with the **Opening Range (OR)**.   It is fully automated for backtesting and features a built-in dashboard that monitors the VWAP trend of multiple assets at once.  ### Core Mechanics (How it takes trades) For a **Short** trade to trigger, the following sequence must happen (the inverse applies f"
https://www.tradingview.com/script/tDAQfHmS-SOL-RSI-DCA-Strategy-3Commas-QuantPilot/,SOL RSI DCA Strategy [3Commas & QuantPilot],tDAQfHmS-SOL-RSI-DCA-Strategy-3Commas-QuantPilot,PUB;c26911063ec74b62ad2621c382e91c76,3Commas,strategy,1,1,13,0,0,2026-07-20T12:42:28+00:00,4,"SOL RSI DCA Strategy    🔷 What it does: This is a long-only DCA (Dollar-Cost Averaging) strategy for SOL / USDT that opens a position only in oversold conditions and then averages down on a fixed safety-order ladder. A base order fires when 4h RSI(14) drops below the entry threshold; if price keeps falling, five averaging orders add to the position at fixed deviations from the base entry, each larger than the last. The full position is closed at a fixed take-profit above the blended average entr"
https://www.tradingview.com/script/AxYhunmn-FVG-sell-buy/,FVG+sell+buy,AxYhunmn-FVG-sell-buy,PUB;71f4f6a0ede841aeb6fc702dae164a56,nishadkrishnan82,strategy,1,1,18,0,0,2026-07-20T11:48:15+00:00,4," Trend & Value: EMA 9 must be above EMA 20 for longs (and below for shorts), while price interacts with the VWAP as an intraday anchor. Fair Value Gap (FVG): A 3-candle pattern where a market imbalance leaves an unfilled ""gap"" between Candle 1's wick and Candle 3's wick. Institutional Entry (Order Block/Mitigation): Institutions buy or sell with massive volume. This script defines an institutional entry when price mitigates (taps into) a fresh FVG on above-average volume, signaling that big play"
https://www.tradingview.com/script/YnLk5B6z-VWAP-Mean-Reversion-Strategy-with-Session-and-Volume-Filter/,VWAP Mean Reversion Strategy with Session and Volume Filter,YnLk5B6z-VWAP-Mean-Reversion-Strategy-with-Session-and-Volume-Filter,PUB;802f24f63b5043f59be0269c02b58b9f,AIScripts,strategy,1,1,12,0,0,2026-07-20T11:47:55+00:00,4,"Description:   Volume Weighted Average Price, is one of the most referenced levels on any intraday chart. It appears on almost every institutional trading desk as a benchmark for execution quality: did you buy below VWAP or above it? Did you sell above it or below it? That institutional significance is what makes it useful as a trading level, not because it is a magical support and resistance line, but because enough participants are watching it and acting around it that it creates real, observa"
https://www.tradingview.com/script/DTZv6GgJ/,"DNSE VN301!, Donchian Break Out Strategy",DTZv6GgJ,PUB;d91cd5a9a2174d10af22573ba8d8e7a0,DNSE,strategy,1,1,2,0,0,2026-07-20T09:57:15+00:00,4,"""Donchian Channel Breakout with SMA Trend Filter"" is a trend-following breakout strategy designed to capture sustained price movements while filtering out low-probability signals. The Donchian Channel identifies breakouts by tracking the highest high and lowest low over a specified lookback period, generating potential entry signals when price closes outside the recent trading range. Because breakouts during sideways or low-volatility markets often fail, the strategy incorporates a Simple Moving"
https://www.tradingview.com/script/mt0b4pTu/,Strategia Bystrego - Swing Break + FVG + EMA 200 + Entry Alerts,mt0b4pTu,PUB;0e3694747a354920bb301927e09e1bec,Bystry1991,strategy,1,3,43,0,0,2026-07-20T07:27:48+00:00,4,"BYSTRY STRATEGY — SWING BREAKOUT, FAIR VALUE GAP AND EMA 200 FILTER  Overview  This strategy is designed specifically for the 2-minute chart and is intended for short-term trading on Nasdaq and Gold.  The system combines:  • Confirmed Swing High and Swing Low levels • Break of Structure confirmation • The first Fair Value Gap formed after the breakout • A 50% Fair Value Gap retracement entry • EMA 200 trend confirmation • Previous Day, Previous Week and Asian Session liquidity filters • Fixed Ta"
https://www.tradingview.com/script/7mcvYR5j-Xiznit-Super-Scalper/,Xiznit Super Scalper,7mcvYR5j-Xiznit-Super-Scalper,PUB;649f89d6722c417dbecb19f6f0f31d09,Xiznit,strategy,3,2,9,0,0,2026-07-20T02:13:14+00:00,4,"Xiznit Super Scalper  is an intraday futures strategy engineered around one principle: consistency through asymmetric trade management. Instead of chasing home runs, it takes frequent, high-probability profits while giving every position a structured, volatility-adjusted risk envelope — the approach behind sustainably high win-rate systems.  At its core is the proprietary Xiznit Confluence Score, a 5-point alignment engine that reads trend, regime, momentum, market structure, and chop conditions"
https://www.tradingview.com/script/zFKwK3aw-Sina-TSI-KST-v5-2/,Sina TSI+KST v5.2,zFKwK3aw-Sina-TSI-KST-v5-2,PUB;2b9c40bf73b7429fa6371234139b5aa8,sinakeshawarz,strategy,2,1,1,0,0,2026-07-19T16:17:51+00:00,4,Mixture of different reversal strategies. It also tuned!
https://www.tradingview.com/script/OOm1UHMo-Sina-KST/,Sina KST,OOm1UHMo-Sina-KST,PUB;36525cde433e4844baa4619fbd8794db,sinakeshawarz,strategy,2,1,1,0,0,2026-07-19T14:35:40+00:00,4,It is for reversal trading while the settings are modified.
https://www.tradingview.com/script/WYq3bJ7A-PV-EDGE-Open-Forex-Opening-Range-Breakout/,PV EDGE Open Forex - Opening Range Breakout,WYq3bJ7A-PV-EDGE-Open-Forex-Opening-Range-Breakout,PUB;abbbbd192048431d9f0e0a3ab5e50136,PuraVidaEdge,strategy,3,1,0,0,0,2026-07-19T13:10:18+00:00,4,"OVERVIEW PV EDGE Open Forex is a systematic opening-range breakout strategy for NAS100 and XAUUSD (spot gold). It defines a reference range during a session's opening window, trades a confirmed break of that range in the direction of the move, and manages every position to exits fixed at entry. Every entry, exit and position size is rule-based and hardcoded; the strategy manages trades on its own, with no discretionary input.  CONCEPT The opening period of a session tends to establish an initial"
https://www.tradingview.com/script/wJ9S0JIm-PV-EDGE-Trace-Forex-Pullback-Continuation/,PV EDGE Trace Forex - Pullback Continuation,wJ9S0JIm-PV-EDGE-Trace-Forex-Pullback-Continuation,PUB;69ea5b66fe68463aa87a5736f2307be8,PuraVidaEdge,strategy,3,1,0,0,0,2026-07-19T12:47:05+00:00,4,"OVERVIEW PV EDGE Trace Forex is a systematic pullback-continuation strategy for NAS100 and XAUUSD (spot gold). It identifies an established directional move, waits for price to pull back against it, and enters when the pullback resolves in the direction of the original move, managing every position to a fixed stop-loss and take-profit defined at entry. Every entry, exit and position size is rule-based and hardcoded; the strategy manages trades on its own, with no discretionary input.  CONCEPT Di"
https://www.tradingview.com/script/zrDoqm9F-Webhook-Alert-Strategy-Template/,Webhook Alert Strategy Template,zrDoqm9F-Webhook-Alert-Strategy-Template,PUB;0a61832175414858b80f2cc1401eda05,trade-wzrd,strategy,1,1,10,0,0,2026-07-19T10:17:33+00:00,4,"Educational strategy shell that builds webhook-ready alert messages from strategy order fills.  Why this exists Most traders can write an entry condition. The hard part is packaging a clean, risk-defined exit and a stable alert string that an external webhook receiver can parse. This template is a starting shell for that workflow.  What it does - Demo entry: MA crossover (EMA/SMA/WMA/RMA selectable). Replace this with your own logic. - Risk exits: ATR-based stop distance (or fixed pip distance),"
https://www.tradingview.com/script/lKVAQ5zo/,BTC RegimeFlow Pro v3.0,lKVAQ5zo,PUB;99f9c87981b347a1993d94057dcb4136,RegimeFlowLab,strategy,3,3,1,0,0,2026-07-19T09:14:31+00:00,4,"BTC RegimeFlow Pro v3.0    A systematic BTC 15-minute strategy developed and evaluated specifically for BITGET:BTCUSDT.P using standard candlesticks.  RegimeFlow Pro combines market-regime detection, multi-horizon momentum, volatility and volume analysis, directional strength, dynamic exposure adjustment, staged profit expansion, and risk-aware position management.  The strategy is designed for users who want a structured BTC perpetual-futures research and backtesting framework rather than a sin"
https://www.tradingview.com/script/VNR6laUg/,BTC RegimeFlow Advanced v1.4 ,VNR6laUg,PUB;f66e343e41634747aedeadad1273f432,RegimeFlowLab,strategy,2,2,3,0,0,2026-07-19T08:27:46+00:00,4,"RegimeFlow Advanced v1.4  A BTC 15-minute trend, momentum, volatility, and volume strategy designed specifically for BITGET:BTCUSDT.P.  RegimeFlow Advanced analyzes multiple market conditions before opening a position. Instead of relying on a single RSI or moving-average signal, it combines trend direction, momentum recovery, ADX strength, DI direction, ATR volatility, volume ranking, and dynamic exposure control.  This free public version includes selected elements of the RegimeFlow framework, "
https://www.tradingview.com/script/qDErvMpW-Indicie-Scalper-5M/,Indicie Scalper 5M ,qDErvMpW-Indicie-Scalper-5M,PUB;cad658c912494c5c88c1d86b5017bad2,Justin86AK,strategy,1,1,67,0,0,2026-07-19T07:40:50+00:00,4,"This one of a kind Strategy scalps the 5 minute chart like a pro. It waits until multiple parameters are aligned before entering any position, so expect 1 or 2 high quality trades a day. This indicator was made for SPX500 , Nas100 & US30.  I also used a special Risk to reward percentage to ensure any winrate above 28% is profitable."
https://www.tradingview.com/script/Ksl4yPNH-Fair-Price-Reversion-Session-Open-Mean-Reversion-NQ/,Fair Price Reversion - Session-Open Mean Reversion (NQ),Ksl4yPNH-Fair-Price-Reversion-Session-Open-Mean-Reversion-NQ,PUB;1297630609a44ba2adf41f2ae12b91be,joetroyer,strategy,2,2,5,0,0,2026-07-18T22:31:51+00:00,4,"HOW TO USE  - Symbol: CME_MINI:NQ1! - Chart timeframe: 1 minute - Session-open fair-value reversion (optional continuation): New York AM, New York PM, London and the futures reopen sessions; Asia is OFF by default - Entries only in the first 120 minutes of each session by default - Bracket: 25pt stop / 38pt target (1.52R) by default - Defaults are pre-tuned: add it to the chart and go, no settings changes needed - Friction is modeled realistically: $7/contract/side commission + 2 ticks slippage "
https://www.tradingview.com/script/Z5y0ybw1-Opening-Drive-Continuation-NQ/,Opening Drive Continuation (NQ),Z5y0ybw1-Opening-Drive-Continuation-NQ,PUB;88828a68c4e941599e2e9aed6e1d1607,joetroyer,strategy,2,2,2,0,0,2026-07-18T22:22:36+00:00,4,"HOW TO USE  - Symbol: CME_MINI:NQ1! (MNQ1! also works - scale the Contracts input accordingly) - Chart timeframe: 1 minute - Trades the first opening drive after the Asia (20:00 ET), New York AM (09:30 ET) and New York PM (14:00 ET) session opens; London and the futures reopen are OFF by default - Bracket: 25pt stop / 38pt target by default; alternates selectable - Defaults are pre-tuned: add it to the chart and go, no settings changes needed - Friction is modeled realistically: $7/contract/side"
https://www.tradingview.com/script/R3JrEIKY-Opening-Range-Breakout-Winning-Day-ORB-NQ-MNQ-ES-YM/,Opening Range Breakout - Winning-Day ORB (NQ/MNQ/ES/YM),R3JrEIKY-Opening-Range-Breakout-Winning-Day-ORB-NQ-MNQ-ES-YM,PUB;b106247eb4214feb87f9d3bc4bb95324,joetroyer,strategy,2,2,6,0,0,2026-07-18T22:16:17+00:00,5,"HOW TO USE  - Symbols: CME_MINI:NQ1!, MNQ1!, ES1!, YM1! (US index futures) - Chart timeframe: 15 minutes - Opening range: 09:30-10:00 ET; entries only 10:00-15:00 ET; force-flat 16:00 ET - Defaults are pre-tuned: add it to the chart and go, no settings changes needed - Friction is modeled realistically: $2.50/contract/side commission + 1 tick slippage  WHAT IT DOES  This strategy trades the classic opening range breakout on US index futures. It builds the opening range from the 09:30-10:00 ET se"
https://www.tradingview.com/script/duIfVu76-SPX-focused-EMA-9-20-VWAP-Trend-v2/,SPX focused EMA 9/20 + VWAP Trend v2 ,duIfVu76-SPX-focused-EMA-9-20-VWAP-Trend-v2,PUB;305904ccc41f4803bb3a464ffe6d0d68,weis23,strategy,3,1,1,0,0,2026-07-18T18:16:37+00:00,5,"SPX-focused EMA 9/20 + VWAP Trend v2 — morning trend-pullback strategy An intraday trend-continuation system for S&P 500 index instruments (SPX, SPY, ES) on the 5-minute chart. It trades the morning session only, takes at most two trades a day, and is flat by 15:55 ET — designed as a directional signal engine for 0DTE options traders who want defined, mechanical entries rather than all-day exposure. The logic, in order:  Trend qualification — EMA 9 and EMA 20 must be stacked in one direction wit"
https://www.tradingview.com/script/OLsTxPqw-Forex-Smart-Trend-Strategy/,Forex Smart Trend Strategy,OLsTxPqw-Forex-Smart-Trend-Strategy,PUB;71f845ed9eac4cdb9a4bebbb552a4ce8,mohan278trade,strategy,1,1,6,0,0,2026-07-18T16:39:07+00:00,5,"Forex Smart Trend Strategy | Pair    | Timeframe | EMA    | ADX | Supertrend       | | ------- | --------- | ------ | --- | ---------------- | | EUR/USD | 5m        | 50/200 | 25  | ATR 10, Factor 3 | | GBP/USD | 5m        | 50/200 | 25  | ATR 10, Factor 3 | | XAU/USD | 15m       | 50/200 | 25  | ATR 10, Factor 4 | "
https://www.tradingview.com/script/lMT9zQDM-PV-EDGE-GAP-Forex-Weekly-Gap-Fade/,PV EDGE GAP Forex - Weekly Gap Fade,lMT9zQDM-PV-EDGE-GAP-Forex-Weekly-Gap-Fade,PUB;c44f99a9b8de46999e69d08c19586658,PuraVidaEdge,strategy,3,1,2,0,0,2026-07-18T15:42:09+00:00,5,"OVERVIEW PV EDGE GAP Forex is a systematic, event-driven strategy for NAS100 and XAUUSD (spot gold), built around a single recurring event: the weekly opening gap - the price dislocation between Friday's close and the new week's open. When a gap is large enough to matter relative to current volatility, the strategy fades it - positioning for the move back toward Friday's close, which is how significant weekend gaps most often resolve. Insignificant gaps are ignored entirely. Every entry, exit an"
https://www.tradingview.com/script/uPbamrsl-PV-EDGE-GAP-Futures-Weekly-Gap-Fade/,PV EDGE GAP Futures - Weekly Gap Fade,uPbamrsl-PV-EDGE-GAP-Futures-Weekly-Gap-Fade,PUB;a4fc908dcdf74f658eb9f1cf754b2845,PuraVidaEdge,strategy,3,1,0,0,0,2026-07-18T15:35:41+00:00,5,"OVERVIEW PV EDGE GAP Futures is a systematic, event-driven strategy for Micro E-mini Nasdaq-100 (MNQ) and Micro Gold (MGC) futures, built around a single recurring event: the weekly opening gap - the price dislocation between Friday's close and the new week's open. When a gap is large enough to matter relative to current volatility, the strategy fades it - positioning for the move back toward Friday's close, which is how significant weekend gaps most often resolve. Insignificant gaps are ignored"
https://www.tradingview.com/script/o4c9FBSG-Options-ConfluenceBacktest-Strategy/,Options ConfluenceBacktest Strategy,o4c9FBSG-Options-ConfluenceBacktest-Strategy,PUB;5db7df88f90349c5a2d309ec40af1edd,nitinarora2004,strategy,1,1,82,0,0,2026-07-18T13:42:27+00:00,5,". EMA (13-period) — Trend Direction Filter The Exponential Moving Average weights recent price more heavily than older price, so it reacts faster to changes than a simple moving average. Here it's used as a basic trend filter: price above EMA = bullish bias, price below = bearish bias. It's the ""which side of the market am I even allowed to trade"" gate. 2. VWAP — Institutional Fair Value Reference Volume-Weighted Average Price is the average price weighted by volume traded at each price level, r"
https://www.tradingview.com/script/7gcvFvlg-Fractal-Memory-Strategy-Jayadev-Rana/,Fractal Memory Strategy [Jayadev Rana],7gcvFvlg-Fractal-Memory-Strategy-Jayadev-Rana,PUB;fa59590d49934a019c0979b90c65084d,bluealgocapital,strategy,1,1,10,0,1,2026-07-18T11:36:32+00:00,5,"Fractal Memory Strategy trades the same engine as the Fractal Memory Projection indicator: it looks for the historical episode most similar to current price action, and only takes trend flips that agree with how that episode played out. Exits scale out at three volatility-adaptive targets.  HOW IT DECIDES An ATR trailing stop tracks the trend. When it flips, the last 30 closes are converted to normalized log returns and compared against past windows by mean squared distance. The bars that follow"
https://www.tradingview.com/script/BnpDOCji/,FractalFlow,BnpDOCji,PUB;d3b539bf106b4eba8c90b4e071bd19a7,cuandrew,strategy,2,1,3,0,0,2026-07-18T08:34:57+00:00,5,FractalFlow 21/50 2R Breakout Strategy  EMA DIRECTION FILTER  Both EMA periods are fully adjustable. By default the strategy uses EMA 21 and EMA 50.  The EMAs are used only to determine the permitted short term market direction. They are not standalone entry signals and are not intended to define a long term trend. An EMA crossover alone does not trigger a trade.  When both EMAs are clearly aligned and begin to separate this indicates directional market behavior. When they repeatedly cross or we
https://www.tradingview.com/script/kLTOtsj6-ARDI-Matrix-Strategy-Beta/,ARDI Matrix Strategy [Beta],kLTOtsj6-ARDI-Matrix-Strategy-Beta,PUB;5ae86fe1f089409caaf269540f8a5579,ZEST_ARDI,strategy,2,1,4,0,4,2026-07-18T01:08:31+00:00,5,"Welcome to the  ARDI Matrix Strategy , a highly selective, low-frequency trading system engineered to capture high-precision market reversals through scalping with controlled capital allocation.  This strategy is published under a  Public-Protected  status to transparently demonstrate the behavior and performance of the proprietary ARDI Matrix indicator while preserving its protected source code.    Core Design & Technical Specifications  The ARDI Matrix system is built on premium execution,  hi"
https://www.tradingview.com/script/CoZbkM8z/,ETH USDT.P ,CoZbkM8z,PUB;0baaf25975d24bbab8dbefee0f11dad1,w919339492,strategy,3,6,1,0,10,2026-07-18T00:35:44+00:00,5,"This strategy achieved a 14-fold return in a short period; it is a combination of ""high win rate + quick profit-taking + extremely strict stop-loss,"" with trading fees accounting for 20% of gross profit. It is a ""user-friendly, ultra-simple trend strategy"" that generated returns through an 80% win rate: it avoids betting on massive one-sided moves or using aggressive leverage. Instead, it uses rules to break down ETH’s choppy downtrend into hundreds of small, incremental gains—ultimately outperf"
https://www.tradingview.com/script/KFihImt0-SMART-BUY-SELL-BY-KISHOR/,SMART BUY SELL BY KISHOR,KFihImt0-SMART-BUY-SELL-BY-KISHOR,PUB;95183371b1e94ff185f2334b501daabc,subhivarsha,strategy,2,1,11,0,0,2026-07-17T16:05:09+00:00,5,"Overview   EMA RSI Trend Indicator is a momentum and trend-following indicator that combines the strength of Exponential Moving Averages (EMA) with the momentum confirmation of the Relative Strength Index (RSI). It is designed to help traders identify high-probability trend entries while filtering out weaker signals.  The indicator works across multiple markets, including stocks, forex, crypto, and commodities, and can be used on various timeframes.    Risk Management   This indicator provides t"
https://www.tradingview.com/script/rdxG8EPD-AlphaPulseAI-Trade-Smart-Trade-Informed/,AlphaPulseAI - Trade Smart.Trade Informed,rdxG8EPD-AlphaPulseAI-Trade-Smart-Trade-Informed,PUB;13deea8775c44edcbe2462c71b4abf82,AlphapulseAI,strategy,3,1,3,0,0,2026-07-17T14:34:46+00:00,5,"Overview :  AlphaPulseAI is a closed-source, multi-factor market analysis framework designed to help traders evaluate market conditions through a unified technical workflow. Rather than relying on a single indicator, it combines market structure, trend, momentum, volatility, liquidity concepts, volume context, and higher-timeframe analysis into one integrated chart.  The objective is to simplify technical analysis by reducing chart clutter while allowing traders to evaluate multiple forms of con"
https://www.tradingview.com/script/ovrJCE9P-FRVP-Reversal-Naresh/,FRVP Reversal Naresh,ovrJCE9P-FRVP-Reversal-Naresh,PUB;050d9a13ec5846069ed8684d83a4148e,nareshp476,strategy,2,4,0,0,0,2026-07-17T13:40:47+00:00,5,"FRVP Reversal Naresh     default_qty_type=strategy.percent_of_equity, default_qty_value=10,      commission_type=strategy.commission.percent, commission_value=0.02,      calc_on_every_tick=true, process_orders_on_close=false, max_bars_back=5000,      max_lines_count=500, max_boxes_count=500, max_labels_count=500,      dynamic_requests=true, pyramiding=50, margin_long=0, margin_short=0)"
https://www.tradingview.com/script/5Tg2Es4G-BTC-DCA-Strategy-3Commas-QuantPilot/,BTC DCA Strategy [3Commas & QuantPilot],5Tg2Es4G-BTC-DCA-Strategy-3Commas-QuantPilot,PUB;81267dc2f3014539b0325ea3a4b6b247,3Commas,strategy,1,1,18,0,0,2026-07-17T08:27:27+00:00,5,"BTC Smart DCA Strategy    🔷 What it does: This is a long-only DCA (Dollar-Cost Averaging) strategy for BTC / USDT that opens a position only in oversold conditions and then averages down on a fixed safety-order ladder. A base order fires when 4h RSI(14) drops below the entry threshold; if price keeps falling, five averaging orders add to the position at fixed deviations from the base entry, each larger than the last. The full position is closed at a fixed take-profit above the blended average en"
https://www.tradingview.com/script/kKgAiQlM-SOL-RWA-Breakout-Strategy/,SOL RWA Breakout Strategy,kKgAiQlM-SOL-RWA-Breakout-Strategy,PUB;8b70229c07c441c49a8436c9a8f0b3b1,Crypto_Andy_,strategy,1,1,6,0,0,2026-07-17T08:07:25+00:00,5,"Built on the latest fundamental and technical analysis of Solana (July 2026). The script uses SuperTrend as the primary entry trigger, confirmed by EMA trend structure and volume.  LONG entry signal triggers when all conditions are met simultaneously:     Price holds above the baseline support of $74–75  EMA 50 is above EMA 200 (uptrend confirmed)  Volume exceeds the 20-day average by at least 20%  RSI is not in overbought territory (below 75)    SHORT entry signal triggers on a SuperTrend beari"
https://www.tradingview.com/script/Rm7DZkdh-10s-Gap-Up-Pullback-Reclaim-Strategy/,10s Gap-Up Pullback Reclaim Strategy,Rm7DZkdh-10s-Gap-Up-Pullback-Reclaim-Strategy,PUB;f928f271f5c34abf9bf8bb77d521b16b,syerragunta,strategy,1,1,3,0,0,2026-07-17T04:17:13+00:00,5,// This strategy is designed for a 10-second chart in TradingView. // Buy Criteria: // - stock gaps up at least 20% from prior daily close // - price pulls back at least 10% from the intraday high // - buy when price reclaims the intraday high // Sell Criteria: // - exit with a 10% trailing stop
https://www.tradingview.com/script/oZVeQZ4t-10s-Gap-Up-Pullback-Reclaim-Strategy/,10s Gap-Up Pullback Reclaim Strategy,oZVeQZ4t-10s-Gap-Up-Pullback-Reclaim-Strategy,PUB;fe36f423bc694f1eb7c8d5e921f646a2,syerragunta,strategy,3,1,0,0,0,2026-07-17T03:57:18+00:00,5,/ This strategy is designed for a 10-second chart in TradingView. // Buy Criteria: // - stock gaps up at least 20% from prior daily close // - price pulls back at least 10% from the intraday high // - buy when price reclaims the intraday high // Sell Criteria: // - exit with a 10% trailing stop
https://www.tradingview.com/script/9YXhCCMG-Nexus-Quantum-Pro-Initial-Balance-Breakout/,Nexus Quantum Pro - Initial Balance Breakout,9YXhCCMG-Nexus-Quantum-Pro-Initial-Balance-Breakout,PUB;0c283476e12f4aecba24bcc0dd85f451,dantheman5606,strategy,2,1,5,0,0,2026-07-16T21:15:19+00:00,5,"Nexus Quantum Pro - Initial Balance Breakout   Overview  Nexus Quantum Pro - Initial Balance Breakout is an intraday volatility and momentum strategy designed to capture high-probability expansion moves. The strategy defines a core trading range during the early-session liquidity window and triggers executions on a decisive structural breakout. While optimized for major equity index futures, this strategy features multi-session presets that adapt to global indices, metals, and currency pairs.   "
https://www.tradingview.com/script/Je0EGfi9-Execution-Signals-Breakout-Strategy-MTF/,Execution Signals  Breakout Strategy MTF,Je0EGfi9-Execution-Signals-Breakout-Strategy-MTF,PUB;eb5419b1ce2b4a898ec7c5316bc3e320,Latibonit15,strategy,1,1,17,0,0,2026-07-16T13:41:30+00:00,5,"A mechanical price action breakout strategy for intraday futures (built on NQ/MNQ/ES/MES). Signals form on a higher timeframe; execution happens on the chart timeframe. Designed to run on a 1-minute chart with a 13-minute signal timeframe (both configurable — chart TF must be below signal TF).  SIGNALS (detected on signal-TF bar close) - Failure to Go High — price exceeds the prior bar's high but closes back at or below it, leaving an upper wick (a trapped breakout) - Failure to Go Low — the mir"
https://www.tradingview.com/script/ZF5zJJBX/,AGENT-3S ULTIMATE EDITION: Institutional Trend Engine,ZF5zJJBX,PUB;cc139928d299462fbbe770f2b566fcf4,btcgood,strategy,3,2,5,0,1,2026-07-16T12:11:39+00:00,5,"Welcome to AGENT-3S ULTIMATE, a highly sophisticated, institutional-grade quantitative trading system. Built strictly for professional traders, this script operates on the proprietary Agent-M Trend Engine—a strictly confidential, highly calibrated momentum and trend-tracking algorithm designed to capture massive market shifts while filtering out market noise.  This invite-only script is engineered to handle extreme capital scaling, featuring dynamic tier-based capital management and strict circu"
https://www.tradingview.com/script/do1b0xrL-KJ-02-Bollinger-Bands/,@ KJ 02 Bollinger Bands,do1b0xrL-KJ-02-Bollinger-Bands,PUB;046e8c72707f468cb1c3fbbd0ecabefb,kamlesh39052,strategy,2,1,2,0,0,2026-07-16T11:31:12+00:00,5,This strategy is intraday strategy for Nifty 50. You can directly apply on option for better result.  Please review and give your valueable feedback .
https://www.tradingview.com/script/sTizwvtX-G-NEXT-GEN-SMART-BUY-SELL/,G NEXT GEN SMART BUY SELL,sTizwvtX-G-NEXT-GEN-SMART-BUY-SELL,PUB;2d3522870bf742a5847350bd6a9eb722,subhivarsha,strategy,2,1,12,0,0,2026-07-16T10:47:27+00:00,5,"Overview   EMA RSI Trend Indicator is a momentum and trend-following indicator that combines the strength of Exponential Moving Averages (EMA) with the momentum confirmation of the Relative Strength Index (RSI). It is designed to help traders identify high-probability trend entries while filtering out weaker signals.  The indicator works across multiple markets, including stocks, forex, crypto, and commodities, and can be used on various timeframes.   Features  Trend detection using fast and slo"
https://www.tradingview.com/script/uXOOdJlI/,IOVE Pro - Institutional Risk Edition,uXOOdJlI,PUB;82d45e4493dd42c3be711c90e3a9cbc4,MatteoSan84,strategy,1,1,8,0,0,2026-07-16T10:22:41+00:00,5,"Che cos'è IOVE (In sintesi) IOVE (Institutional Order-Flow & Volatility Edge) è un motore statistico che individua le anomalie di prezzo (eccessi temporanei) e le valida solo se c'è una reale pressione di volumi istituzionali (Smart Money). Non usa indicatori ritardati, ma si basa sulla microstruttura del mercato (VWAP, Deviazione Standard e Volume Delta).  I 4 Pilastri sul Grafico La Linea Blu (VWAP): Il ""Prezzo Equo"" (Fair Value) istituzionale. Il prezzo tende sempre a ritornare qui.  Le Bande"
https://www.tradingview.com/script/GM1bUrIF-INJ-DCA-Long-Strategy-3Commas-QuantPilot/,INJ DCA Long Strategy [3Commas & QuantPilot],GM1bUrIF-INJ-DCA-Long-Strategy-3Commas-QuantPilot,PUB;83516ac994a14c8dbe7b2b8f74ca8d70,3Commas,strategy,1,1,106,0,0,2026-07-16T07:43:29+00:00,5,"INJ DCA Long Strategy    🔷 What it does: This is a long-only DCA (Dollar-Cost Averaging) strategy for INJ / USDT that opens a position only in deep-oversold conditions and then averages down on a fixed safety-order ladder. A base order fires when 4h RSI(14) drops below 28; if price keeps falling, five averaging orders add to the position at fixed deviations from the base entry, each larger than the last. The full position is closed at a fixed take-profit above the blended average entry. There is"
https://www.tradingview.com/script/P30rJUNR-SauceLite-extended-hours/,SauceLite extended hours,P30rJUNR-SauceLite-extended-hours,PUB;8960efe8b0d644debaae1768c913b25f,browsk,strategy,2,1,2,0,0,2026-07-16T03:30:58+00:00,6,"Perma-Bull strategy only built for buying longs. I built for my personal day trading on ES futures 1m chart. Some inputs to play around with if desired. Default strategy is just 1 contract, buys on negative but rising MACD when below VWAP, exit is when MACD is positive but falling and above VWAP upper band 1.2, auto stop loss on 1400, auto profit take on 3000. All of this is customizable in input settings.   Used in combination with VWAP indicator with bands 1 and 2 on, and my other indicator fo"
https://www.tradingview.com/script/2zwciiSL/,BOT EMPRESARIO DOGE PRO | MOTOR V2.03 ,2zwciiSL,PUB;606002eec6864ff5a771bc8a43654b23,Silvering11,strategy,3,1,2,0,0,2026-07-15T22:10:14+00:00,6,"BOT Empresario DOGE is an automated long-and-short strategy developed specifically for the DOGEUSDT perpetual market on the 30-minute timeframe.  The strategy is not designed as a simple combination of indicators. Its main differentiating feature is an integrated decision and capital-allocation engine that evaluates market direction, signal quality, volatility, market regime, recent performance, account growth and exchange execution constraints before determining whether a position should be ope"
https://www.tradingview.com/script/Wd3xiHFO-Adaptive-Direction-Engine-p268-NM/,Adaptive Direction Engine p268 NM,Wd3xiHFO-Adaptive-Direction-Engine-p268-NM,PUB;b6a2c9f5a7614bc7bde8773e1ca73c48,Gui-YW,strategy,3,2,3,0,0,2026-07-15T18:00:19+00:00,6,"This time, I am presenting a script I’ve named the ""Adaptive Direction Engine."" It utilizes a logic base distinct from previous scripts, allowing you to employ varied strategies to specific market conditions.  Safe chart timeframes are 2H to 4H.  Most importantly, there is no ""phantom cascade.""  There are two ways to use it: 1. Automatic via Cornix. For automation users, the script supports Cornix multi-pair Universal Bots via webhooks. It should theoretically support other platforms that utiliz"
https://www.tradingview.com/script/0NWRtU59-Adaptive-ATR-Scalper-Instant-Lock-Version/,Adaptive ATR Scalper - Instant & Lock Version,0NWRtU59-Adaptive-ATR-Scalper-Instant-Lock-Version,PUB;0527c43684e7464c8173949eedc3bf0f,emretw11,strategy,1,1,21,0,0,2026-07-15T13:02:30+00:00,6,"Welcome to Adaptive ATR Scalper, a robust, trend-following scalping strategy designed to capture quick momentum bursts while heavily filtering out noise during chop or post-target consolidation.  This strategy combines an ADX-Adaptive ATR trailing stop with a dual-timeframe dynamic (Main Trend + Fast Trigger) and introduces a unique Smart Lock Mechanism to prevent overtrading.  ⚡ Key Features ADX-Adaptive Multiplier Most ATR-based indicators (like Supertrend) use a fixed multiplier, which fails "
https://www.tradingview.com/script/PLCrI8Px-Forex-High-Confluence-Pullback-Strategy/,Forex High-Confluence Pullback Strategy,PLCrI8Px-Forex-High-Confluence-Pullback-Strategy,PUB;bbd7ff6f337a42dd8559a8defc570d73,gauravdixit2982,strategy,1,1,5,0,0,2026-07-15T11:35:45+00:00,6,"Forex Indicator-Here is a complete, fully backtestable TradingView Pine Script v6 strategy. It combines a macro trend filter, trend strength confirmation, and momentum pullbacks, restricted to high-liquidity sessions.  To help achieve your target accuracy, the script uses an ATR-based stop loss and profit target with a strict 1:1 risk-to-reward ratio. This adapts to market volatility and avoids getting prematurely stopped out by market noise."
https://www.tradingview.com/script/XK1u1aDc-ETH-Trend-Engine-v1/,ETH Trend Engine v1,XK1u1aDc-ETH-Trend-Engine-v1,PUB;a0910beb218e4a3d9fca357d90f71d7d,AryantoH,strategy,3,1,0,0,0,2026-07-15T09:40:27+00:00,6,"What this strategy does   ETH Trend Engine v1 is a swing trend-following system designed and calibrated specifically for ETHUSDT Perpetual (Binance) on the 1H timeframe. It trades both long and short, holding positions for several days to two weeks, and deliberately stays flat when the market enters a low-efficiency (choppy) regime.  The design is based on a statistical study of 2.5 years of 1H data (Jan 2024 – Jul 2026, ~22,000 bars), which found that ETH exhibits no exploitable edge in raw hou"
https://www.tradingview.com/script/8oH4qCeH-RSI-Divergence-EMA-Trend-Filter/,RSI Divergence + EMA Trend Filter,8oH4qCeH-RSI-Divergence-EMA-Trend-Filter,PUB;4013650ae4b4404aaf4b13d7f8c884fd,AIScripts,strategy,1,1,10,0,0,2026-07-15T09:19:03+00:00,6,"Description:  Divergence is one of the most discussed concepts in technical analysis and one of the most misapplied. The core idea is simple: when price makes a new high but the RSI makes a lower high, momentum is weakening even as price advances. That disconnect between price action and momentum is what divergence measures — and it often precedes reversals before price itself confirms the change in direction. This strategy formalizes that concept into a rule-based, backtestable system with two "
https://www.tradingview.com/script/bQslMB4i-818-001-01-07-YD3C-MTF-DotBot/,818-001-01-07_YD3C_MTF_DotBot,bQslMB4i-818-001-01-07-YD3C-MTF-DotBot,PUB;0630f485b40a4854a5fbbd95559ea6c1,zaidsindia,strategy,2,1,9,0,0,2026-07-15T08:45:32+00:00,6,"This Strategy is on Candle Calculation, Hence every SL target will defer, Manage it accordingly. For more information or  Automate Algo for same whatsapp on 818-001-01-07 "
https://www.tradingview.com/script/OKxIjdsz/,BTC Trend-Momentum Strategy ,OKxIjdsz,PUB;df0169ae3ad244b08518caab63ff823b,SystemsOverFeelings,strategy,1,1,23,0,0,2026-07-15T06:37:49+00:00,6,"A rules-based long/short strategy designed specifically for Bitcoin, combining three complementary components:  Trend filter (EMA 200): Only trades in the direction of the prevailing trend — long above the EMA, short below it. Volume confirmation (Chaikin Money Flow): Confirms that actual buying or selling pressure supports the trend direction before entering. Momentum trigger (Stochastic RSI): Times entries when %K crosses back out of oversold/overbought territory, avoiding entries at momentum "
https://www.tradingview.com/script/oZPmunlV-FbG-s-VpA-Algo/,FbG's VpA Algo,oZPmunlV-FbG-s-VpA-Algo,PUB;72dc269fc9574cbf8b6480c7a8a32f42,fbg_the_trading_partner,strategy,3,1,1,0,0,2026-07-15T04:31:05+00:00,6,"This strategy is an institutional-grade breakout trading framework developed for quantitative trend tracking. It integrates the Central Pivot Range (CPR), Volume Price Analysis (VPA), and the Relative Strength Index (RSI) to execute high-probability momentum entries while protecting equity using a mechanical trailing stop engine.  Key Features & Logic Breakdown: 1. CPR Filter: Entries are restricted based on the daily Central Pivot Range. Long setups require a verified price close above the Top "
https://www.tradingview.com/script/XATXBLjI-MACD-Signal-Line-Trendline/,MACD Signal Line Trendline,XATXBLjI-MACD-Signal-Line-Trendline,PUB;9e0504e890dd497ba27dc7d7c56c93f9,rajeshshah979,strategy,2,2,2,0,0,2026-07-15T03:35:19+00:00,6,"MACD based Trend ReversalsWelcome to MACD based Trend Reversals! This institutional-grade trend system is engineered to capture high-probability, macro-momentum trends while utilizing strict conditional logic and dynamic volatility routing to eliminate premature exit whipsaws.During backtesting on major tech assets over a strict historical window, this specific sequential framework yielded a remarkable +$18,774.67 USD Net Profit (+187.75%), generating a highly resilient equity curve that complet"
https://www.tradingview.com/script/88os1gBR/,Dow Theory Market Structure Strategy,88os1gBR,PUB;61538c6e5cc5442b9de18aa62fff9e1b,sikitank,strategy,1,1,22,0,0,2026-07-15T00:57:46+00:00,6,"Dow Theory Market Structure Strategy turns the classic ""trade with rising highs and rising lows"" rule into a fully mechanical, backtestable system, so the claim can be checked with data instead of taken on faith. How it works  Structure: an uptrend is confirmed when the two most recent confirmed swing highs and swing lows are both rising (higher high & higher low). A downtrend is the mirror case. The trend is invalidated the moment price closes back through the most recent confirmed swing low (u"
https://www.tradingview.com/script/adOY8NBg-TrendPulse-9-EMA-VWAP-Continuation-Strategy/,TrendPulse: 9 EMA + VWAP Continuation Strategy,adOY8NBg-TrendPulse-9-EMA-VWAP-Continuation-Strategy,PUB;b40ad5e5ed104345b34c83cdfd346348,waynemarnold,strategy,1,1,15,0,0,2026-07-14T21:56:32+00:00,6,"TrendPulse combines 9 EMA trend structure, VWAP positioning, and continuation logic into a chart-ready intraday strategy. It includes fully customizable visual aids, signal markers, dashboard metrics, and active trade overlays for entry, stop, target, and break-even visualization, allowing traders to tailor the display to their own strategy and charting preferences. Trade overlays appear only while a position is active and automatically disappear once the trade is closed to help keep charts clea"
https://www.tradingview.com/script/ue0C5GQS-DCA-Martingale-Grid-Bot-Simulator-with-Compounding/,DCA Martingale Grid Bot Simulator with Compounding,ue0C5GQS-DCA-Martingale-Grid-Bot-Simulator-with-Compounding,PUB;799debe57f514e20b0d54a658bc9b6b0,happydappyman,strategy,1,2,183,0,0,2026-07-14T20:52:26+00:00,6,"Now on Pine 6 and Open Source! The DCA (Martingale) Grid bot simulator simulates a DCA gridbot like the type used by pionex, for example The goal is to let you fairly accurately backtest DCA grid bot results.  See code comments for further detail. "
https://www.tradingview.com/script/ja8poMbk-Alpha-S-R-Channel-Strategy/,Alpha S/R Channel Strategy,ja8poMbk-Alpha-S-R-Channel-Strategy,PUB;4b726f620cb84349a1c4c4effc3f49d2,Awab_Hassan,strategy,2,1,8,0,0,2026-07-14T17:44:59+00:00,6,"Alpha Support/Resistance Channel Strategy  (ASRC)  Core Concept  ASRC is a dual-timeframe mean-reversion strategy that trades pullbacks to a dynamic channel derived from a Higher Timeframe (HTF) Exponential Moving Average. The strategy enters positions when price returns to the HTF Value Area and generates a high-conviction candlestick signal (Engulfing or Pin bar) in the direction of the prevailing trend.  Unlike breakout strategies, ASRC waits for price to retrace to the HTF EMA-defined zone b"
https://www.tradingview.com/script/iWi8dfWy-Strategy-Trend-ZigZag-Take-Profit-pub/,Strategy Trend ZigZag + Take Profit pub,iWi8dfWy-Strategy-Trend-ZigZag-Take-Profit-pub,PUB;7625ff97bb974ffa99caf4ac89af2c5f,hamster-bot,strategy,2,1,10,0,0,2026-07-14T17:21:29+00:00,6,The primary purpose of this script is to demonstrate and explore the concept of closing a position using a dynamic take-profit level based on recent chart volatility.   A simple ZigZag trend strategy serves as the underlying basis for this example.   Description of the closing mechanism:  The script identifies the minimum and maximum prices on the chart over a period of N candles. It then determines the distance between these minimum and maximum points. This distance is used to calculate the tak
https://www.tradingview.com/script/KU8vXq4g-mgc-propfirmpinescripts/,mgc (propfirmpinescripts),KU8vXq4g-mgc-propfirmpinescripts,PUB;c8a0a5956aac496eb50c459e5550ebd2,AutomatedTrader101,strategy,1,1,9,0,0,2026-07-14T16:46:31+00:00,6,"Daily Regime + VWAP Reclaim Trend Strategy A trend-following intraday strategy that trades pullback reclaims within an established daily regime.  How it works: Daily regime filter: Uses daily EMA(5)/EMA(10) to establish a higher-timeframe bias (only trades long in uptrends, short in downtrends) EMA stack confirmation: Requires 9/21/34/50 EMA alignment on the trading timeframe to confirm trend structure Session VWAP + 1 SD bands: Calculated from RTH session start; entries require price to reclaim"
https://www.tradingview.com/script/rRL339vC-Structura-Pulse-The-Trend-Layer/,Structura Pulse - The Trend Layer,rRL339vC-Structura-Pulse-The-Trend-Layer,PUB;3d5aee95ac804e658a394a3eb7775d1a,StructuraMarkets,strategy,3,1,1,0,0,2026-07-14T13:56:35+00:00,6,"Structura Pulse is a closed-source trend-behavior strategy that tests how selected trend behavior conditions perform across different markets and timeframes.  Structura Pulse is a trend-behavior strategy designed to help traders test when market behavior may be shifting from weakness into a more constructive trend phase, or from strength into deterioration.  Pulse does not predict a single candle. It converts selected trend-behavior conditions into strategy entries and exits so users can review "
https://www.tradingview.com/script/xX97EmHR-ema-cross-strategy-ema-cross/,EMA Cross Strategy (ema_cross),xX97EmHR-ema-cross-strategy-ema-cross,PUB;8bf090749f7149f0b30254925ea4eade,Frogleim,strategy,1,1,7,0,0,2026-07-14T11:34:39+00:00,6,"A trend-following strategy built around a 50/200 EMA cross, filtered by RSI momentum, volume confirmation, and trend strength — designed to avoid low-conviction chop and only fire on trades with volume and momentum behind them.   How it works:  -Trend detection: Fast/slow EMA (default 50/200) establishes directional bias -Momentum filter: RSI must confirm overbought/oversold conditions in the direction of the trade -Volume confirmation: Entries require volume to exceed a multiple of its moving a"
https://www.tradingview.com/script/irhD8BM7-BTC-5-min-Long-strategy-published-by-Emre-Sedele/,BTC 5 min Long strategy published by Emre Sedele,irhD8BM7-BTC-5-min-Long-strategy-published-by-Emre-Sedele,PUB;27da1d5c249a44b2beecfe79eb62023b,PrinceElliott,strategy,2,1,8,0,0,2026-07-14T09:30:42+00:00,6,This Strategy only works on 5 min BTC chart   It only produce Long signals
https://www.tradingview.com/script/igEyqfKW-ARBF-Strategy-v1-8/,ARBF Strategy v1.8,igEyqfKW-ARBF-Strategy-v1-8,PUB;d9cc74184f894c7a8df23e9dde8153fe,d_jaeger,strategy,1,1,16,0,0,2026-07-14T05:23:44+00:00,6,"ARBF Strategy v1.8 — Asia Range Breakout Framework   ARBF Strategy is a structured Asia Range breakout strategy built for Gold, BTC/Crypto, and other high-liquidity markets.  The core idea is simple:  The strategy defines the Asia range, waits for a confirmed breakout after the range is complete, then manages the trade with a risk-based exit engine.  It is designed to test whether price expansion after the Asia session creates a tradable edge.  Core logic  The strategy uses:  Asia Range high / l"
https://www.tradingview.com/script/6k5B2Sgj-PMO-strategy-builder-by-Haze/,PMO strategy builder by Haze,6k5B2Sgj-PMO-strategy-builder-by-Haze,PUB;b616cfdf97104310a66d8c26ee616c6a,hazetheprofessionals,strategy,2,2,8,0,2,2026-07-13T20:47:37+00:00,6,"This strategy builder uses PMO (Price momentum oscillator) crossovers as entry signals, highlighted by the red and green dots in the lower panel.     The PMO logic is hardcoded in the strategy builder. For visual references the PMO indicator needs to be added additionally to the chart.  The first and second smoothening lengths aswell as signal length can be fully customized.     FILTERS:  The entries can be filtered by multiple layers of confirmation.    EMA: Entries will be filtered by EMA. Pri"
https://www.tradingview.com/script/6QzUnljD-Algo-Torma-Scalper-Reversal-Pro-MNQ-NQ/,Algo Torma Scalper Reversal Pro [MNQ/NQ],6QzUnljD-Algo-Torma-Scalper-Reversal-Pro-MNQ-NQ,PUB;68526cc1bf0a425f9074d8e06caa023e,bwuycce3zg,strategy,3,1,0,0,0,2026-07-13T15:37:06+00:00,6,"Algo Torma Scalper Reversal Pro — MNQ / NQ Only This strategy is a fully automated RSI-based deep mean-reversion algorithm built exclusively for MNQ and NQ futures contracts on TradingView. It works on intraday timeframes and will not execute on any other instrument. The Reversal Concept Markets don't move in straight lines. Even in strong trends, price regularly reaches short-term exhaustion points where momentum buyers or sellers are temporarily depleted. This script is designed to identify th"
https://www.tradingview.com/script/SlYFQAwe/,QUANTW/NASDAQ.V7.1VEQUITY A.I.PIVOTDOMINANT S2 S3,SlYFQAwe,PUB;6ca5f934e08a4464bd9418a84dfb4932,EMABRO73,strategy,3,3,3,0,0,2026-07-13T15:36:21+00:00,7,"QUANTW/NASDAQ V7.1S - Equity A.I. Pivot Dominant S2 S3  QUANTW/NASDAQ V7.1S is a private invite-only TradingView strategy designed for Nasdaq futures trading, with a focus on structured multi-timeframe pivot behavior, dynamic trade management, daily risk control, and webhook-ready automation.  The strategy is built around standard pivot levels, mainly intraday and daily pivots, and uses them as operational reference zones for entries, trade direction, target management, reversals, and protective"
https://www.tradingview.com/script/LOO7phxG-SOL-RSI-Strategy-3Commas/,SOL RSI Strategy [3Commas],LOO7phxG-SOL-RSI-Strategy-3Commas,PUB;300819fe0dfe432a9569ee817ee3977e,3Commas,strategy,1,1,36,0,0,2026-07-13T15:14:41+00:00,7,"SOL RSI Long Strategy  🔷 What it does: This is a long-only DCA (Dollar-Cost Averaging) strategy for SOL / USDT that opens a position only in deep-oversold conditions and then averages down on a fixed safety-order ladder. A base order fires when 4h RSI(14) drops below 28; if price keeps falling, five averaging orders add to the position at fixed deviations from the base entry, each larger than the last. The full position is closed at a fixed take-profit above the blended average entry. There is n"
https://www.tradingview.com/script/FmhLFoZM-LAX-SHM/,LAX SHM,FmhLFoZM-LAX-SHM,PUB;107b6350c67442a6ad116908211b0684,agmonal,strategy,2,1,3,0,0,2026-07-13T10:06:16+00:00,7,"Credit The concepts underlying this strategy — session-based liquidity sweeps, market structure shifts, and macro directional (IPDA) bias — were learned from Jawaad Hussain Sir Smart Money Concepts teachings. This script is my own implementation and automation of those concepts in Pine Script; full credit for the underlying methodology goes to him.  Overview LAX SHM is a Smart Money Concepts strategy that combines session-based liquidity sweeps, market structure shifts, and macro directional bia"
https://www.tradingview.com/script/KN2pigxw-GrowthX-Reversal-Strategy/,GrowthX Reversal Strategy,KN2pigxw-GrowthX-Reversal-Strategy,PUB;ee520118de1d40b7a83694b6e1fdbdf8,RaniaEsmael-GrowthX,strategy,2,1,231,0,4,2026-07-13T04:35:03+00:00,7,"█ OVERVIEW  Multi-confirmation long-only reversal strategy designed to catch high-probability bottoms. The strategy combines four independent layers of analysis into one unified entry signal — it only enters when ALL four conditions align simultaneously, significantly reducing false signals.  Exit is purely mechanical based on momentum structure.   █ HOW IT WORKS  Entry requires all 4 conditions to be TRUE at the same time:  1 — Momentum Crossover Identifies the exact moment momentum shifts from"
https://www.tradingview.com/script/U9WJRKW4-Gold-Trend-Momentum/,Gold Trend Momentum,U9WJRKW4-Gold-Trend-Momentum,PUB;c1fb8d3c478d4a2bb0ad2265fce7b1a7,Rafsan5700,strategy,2,1,11,0,0,2026-07-12T22:45:17+00:00,7,"Gold Trend Momentum  🔱 Advanced Multi-Confirmation Gold Trading Strategy Gold Trend Momentum is a professional-grade, high-precision trend-following system engineered exclusively for XAU/USD (Gold). By integrating a sophisticated multi-layered filtering architecture, this strategy isolates high-probability institutional trend movements while aggressively neutralizing market noise and choppy consolidation. Unlike conventional retail indicators that constantly chase minor price fluctuations and ov"
https://www.tradingview.com/script/rgTN5rob-LWTG-MITS-Strategy/,LWTG MITS Strategy,rgTN5rob-LWTG-MITS-Strategy,PUB;f0076d0a264146578d0545cdecbb2f6d,lonewolftradinggroup,strategy,1,3,44,0,0,2026-07-12T19:09:20+00:00,7,"**Title:** LWTG MITS Strategy  **Description:**  LWTG MITS (Multi-Indicator Trading System) is a rules-based mean-reversion and trend-following scoring engine designed for micro futures trading on prop firm accounts. It evaluates nine independent market conditions simultaneously and only enters a trade when a configurable minimum number of those conditions align — creating a high-confluence filter that reduces noise and improves signal quality.  **How the scoring system works**  Each bar, the sc"
https://www.tradingview.com/script/XgUzdYgo-Smart-Money-Liquidity-Sweep-Reversal-XAUUSD-5m/,Smart Money Liquidity Sweep Reversal  XAUUSD 5m,XgUzdYgo-Smart-Money-Liquidity-Sweep-Reversal-XAUUSD-5m,PUB;a7215d6e43b543c282bb18d3cfa273c2,Mynameisgoodi,strategy,2,1,14,0,0,2026-07-12T19:01:48+00:00,7,"A Smart Money Concepts (SMC / ICT) reversal strategy for XAUUSD on the 5-minute chart. It waits for price to sweep liquidity beyond a key level, reclaim it, confirm a real Change of Character (CHoCH / micro-BOS), and only then enters  with a strict minimum 1:3 risk-to-reward and partial profit management.  📊 How to use • Symbol: XAUUSD · Timeframe: 5m. • Start in Aggressive for more setups; switch to Normal / Conservative for fewer, higher-quality trades. • Enable “Debug Block-Reason Labels” or "
https://www.tradingview.com/script/1J30uZXs-PV-EDGE-Trace-Futures-Pullback-Continuation/,PV EDGE Trace Futures - Pullback Continuation,1J30uZXs-PV-EDGE-Trace-Futures-Pullback-Continuation,PUB;c58067a25b144398b27ac77c19befca8,PuraVidaEdge,strategy,3,1,1,0,0,2026-07-12T16:35:06+00:00,7,"OVERVIEW PV EDGE Trace Futures is a systematic intraday pullback-continuation strategy for micro index and micro gold futures. It identifies an established directional move, waits for price to pull back against it, and enters when the pullback resolves in the direction of the original move - always closing any open position before the end of the session. Every entry, exit and position size is rule-based and hardcoded; the strategy manages trades on its own, with no discretionary input.  CONCEPT "
https://www.tradingview.com/script/2sf5fx8H-LAX-SHM-Bearish/,LAX SHM Bearish,2sf5fx8H-LAX-SHM-Bearish,PUB;22eccd51aa524d3d9da776408d32611a,agmonal,strategy,2,1,7,0,0,2026-07-12T15:54:32+00:00,7,"A short-only, session-based strategy built around the Asian Kill Zone liquidity-sweep concept: it waits for price to hunt stops above the Asian session high before positioning short into the reversal, entering only inside a refined Bearish Balanced Price Range with a hard minimum 1:2 reward-to-risk filter.  The strategy marks the high and low of the Asian Kill Zone (9 PM – 1 AM NY) and only evaluates trades after it closes:  Sweep required first. Price must break above the Asian High before anyt"
https://www.tradingview.com/script/rEYZRHGv-PV-EDGE-Open-Futures-Opening-Range-Breakout/,PV EDGE Open Futures - Opening Range Breakout,rEYZRHGv-PV-EDGE-Open-Futures-Opening-Range-Breakout,PUB;aa29fcc92c0c46e4ab28ea1a21de9870,PuraVidaEdge,strategy,3,1,1,0,1,2026-07-12T12:45:33+00:00,7,"OVERVIEW PV EDGE Open Futures is a systematic intraday opening-range breakout strategy for micro index and micro gold futures. It defines a reference range during the session's opening window, trades a confirmed break of that range in the direction of the move, and always closes any open position before the end of the session - no trade is ever held overnight. Every entry, every exit and every position size is rule-based and hardcoded; the strategy manages trades on its own, with no discretionar"
https://www.tradingview.com/script/egPWZXnl-BTST-Master-Setup-The-3-20-Institutional-Gap-and-Go/,BTST Master Setup: The 3:20 Institutional Gap-and-Go,egPWZXnl-BTST-Master-Setup-The-3-20-Institutional-Gap-and-Go,PUB;5c3d1b3b7c474debbd58db9e5f1359a7,ravi_bgl,strategy,2,1,12,0,1,2026-07-12T08:10:17+00:00,7,"An automated options buying strategy built to ride overnight gaps in Nifty and Bank Nifty with absolute precision. This setup completely eliminates sideways chop by demanding strict confluence: price must be above VWAP, above the 20 EMA, and aggressively closing near the absolute high of the day before triggering a Call. Engineered with an automated time-gate (3:15–3:25 PM) and a dynamic In-The-Money (ITM) strike calculator, it takes the emotion out of overnight holds and only fires when smart m"
https://www.tradingview.com/script/p1wAOIXz-MTF-Alpha-Engine-Pro-Futures/,MTF Alpha Engine Pro [Futures],p1wAOIXz-MTF-Alpha-Engine-Pro-Futures,PUB;cd6d82434b81463c95878989da2b5657,archivimal11,strategy,3,1,1,0,0,2026-07-12T06:05:01+00:00,7,"MTF Alpha Engine Pro    MTF Alpha Engine Pro is a multi-timeframe market analysis indicator developed to help traders evaluate trend direction, trade quality, and market structure before making discretionary trading decisions. Rather than relying on a single indicator or timeframe, it combines several independent analytical components into a unified decision framework.  The indicator begins by evaluating higher-timeframe directional bias to establish the dominant market trend. It then compares t"
https://www.tradingview.com/script/xpoSf4fB/,TKZ COMPASS Strategy,xpoSf4fB,PUB;ba12b6629cad40e4be58edf14ee034fb,TradeKillZoneTR11,strategy,2,1,1,0,0,2026-07-12T04:41:20+00:00,7,"TKZ COMPASS is a complete trend-following pullback system: it defines the trend, times the entry inside that trend, and manages the exit — all with three visual elements you can read in one glance.  How it works  1. Trend Ribbon (direction) A fast EMA (default 20) and a slow EMA (default 50) form a colored ribbon. The ribbon is green when the fast EMA is above the slow EMA and price is above the slow EMA (uptrend), red in the mirrored downtrend condition, and gray when neither holds. The strateg"
https://www.tradingview.com/script/9Hj7Q7Zk-Project-Oz-Orderflow-Proxy-Strategy-v3/,Project Oz Orderflow Proxy Strategy v3,9Hj7Q7Zk-Project-Oz-Orderflow-Proxy-Strategy-v3,PUB;d369936dbd6f4c41a85b604fda13ea69,quantdev369,strategy,3,5,4,0,0,2026-07-12T03:18:15+00:00,7,"Project Oz is a proprietary, rules-based futures strategy currently optimized for Micro E-mini Nasdaq-100 futures (MNQ).  The strategy uses a locked internal framework so every user operates from the same tested configuration. This helps prevent accidental setting changes, inconsistent results, and deployment errors while preserving the proprietary methodology.  Project Oz includes:  Two-contract position management One contract closed at the first target One contract closed at the final target "
https://www.tradingview.com/script/WWuTjyDx-Capitulation-Stretch-Reversion-Jayadev-Rana/,Capitulation Stretch Reversion [Jayadev Rana],WWuTjyDx-Capitulation-Stretch-Reversion-Jayadev-Rana,PUB;35cf076b92f6458c811c11d2f1190ce1,bluealgocapital,strategy,1,1,6,0,0,2026-07-11T18:37:04+00:00,7,"OVERVIEW  Capitulation Stretch Reversion is a long-biased, price-action mean-reversion strategy. Its thesis is simple: in an established uptrend, sharp multi-bar pullbacks that stretch price well below its short-term mean tend to snap back. The strategy waits for that stretched, capitulating condition, enters on the first sign of a turn, and exits when price reverts to the mean.  Everything is derived from raw price and range (EMAs of price and Average True Range) - there are no oscillators or e"
https://www.tradingview.com/script/tmsMsaBw-NIFTY-Confirmation-First-Option-Buying-System/,NIFTY Confirmation-First Option Buying System,tmsMsaBw-NIFTY-Confirmation-First-Option-Buying-System,PUB;469f8a0fdd884b01ad5ede3d3c01289c,shahnwazbest,strategy,1,1,7,0,0,2026-07-11T17:24:24+00:00,7,"pply it to the NIFTY underlying/index 5-minute chart, not directly to a random option premium chart. A BUY CE signal represents bullish confirmation; a BUY PE signal represents bearish confirmation.  The current strategy backtests the underlying movement, so its Strategy Tester P&L will not equal actual option P&L because option premium depends on strike, delta, IV, theta, and expiry.  The next version I would build for you should be more precise and include:  Breakout → mandatory retest → confi"
https://www.tradingview.com/script/mF5oAX8L-Quantify-Deeptest-Fractalyst/,Quantify [Deeptest] | Fractalyst,mF5oAX8L-Quantify-Deeptest-Fractalyst,PUB;2cc9baa8094642568f4b6287f0c7c772,Fractalyst,strategy,2,1,22,0,0,2026-07-10T19:27:54+00:00,7,"What's the purpose of this strategy?   Quantify is a trading workflow that allows traders to test, validate, and automate their strategy ideas using the Deeptest library for historical performance evaluation.  It provides 3 built-in trading models, each with a distinct win-rate profile and risk management approach that serve as a foundation for traders to overlay their own rules, filters, and exit logic:   Reversion : Counter-trend entries at structural pivots. Frequent small wins with defined r"
https://www.tradingview.com/script/DdDDGP97-DJT-Strategy-The-Art-of-the-Dip/,DJT Strategy - The Art of the Dip,DdDDGP97-DJT-Strategy-The-Art-of-the-Dip,PUB;57813dc0427648cd9a3e53a84b1383da,GandalfTrades,strategy,1,1,24,0,0,2026-07-10T16:14:50+00:00,7,"WHAT THIS IS   A satirical — but mechanically honest — volatility-event mean-reversion strategy for index charts (ES, SPX, SPY, NQ...). It trades one hypothesis, known to Wall Street as the TACO trade (""Trump Always Chickens Out""): when a policy Announcement detonates the VIX, the sell-off is usually walked back within days — a ""90-day pause,"" a ""very productive call,"" a clarification that the tariffs apply primarily to penguins. The dip, having been artisanally manufactured, is bought.  The jok"
https://www.tradingview.com/script/Ss747tEs-Turtle-Trading-Strategy/,Turtle Trading Strategy,Ss747tEs-Turtle-Trading-Strategy,PUB;81ea3ebe2283466da15b89eda2ee5ce3,PaulJeyakumar,strategy,2,1,4,0,0,2026-07-10T13:06:09+00:00,7,"# Turtle Trading Strategy (Enhanced)  This strategy is based on the classic **Turtle Trading System**, originally developed by Richard Dennis and William Eckhardt, with additional trend, volatility, and risk management filters designed to improve trade quality and reduce false breakouts.  Unlike the original implementation, this version focuses on trading only in favorable market conditions by combining **Donchian Channel breakouts**, **EMA trend confirmation**, **ATR-based volatility filtering*"
https://www.tradingview.com/script/6kaqC3R8-GRAM-RSI-Strategy-3Commas/,GRAM RSI Strategy [3Commas],6kaqC3R8-GRAM-RSI-Strategy-3Commas,PUB;4bc92f4d3f94499ba6f41da7bf30cdbc,3Commas,strategy,1,1,216,0,0,2026-07-10T10:31:09+00:00,7,"GRAM RSI Long Strategy  🔷 What it does: This is a long-only DCA (Dollar-Cost Averaging) strategy for GRAM / USDT that opens a position only in deep-oversold conditions and then averages down on a fixed safety-order ladder. A base order fires when 4h RSI(14) drops below 28; if price keeps falling, five averaging orders add to the position at fixed deviations from the base entry, each larger than the last. The full position is closed at a fixed take-profit above the blended average entry. There is"
https://www.tradingview.com/script/DiRbHUOI-Vittena-VSA-AlphaScalper/,Vittena VSA - AlphaScalper,DiRbHUOI-Vittena-VSA-AlphaScalper,PUB;fb5a21f7fdf04093ab64858631e05a9b,Vittena,strategy,2,1,6,0,0,2026-07-10T08:00:05+00:00,7,"Vittena VSA – AlphaScalper : Multi Asset VSA Strategy  Overview  The  Vittena VSA – AlphaScalper  is a strategy designed to detect the activities of institutional money through the asymmetry of supply and demand at a price level. This strategy also helps detect price turning points, origin of a trend and validate its continuation through a collective analysis of supply and demand. The inspiration is drawn from the principles of  Wyckoff - Volume Spread Analysis (VSA)   methodology. Wyckoff VSA p"
https://www.tradingview.com/script/t578EfVb/,Ineficient market,t578EfVb,PUB;dd624efbefc8412f9f8e83f57f2fbde5,abib14bis,strategy,1,1,36,0,0,2026-07-10T01:14:58+00:00,7," The setup The 1-2-3 pattern (price-structure reversal, in the Joe Ross / Zeiierman lineage) marks three alternating pivots: an extreme, a pullback, and a second extreme that fails to exceed the first — a Higher-Low for longs, a Lower-High for shorts. Entry fires on confirmation of the 3rd pivot (no waiting for a breakout, which cuts lag). On top of that sits a volatility gate: signals only trigger when relative volatility is compressed (ATR% ≤ its own moving average). Trades resolve on a small "
https://www.tradingview.com/script/1SuizfXF-NEXT-GEN-TRADE-STRATEGY-BYBIT-4-7/,NEXT GEN TRADE STRATEGY BYBIT 4.7,1SuizfXF-NEXT-GEN-TRADE-STRATEGY-BYBIT-4-7,PUB;c1529ebe23f3454b88d2c8a201d38204,nextgentradeltd,strategy,3,1,2,0,0,2026-07-09T08:08:05+00:00,7,"This strategy directly controls the Bybit cryptocurrency exchange via webhook technology, enabling fully automated trading on Bybit.com.  🚀 Next Gen Trade Strategy  Next Gen Trade Strategy is an advanced long-only TradingView strategy designed to identify high-quality bullish opportunities, improve DCA entry timing, and manage open positions with a multi-layered exit and emergency protection system.  The strategy combines:  ✅ Multi-timeframe trend analysis ✅ Smart DCA with Safety Orders ✅ RSI-ba"
https://www.tradingview.com/script/G3kXXiHE-NEXT-GEN-TRADE-STRATEGY-BITGET-4-7/,NEXT GEN TRADE STRATEGY BITGET 4.7,G3kXXiHE-NEXT-GEN-TRADE-STRATEGY-BITGET-4-7,PUB;962da9ddc26e44ca8a628895c970d748,nextgentradeltd,strategy,3,1,5,0,0,2026-07-09T07:56:23+00:00,7,"This strategy directly controls Bitget’s Signal Bots using webhook technology, enabling fully automated trading on the Bitget cryptocurrency exchange (Bitget.com).  🚀 Next Gen Trade Strategy  Next Gen Trade Strategy is an advanced long-only TradingView strategy designed to identify high-quality bullish opportunities, improve DCA entry timing, and manage open positions with a multi-layered exit and emergency protection system.  The strategy combines:  ✅ Multi-timeframe trend analysis ✅ Smart DCA "
https://www.tradingview.com/script/qx8BMtZx-NEXT-GEN-TRADE-STRATEGY-WUNDERTRADING-4-7/,NEXT GEN TRADE STRATEGY WUNDERTRADING 4.7,qx8BMtZx-NEXT-GEN-TRADE-STRATEGY-WUNDERTRADING-4-7,PUB;5c074d89cc024688a30abf39878027a4,nextgentradeltd,strategy,3,1,2,0,0,2026-07-09T07:39:11+00:00,8,"This software enables control of the WunderTrading Signal Bot, allowing the NEXT GEN TRADE STRATEGY to manage a wide range of additional cryptocurrency exchanges through the WunderTrading platform, including Binance, Coinbase, Kraken, BingX, and many others. The complete list of supported cryptocurrency exchanges is available here: wundertrading.com  🚀 Next Gen Trade Strategy  Next Gen Trade Strategy is an advanced long-only TradingView strategy designed to identify high-quality bullish opportun"
https://www.tradingview.com/script/RLMh1Ato-APEX-FLOW-CDV-Volume-Suite/,APEX FLOW - CDV Volume Suite,RLMh1Ato-APEX-FLOW-CDV-Volume-Suite,PUB;441e6dcf483a4645802a1ac67ebb5c55,DeltaMerge,strategy,3,1,5,0,0,2026-07-09T05:07:47+00:00,8,"APEX FLOW – CDV Volume Suite    OVERVIEW  APEX FLOW is an order-flow trading suite that combines four tools that are normally used separately into one coherent, rule-based system: a Cumulative Delta Volume (CDV) engine, session-anchored VWAP with standard-deviation bands, a session Volume Profile, and an opening-range session breakout model with automated risk management. The goal is to let a trader judge not just WHERE price is, but whether real buying/selling pressure supports the move – on a "
https://www.tradingview.com/script/W7Lc7SPt/,NINJA TRADER PRO 1.05v,W7Lc7SPt,PUB;2e96c57618174557919174fb5b3f01b2,toldodesty,strategy,2,1,5,0,0,2026-07-08T17:34:03+00:00,8,"GOLDEN EDGE — EMA 21/50 Trend Continuation Strategy  by Desty Ninja Trader  Une stratégie de continuation de tendance basée sur la dynamique de deux moyennes mobiles exponentielles, conçue pour capter les pullbacks à haute probabilité au sein de tendances confirmées sur Forex et sur l'or.   🎯 Philosophie de la stratégie  Le marché passe la majorité de son temps en tendance, ponctuée de retours temporaires vers sa moyenne dynamique avant de repartir dans le sens dominant. Golden Edge exploite pré"
https://www.tradingview.com/script/kaF9Z5PQ/,GOLDEN WDGE PRO 1.05V,kaF9Z5PQ,PUB;44920d5abd0847e282ca622acfb83b15,toldodesty,strategy,1,1,12,0,0,2026-07-08T17:28:37+00:00,8,"GOLDEN EDGE — EMA 21/50 Trend Continuation Strategy  by Desty Ninja Trader  Une stratégie de continuation de tendance basée sur la dynamique de deux moyennes mobiles exponentielles, conçue pour capter les pullbacks à haute probabilité au sein de tendances confirmées sur Forex et sur l'or.   🎯 Philosophie de la stratégie  Le marché passe la majorité de son temps en tendance, ponctuée de retours temporaires vers sa moyenne dynamique avant de repartir dans le sens dominant. Golden Edge exploite pré"
https://www.tradingview.com/script/MKZxjgdR-Multi-Timeframe-MACD-Cascade-SNR-v6-Janice/,Multi-Timeframe MACD Cascade & SNR v6 Janice,MKZxjgdR-Multi-Timeframe-MACD-Cascade-SNR-v6-Janice,PUB;e153f33ec7834bd0bcb316c3969040ad,RICKI1155,strategy,1,1,10,0,0,2026-07-08T16:15:18+00:00,8,"Janice 1st try 64%, inside the MACD crossover zone on various timeframes, trade reversals (pullbacks or throwbacks). When volume is high, trade in the direction of the momentum. Use the 52 EMA across the 45m, 1h, 2h, 90m, 3h, and 4h+ timeframes—even if higher-timeframe resistance/support is pushing against the trend. This can be combined with Zone and SNR (Support & Resistance) for execution."
https://www.tradingview.com/script/dagZnjrY-3-EMA-Pullback-Strategy/,3 EMA Pullback Strategy,dagZnjrY-3-EMA-Pullback-Strategy,PUB;fd694bd2ebc241c69f30eeebf0efdeb8,surendragangwar,strategy,2,1,7,0,0,2026-07-08T16:13:32+00:00,8,"Institutional EMA Pullback Strategy Pro v2  The Institutional EMA Pullback Strategy Pro v2 is a systematic intraday trend-following strategy designed for the 5-minute timeframe. It combines short-term EMA pullbacks with multiple market filters to identify high-probability trades while reducing false signals in sideways conditions.  The strategy uses a 2-candle state machine for entries. A setup is created when price temporarily stretches away from the 3 EMA, and only the immediate next candle ca"
https://www.tradingview.com/script/2Dve9Eey/,Env WAD Ultimate v4.2_V555 (Invite-One Premium),2Dve9Eey,PUB;a5bc13706b574b9f8f037517aff63211,btcgood,strategy,3,1,6,0,1,2026-07-08T11:31:55+00:00,8,"Welcome to the absolute apex of Quantitative Trend-Following and Institutional Risk Management.   Env WAD Ultimate V4.2 is a highly sophisticated institutional-grade algorithmic trading engine optimized for the 4-Hour (4H) timeframe on high-liquidity crypto derivatives (ETHUSDT.P / BTCUSDT.P). By filtering out lower-timeframe market noise, this system targets macro market structure and institutional order flow, delivering an extraordinary win rate exceeding 93%.  📊   1. 4-Hour (4H) Macro Trend &"
https://www.tradingview.com/script/X6tAPOil-RSI-BB-Inside-Strategy/,RSI + BB Inside Strategy,X6tAPOil-RSI-BB-Inside-Strategy,PUB;df3d4b86c4324eca950f735ef96fb82d,jfiejka,strategy,1,1,30,0,0,2026-07-08T09:21:23+00:00,8,"Strategy Description: RSI + BB Inside Setup v6An automated trading strategy combining two classic technical analysis indicators: the RSI (Relative Strength Index) and Bollinger Bands (BB), fully optimized for Pine Script v6.How It Works:Long Entry (Buy): Triggered when the market is oversold ( NYSE:RSI  < 30$) but the price still remains inside the Bollinger Bands (above the lower band). This helps avoid catching a ""falling knife"" during extreme momentum runaways.Short Entry (Sell): Triggered wh"
https://www.tradingview.com/script/KD00APaz-ICT-Macro-Time-Strategy-for-Day-Trading/,ICT Macro Time Strategy for Day Trading,KD00APaz-ICT-Macro-Time-Strategy-for-Day-Trading,PUB;8f9853b39938479d985d2718271e4250,jameslhj82,strategy,3,4,4,0,0,2026-07-08T06:47:19+00:00,8,"📌 策略简介 本策略专为 Nasdaq (NQ & MNQ) 期货设计，融合 ICT 理论中的 Macro（时间宏）、流动性清扫（Sweep）与公允价值缺口（FVG）。策略通过严格的“时段锁”捕捉纽约时段的高动能突破，拒绝频繁交易。  🛠️ 核心卖点 Macro 精确择时： 仅在纽约时间 6 个核心 Macro 时段的指定窗口内捕捉信号。  单时段单次交易锁： 每个 Macro 时段仅开仓一次。一旦触发交易即刻锁定，彻底根除逆势扛单和反复挨打的交易心理。  严格过滤机制： 结合前高低点流动性清扫（Sweep）与 Macro 开盘价过滤，只做高胜率的顺势洗盘信号。  全自动仓位管理： 支持自动拉保本（BE）、1R 自动分批止盈减仓、以及跨时段强制平仓（防止震荡死扛）。  回测结果在文末。  📌 Strategy Overview Tailored for Nasdaq (NQ & MNQ) Futures, this premium strategy integrates ICT Macro Sessions, Liquidity Sweeps, and Fair Value Gaps "
https://www.tradingview.com/script/9bJI0Yow-THTC-PRO-V3/,THTC PRO V3,9bJI0Yow-THTC-PRO-V3,PUB;560787713dd04d0ba9e5b6dbc4f689fa,flyupton863,strategy,3,1,5,0,0,2026-07-08T06:07:01+00:00,8,"DESCRIPTION -- THTC PRO V3 -- EXCELLENCE IN EVERY TRADE  THTC PRO V3 — A trend-following trading strategy released by the Tinh Hoa Tai Chinh (Elite Finance) system.  THTC PRO V3 is a complete trading system operating under a single philosophy: only participate when trend, position, and candlestick momentum align—otherwise, remain patient. Every signal you see on the chart has survived a series of sequential filters that the vast majority of candles fail to pass.  What the System Does for You Mul"
https://www.tradingview.com/script/ofkpQRz4-THTC-Hunter-Pro-V4/,THTC - Hunter Pro V4,ofkpQRz4-THTC-Hunter-Pro-V4,PUB;23870b5e090146799f884609c1cfb288,flyupton863,strategy,3,1,8,0,0,2026-07-08T05:12:14+00:00,8,"THTC – Hunter Pro V4 - EXCELLENCE IN EVERY TRADE Pullback Hunter is a trend-following trading strategy developed and released by the Tinh Hoa Tai Chinh (Elite Finance) system.  Operating Principle  The indicator only searches for setups when the market is in a clear uptrend and a strong impulse wave has just occurred. Following this impulse wave, the system waits for the price to pull back and form a double bottom structure with a crucial characteristic: selling pressure at the second bottom mus"
https://www.tradingview.com/script/IWpvcf1j/,WIFX SMC-MA 0807,IWpvcf1j,PUB;53163460b20c4d279ccd3b2a9a58c535,Trang_6311493131,strategy,3,1,1,0,0,2026-07-08T03:55:49+00:00,8,"Vùng hỗ trợ, kháng cự, vùng cá mập, và các đường MA"
https://www.tradingview.com/script/lRBoHegA-ZealyOn-CR-DYDXUSDT-RSI-Asym-15M-45/,[ZealyOn] CR DYDXUSDT RSI Asym 15M 45,lRBoHegA-ZealyOn-CR-DYDXUSDT-RSI-Asym-15M-45,PUB;8a312e4e0e744eb4a0e11ad2eab970ef,AceNetics,strategy,2,1,6,0,0,2026-07-07T22:07:07+00:00,8,"This ZealyOn DYDXUSDT strategy is a TradingView Pine Script version of a ZealyOn market strategy built for structured trend participation, cleaner breakout timing, disciplined signal filtering, and practical historical backtesting on this chart.  The goal of this script is to give traders a clear way to study how the strategy behaves across different market conditions, including trending phases, consolidation zones, breakout attempts, pullbacks, and periods of increased volatility. It is designe"
https://www.tradingview.com/script/LDanFxA4/,des remarques interessante?,LDanFxA4,PUB;2b834c7205354ab086476ef2a3ebcfa6,rAodto100k,strategy,1,1,7,0,0,2026-07-07T22:00:23+00:00,8,kill zone asiat high low  breakout + retest asia high low
https://www.tradingview.com/script/NeEiwmDq-Donchian-Breakout-with-ATR-Trailing-Stop-Trend-Following/,Donchian Breakout with ATR Trailing Stop (Trend Following),NeEiwmDq-Donchian-Breakout-with-ATR-Trailing-Stop-Trend-Following,PUB;cd9b869c48ea4edf8ea97d45fbe80bc6,raven_suurineru,strategy,1,1,36,0,0,2026-07-07T18:52:00+00:00,8,"A simple, transparent trend-following strategy: a classic Donchian (turtle) channel breakout with a single ATR-based trailing stop. It was deliberately built to be robust across markets rather than curve-fit to one — the same code and settings held up on both an equity index (DAX/GER40, 1h) and Bitcoin (BTCUSD, 4h), and across trailing multipliers of 2.5–3.5.  HOW IT WORKS - Entry: goes long when price closes above the highest high of the   last N bars (default 20) while above the 200 EMA trend "
https://www.tradingview.com/script/Bn5SOMXr/,EMA 10/20 + 200,Bn5SOMXr,PUB;82b34eed0db448208d5f62d6912ecf15,weitengfei,strategy,2,1,3,0,0,2026-07-07T17:47:16+00:00,8,EMA 10/20 + 200 简单的判断信号
https://www.tradingview.com/script/QPmvTTlh/,EMA 10/20,QPmvTTlh,PUB;0699efff941942ba9e00b953c6f7e6ea,weitengfei,strategy,2,1,2,0,0,2026-07-07T17:27:15+00:00,8,简单的 EMA 10/20 金叉死叉策略 很简单的指标参考
https://www.tradingview.com/script/9VZKhSFJ-Super-trend-Signal-Engine-Quantum-Edge/,Super-trend Signal Engine Quantum Edge,9VZKhSFJ-Super-trend-Signal-Engine-Quantum-Edge,PUB;3e32ab526fd84c02ad0400a1b0e1bcba,Quantum-Edge-Capital,strategy,1,1,33,0,0,2026-07-07T14:51:24+00:00,8,"Short description ATR-based Supertrend strategy that flips long or short on confirmed trend reversals, with optional signal labels, trend highlighting, bar coloring, and built-in date-range backtesting.  Description Signal Engine Quantum Edge is a public Supertrend-based strategy built to track volatility-adjusted trend shifts and execute long or short entries when trend direction flips. The script uses ATR-expanded bands around hl2, then updates those bands as price develops so the strategy can"
https://www.tradingview.com/script/horDDONh-Dream-SMC-Liquidity-Sweep-Strategy-BTC-1h/,Dream SMC - Liquidity Sweep Strategy (BTC 1h),horDDONh-Dream-SMC-Liquidity-Sweep-Strategy-BTC-1h,PUB;a785031dea84485babdb5a13a0d1b9c1,dreamearth,strategy,2,2,8,0,0,2026-07-07T14:43:14+00:00,8,"Dream SMC is a Smart Money Concepts (SMC) strategy for BTCUSDT on the 1-hour timeframe, built around liquidity sweeps.  HOW IT WORKS Price often ""hunts"" liquidity resting at obvious levels before making its real move. Dream SMC waits for a pool to be swept, then confirms with displacement + a break of structure / change of character (BOS/CHoCH) before entering — with a structure-based stop and a target at the next unswept liquidity pool.  - Liquidity pools tracked: previous day/week high-low (PD"
https://www.tradingview.com/script/vpsBfzUo-Swing-Brahmastra-Pro-by-Pooja/,Swing Brahmastra Pro by Pooja,vpsBfzUo-Swing-Brahmastra-Pro-by-Pooja,PUB;2799e0a71f424b109112b13b4830ad88,financegurupooja,strategy,3,1,8,0,0,2026-07-07T14:39:12+00:00,8,"📘 Swing Brahmastra Pro by Pooja   🔒 Invite-Only Trading Strategy  📈 Swing Trading Framework | Market Structure | Trend Analysis | Rule-Based Trade Management ━━━━━━━━━━━━━━━━━━━━━━━━━━━━━━━━   📌 Strategy Overview   Swing Brahmastra Pro by Pooja is a rule-based swing trading framework designed to assist traders in identifying medium-term market opportunities through structured analysis.  The strategy combines trend evaluation, market structure analysis, signal validation, risk management, dynamic"
https://www.tradingview.com/script/eYVPBex5-Master-Strategy-Builder-TraderXY/,Master Strategy Builder (TraderXY),eYVPBex5-Master-Strategy-Builder-TraderXY,PUB;56bffda008da43409bc6b3b3516eafc3,TraderXYalgo,strategy,3,1,1,0,0,2026-07-07T12:26:37+00:00,8,"  Master Strategy Builder is a complete strategy development framework designed for traders who want to build, test, and optimize rule based trading systems quickly and easily. Instead of being limited to a single trading method, this strategy combines multiple indicators into a flexible condition builder, allowing you to create hundreds of unique strategies by mixing entry triggers and confirmation filters.   Included indicators      4 fully configurable Moving Averages (SMA, EMA, SMMA, WMA, VW"
https://www.tradingview.com/script/n9ty3SVh-Super-trend-Signal-Engine-Strat-QUANTUM-EDGE/,Super-trend Signal Engine Strat [QUANTUM EDGE],n9ty3SVh-Super-trend-Signal-Engine-Strat-QUANTUM-EDGE,PUB;03ec77dc1ebb46f7aff3dab0b1fb0998,Quantum-Edge-Capital,strategy,1,1,246,0,1,2026-07-07T12:26:07+00:00,8,"Short description Volatility-adjusted Supertrend strategy with trend-reversal entries, bar highlights, and date-range backtesting.  Description Signal Engine Quantum Edge is a clean Supertrend-based strategy that tracks volatility-adjusted trend state and generates long/short entries on confirmed reversals. It includes optional visual highlights, signal labels, and bar coloring to make trend alignment instantly readable, plus a configurable date range for precise backtest control.  How it works "
https://www.tradingview.com/script/X7S94bsA-intraday-long-short/,Intraday Long Short ,X7S94bsA-intraday-long-short,PUB;79c6ae53c3e749e1851d3983b6bf291a,sich1111,strategy,1,1,14,0,0,2026-07-07T11:09:16+00:00,8,"Простой скрипт для проверки результатова стратегии торговли внутри дня природным газом по алгоритму: до обеда - лонг, после обеда - шорт (или наоборот, если хочется)  A simple script to test the results of an intraday natural gas trading strategy based on the following algorithm: go long before noon and short after noon (or vice versa, if desired).  "
https://www.tradingview.com/script/7Dwbo9A6/,Leviathan- Pro,7Dwbo9A6,PUB;7a1eb98e0bfb4dc7b4fda38d4b9743d6,VillainChen,strategy,3,8,2,0,0,2026-07-07T10:32:35+00:00,8,"𝐋𝐞𝐯𝐢𝐚𝐭𝐡𝐚𝐧 (Pro) is a systematic, rule-based strategy script designed for tracking medium-to-long-term market trends based on historical volume-weighted structural key levels and moving average consensus.  This Pro version features unrestricted historical computation, dual-regime execution modules, and fully optimized dynamic JSON payload transmission designed for server-side webhook automation.  🏛️ Algorithmic Architecture Microstructure Pivot Detection: Monitors volume anomalies relative to rol"
https://www.tradingview.com/script/E28CZLLY/,Leviathan- Trial,E28CZLLY,PUB;a109db0d6ef34a06be328fd3803a99cf,VillainChen,strategy,2,2,3,0,0,2026-07-07T05:43:53+00:00,9,"𝐋e𝐯𝐢𝐚𝐭𝐡𝐚𝐧 is a systematic, rule-based strategy script designed for tracking medium-to-long-term market trends. The underlying algorithm utilizes multi-regime signals derived from volume-weighted structural key levels and moving average consensus, aiming to filter out choppy market noise based on historical patterns.  Core Algorithmic Design  Microstructure Pivot Filter: The system monitors volume anomalies relative to rolling historical averages (ta.sma) to track historical zones where major cap"
https://www.tradingview.com/script/WCyUVfaY/,Multi factor intent engine V14 strategy ,WCyUVfaY,PUB;1f30b150f4214edb844da0a67fef0fc9,AT_Friend,strategy,2,1,3,0,0,2026-07-07T03:57:42+00:00,9," **Multi Factor Intent Engine V13 Strategy — Score12 / Smoothed / Score9**  A backtest-ready strategy that evaluates nine independent market indicators every bar, assigns each a directional vote, weights each vote, and sums them into a total score. The sign of the score defines direction (positive = bullish, negative = bearish). The absolute value defines strength. Entries fire when direction is set and strength meets the minimum threshold. Exits are managed by ATR-based SL/TP levels with an opt"
https://www.tradingview.com/script/WQbIhTVo-LEO-Premium-Strategist-Strategy/,LEO Premium Strategist Strategy,WQbIhTVo-LEO-Premium-Strategist-Strategy,PUB;803019ec6f2e40de8e0cc56c88b4804d,jncool,strategy,2,1,1,0,0,2026-07-06T23:30:46+00:00,9,JNcool's Leo Premium Strategist indicator and strategy to help with trading futures entry and exist.
https://www.tradingview.com/script/8tf7tuDQ-ORB-VWAP-Bounce/,ORB+VWAP Bounce,8tf7tuDQ-ORB-VWAP-Bounce,PUB;4c671bc017e44150b8f45ab9914c6bb3,RicoTrades_21,strategy,3,1,0,0,0,2026-07-06T22:58:31+00:00,9,"ORB + VWAP Bounce is an intraday strategy engine built for Micro Nasdaq futures (MNQ) on the 1-minute chart, designed around one repeatable idea: when the New York session breaks its opening range and pulls back to the session VWAP, that touch is a high-quality entry — if the context agrees.  How it works  The opening range (09:30–10:00 NY, configurable) and the open of the 10:00 candle are marked automatically each session. When price breaks the range and the trend context is aligned, a limit o"
https://www.tradingview.com/script/2SdMXMNe-Melissa-4-Session-Range-Fibonacci-Strategy/,Melissa 4 Session Range Fibonacci Strategy,2SdMXMNe-Melissa-4-Session-Range-Fibonacci-Strategy,PUB;0a97b114fd014956855cc9eb41fcdf7f,PrincessMelis,strategy,2,4,8,0,0,2026-07-06T21:05:51+00:00,9,"Here’s a polished TradingView description you can paste in:  Melissa 4 Session Range Fibonacci Strategy  This strategy is designed to mark and trade up to four separate time-based ranges using Fibonacci extension levels. Each session can be enabled or disabled individually, with its own custom time range and colour, making it easier to visually separate Asia, London, NY, or any custom range you want to test.  The strategy records the high and low of each enabled session, then plots the completed"
https://www.tradingview.com/script/M8xIkiS2/,Signal Trend Pro,M8xIkiS2,PUB;4654cc19e924445eb45d70a73b221964,Gui-YW,strategy,3,1,1,0,0,2026-07-06T17:50:37+00:00,9,"Script kali ini dengan konsep membaca arah market dan trend. Dilengkapi dengan indicator klasik MACD RSI dan BB  untuk sinyal yang lebih bersih.  Cara penggunaannya sesuai strategy pada umumnya. UI sudah disederhanakan jadi minim salah dalam memilih opsi-opsi yang ada.  Untuk tab properties, gunakan recalculate order fill =true ( Jangan dipilih ). Agar terhindar dari phantom cascade.  Gunakan alerts dengan isi pesan : {{strategy.order.alert_message}}  Untuk kali ini saya gunakan TF Chart 2H. Cuk"
https://www.tradingview.com/script/1LkYAS4y-Bowman-RSI-Signals-Backtester-v3/,Bowman RSI Signals Backtester v3,1LkYAS4y-Bowman-RSI-Signals-Backtester-v3,PUB;161cd57fcb0643a490325b03dbf58810,drewskills,strategy,1,1,291,0,2,2026-07-06T17:23:11+00:00,9,Use Bowman RSI Signals v3 as the indicator. This is for backesting and playing with different configurations for the Bowman RSI Signals v3 Indicator  This is a buy/sell signal to automate trading using RSI divergences and higher timeframe filters. It backtests well with default settings on 15min timeframe but play with it on your own with your own trading style. 
https://www.tradingview.com/script/N9a0oG8a-ETH-EMA-Chandelier-Trend-Rider-v1/,ETH EMA Chandelier Trend Rider v1,N9a0oG8a-ETH-EMA-Chandelier-Trend-Rider-v1,PUB;fd01edf0a3bd40568fe7a74c8376facf,mohsen_khezri_eco,strategy,3,1,0,0,0,2026-07-06T16:24:08+00:00,9,"ETH EMA Chandelier Trend Rider v1 is an invite-only TradingView strategy built for trend-following on ETH and ETH-like liquid crypto markets, with the primary design focus on the 1H timeframe.  The strategy is designed for markets that show strong directional phases, deep liquidity, and frequent trend continuation behavior. ETHUSD and ETHUSDT on the 1H chart are the main intended use cases.  The system combines: - EMA-based trend regime detection - Chandelier-based entries and exits - Separate l"
https://www.tradingview.com/script/FRD0vKNB-ETH-EMA-Chandelier-Trend-Rider-Lite/,ETH EMA Chandelier Trend Rider Lite,FRD0vKNB-ETH-EMA-Chandelier-Trend-Rider-Lite,PUB;2f6841254f6547c38f9eef2359f4b5e8,mohsen_khezri_eco,strategy,2,1,0,0,0,2026-07-06T16:14:15+00:00,9,"ETH EMA Chandelier Trend Rider Lite is the public core version of the ETH Trend Rider system.  This strategy demonstrates the main trend-following engine behind the full model. It is designed for highly liquid crypto markets with strong directional behavior, especially ETHUSD and ETHUSDT on the 1H timeframe.  The Lite version includes: - EMA-based trend regime detection - Chandelier-based entry logic - Separate long and short exit logic - No direct reverse entries - Basic trend participation log"
https://www.tradingview.com/script/vX4g2EH0-Dual-Bollinger-Band-Cross-Strategy-v6/,Dual Bollinger Band Cross Strategy v6,vX4g2EH0-Dual-Bollinger-Band-Cross-Strategy-v6,PUB;c4e2cb83627443ff89a13cc296afe6b3,deependrasrivastavalko,strategy,1,1,15,0,0,2026-07-06T16:00:06+00:00,9,"this strategy work with basic line of bolliger band with different length and standard deviation on 30 min time frame this is swing strategy and only exit the trade when two basic bollinger band basic line crosses, can be used on any time frame but for best output do not use below 30min timeframe"
https://www.tradingview.com/script/Pw8w7bTM-WF-1-2-1-2/,WF 1-2-1-2,Pw8w7bTM-WF-1-2-1-2,PUB;771fc7f19a0a43e29fb044f06e126fb7,NX666,strategy,3,1,3,0,0,2026-07-06T15:04:03+00:00,9,"It was created only for long-term use. All pairs have an excellent win+ profit factor.The recommendation is to do exactly as indicated on the chart, do not make less than a stop at least+ trade only from risk, this is not a money machine - always think with your head before entering!!!"
https://www.tradingview.com/script/CzLuDuzf-Optimized-Doji-Breakout-Strategy-Short-Only-V6/,Optimized Doji Breakout Strategy (Short Only) V6,CzLuDuzf-Optimized-Doji-Breakout-Strategy-Short-Only-V6,PUB;8c4656688eaf435e86d962e0ebb223f1,deependrasrivastavalko,strategy,1,1,8,0,0,2026-07-06T11:32:01+00:00,9,"This strategy is based on 30 min time frame for Doji candle marked in yellow color. the sell trade will be taken as soon as Doji candle closed Followed by Red candle , it will optimize risk reward from 1:3 to 1:1.5 if market change its direction from trending to sideways on the basis of ATR The trade will also exit on intermediate green candle close"
https://www.tradingview.com/script/43eIQfDj-ATR-Trailing-Stop-Strategy-with-EMA-Trend-Filter/,ATR Trailing Stop Strategy with EMA Trend Filter,43eIQfDj-ATR-Trailing-Stop-Strategy-with-EMA-Trend-Filter,PUB;96ae04cda31a42d8a0fb885cd120e04b,AIScripts,strategy,1,1,31,0,1,2026-07-06T07:47:22+00:00,9,"Most stop-loss approaches treat risk as a fixed number, a percentage, a dollar amount, a set number of points. The problem with fixed stops is that they ignore the market's actual behavior at any given moment. A 1% stop that makes sense in a low-volatility environment will get hit constantly in a high-volatility one. A wide fixed stop that survives a volatile period is needlessly large when the market quiets down.  ATR-based trailing stops solve this by scaling the stop distance to what the mark"
https://www.tradingview.com/script/zmlXzncC/,Smoothed Heiken Ashi Strategy v1,zmlXzncC,PUB;b641a94b4ea9478596c21a6710e96850,yovanygarcia87,strategy,1,1,11,0,0,2026-07-06T06:29:11+00:00,9,"Lógica pedida: • Vela ROJA del indicador  -> cierra compras / entra en VENTA (confirmación)   • Se mantiene en venta hasta que aparece una vela VERDE (cierra la venta)   • Entra en COMPRA cuando aparece la 2a vela verde consecutiva   • Simétrico para las ventas (2a vela roja consecutiva = entrada corta)   ""Velas de confirmación"" = 2 por defecto (la 2a vela del nuevo color abre   posición). Cámbialo a 1 si quieres entrar con la primera vela."
https://www.tradingview.com/script/TxLyqb81-LAWA-Framework-AURUM-Strategy/,LAWA Framework AURUM Strategy,TxLyqb81-LAWA-Framework-AURUM-Strategy,PUB;d746866c978d4263a089d1d7394e6fbe,lawaframework,strategy,3,1,1,0,0,2026-07-06T05:30:40+00:00,9,"LAWA Framework Strategy - AURUM  The LAWA Framework Strategy is a rule-based trading system specifically optimized for Gold (XAUUSD) on the M15 timeframe. It is designed for systematic traders who require strict risk management and transparent, backtestable metrics.  Core Logic & Concept While this strategy utilizes standard technical elements, its value lies in the strict execution protocol and specific parameter tuning for XAUUSD volatility. The system identifies potential momentum breakouts u"
https://www.tradingview.com/script/EK7GJg11-FVG-IFVG-ATR-RR-Strategy-Fixed-Joan-Barrios/,FVG / IFVG ATR RR Strategy - Fixed ( Joan Barrios ),EK7GJg11-FVG-IFVG-ATR-RR-Strategy-Fixed-Joan-Barrios,PUB;57e521dcbebf4ae6bc0e411b771b8276,yoanybx,strategy,2,1,7,0,0,2026-07-06T04:13:26+00:00,9," FVG / IFVG ATR 2-1 RR Strategy   Quantum FVG / IFVG ATR RR Strategy is a Fair Value Gap strategy designed to identify confirmed market imbalances, manage inverted imbalance behavior, and execute trades with predefined stop-loss and take-profit logic.  This strategy focuses on two structural concepts:  1. Fair Value Gap continuation The script detects bullish and bearish Fair Value Gaps using a three-candle imbalance model. A bullish FVG is confirmed when the current candle leaves displacement a"
https://www.tradingview.com/script/jg9Mpcmj/,JAIRO PARRA,jg9Mpcmj,PUB;965b8f001af84acaa514f01ba96d606d,LassTradrer,strategy,1,1,6,0,0,2026-07-06T03:34:46+00:00,9,"Emas, revisa el porcentaje de rentabilidad en cada par al momento de usarla"
https://www.tradingview.com/script/BiRmup1d-FVG-IFVG-ATR-RR-Strategy-65-win-rate-SP500/,FVG / IFVG ATR RR Strategy  65% win rate SP500,BiRmup1d-FVG-IFVG-ATR-RR-Strategy-65-win-rate-SP500,PUB;7cb093f1a535449a94684fd25a5802fe,yoanybx,strategy,2,1,9,0,1,2026-07-06T03:22:24+00:00,9,"Quantum FVG / IFVG ATR RR Strategy - Fixed  Quantum FVG / IFVG ATR RR Strategy is a Fair Value Gap strategy designed to identify confirmed market imbalances, manage inverted imbalance behavior, and execute trades with predefined stop-loss and take-profit logic.  This strategy focuses on two structural concepts:  1. Fair Value Gap continuation    The script detects bullish and bearish Fair Value Gaps using a three-candle imbalance model. A bullish FVG is confirmed when the current candle leaves d"
https://www.tradingview.com/script/Q735l1Wc-Altcoin-Strategy-V1/,Altcoin Strategy - V1,Q735l1Wc-Altcoin-Strategy-V1,PUB;9478678b1771481caa88aa76936c7e27,lamtoppy388,strategy,2,1,8,0,0,2026-07-06T01:07:11+00:00,9,"Onchain Lifecycle H4 Strategy is a research-oriented crypto strategy designed for standard H4 candles.  The script combines price action with a static onchain setup snapshot. Instead of treating every breakout the same way, the model separates each supported token into lifecycle states using an event date and an onchain reference entry level.   Core concepts:    1. Static onchain anchor  The strategy uses a predefined event date and onchain reference entry level for each supported token. These v"
https://www.tradingview.com/script/YIz7UMrG-Liquidity-Concept-Xennku-Sweep-MSS-FVG-HTF-Delivery/,"Liquidity Concept [Xennku] - Sweep, MSS, FVG, HTF Delivery",YIz7UMrG-Liquidity-Concept-Xennku-Sweep-MSS-FVG-HTF-Delivery,PUB;9150c5cd2ffb477baa04db7569ea29b7,xennku,strategy,2,2,49,0,0,2026-07-05T20:39:36+00:00,9,"Full documentation: s.id/liquidity  Liquidity Concept is a mechanical strategy system built on the complete price delivery sequence:  Sweep -> Reversal -> MSS -> FVG/iFVG -> Entry  Three independent analysis layers run simultaneously:  ERL — External Range Liquidity Major swing highs and lows. Structural levels that attract the largest stop clusters.  IRL — Internal Range Liquidity Minor intraday swing levels. More frequent, faster to sweep.  HTF Delivery — Higher Timeframe Filter FVG and iFVG z"
https://www.tradingview.com/script/tOwKrPLq/,NQ/MNQ - Breakout Long v4,tOwKrPLq,PUB;4be1677a71794c63873d9bbb396c2ae0,euryg1246,strategy,2,1,9,0,0,2026-07-05T18:35:56+00:00,9,"NQ/MNQ – Breakout Long v4 (TradersPost)   – H1 Locked Automated long breakout strategy built specifically for Nasdaq 100 futures (NQ and MNQ), locked to the 1-hour timeframe to ensure consistency between backtesting and live execution. What does it do? Detects breakouts above key resistance levels on the 1-hour chart and opens long positions when price confirms momentum, filtering out false breakouts through confirmation filters. Key features:  H1 timeframe locked: the strategy only trades on it"
https://www.tradingview.com/script/ZxL34uho-Daily-Close-HA-Gap-Strategy-for-Testing/,Daily Close-HA Gap Strategy for Testing,ZxL34uho-Daily-Close-HA-Gap-Strategy-for-Testing,PUB;8af637d91bd24db89766076e276c0809,fondBird7020,strategy,1,1,21,0,0,2026-07-05T16:54:30+00:00,9,Daily Close-HA Gap Strategy for Testing   Daily Close-HA Gap Strategy for Testing   Daily Close-HA Gap Strategy for Testing   Daily Close-HA Gap Strategy for Testing
https://www.tradingview.com/script/AQF7N8qk-NY-15min-ORB-Strategy-for-GC/,NY 15min ORB Strategy for GC,AQF7N8qk-NY-15min-ORB-Strategy-for-GC,PUB;a1b6fcc803d44ce99f5f7f4555261bd7,tommyholtjr,strategy,2,1,2,0,0,2026-07-05T13:35:32+00:00,9,Designed specifically for trading Gold Futures GC1! during the New York session using the 15 min ORB along with a 35 EMA and 35 CDV EMA. You must have both the 35 EMA and CDV 35 EMA on the charts in order to use this strategy.
https://www.tradingview.com/script/FBWhneRX-BTC-8AM-Pattern-Breakout-Instant-Entry/,BTC 8AM Pattern Breakout Instant Entry,FBWhneRX-BTC-8AM-Pattern-Breakout-Instant-Entry,PUB;73406921ff1c4ed68fe28898d52723c6,abhijeetkawale,strategy,1,1,16,0,0,2026-07-05T08:58:31+00:00,9,heyyyyyyy this us tgev profiutsble stratrgy wer are here to show how 8 am strategy will trade effectively and  
https://www.tradingview.com/script/n6Ym2ekI-ORB-Bot-by-Uptrendz/,ORB Bot by Uptrendz,n6Ym2ekI-ORB-Bot-by-Uptrendz,PUB;4aec533831a84623b292f083655b1241,amysmith858,strategy,3,8,2,0,0,2026-07-04T21:45:14+00:00,10,"Orb Bot by Uptrendz trades opening range breakouts across three configurable sessions - Globex, London and New York. It records each session's opening range (default 30 minutes), enters when price closes beyond the range and, and optionally, retests the broken level before continuing (default on). Risk is managed with a stop at the opposite side of the range - protected by ATR padding and a minimum stop distance - plus two targets 1:2 and 1:4 RR with a 50/50 split, and an automatic move to break"
https://www.tradingview.com/script/qcuYijIN-XAU-Clear-EMA-ATR-Strategy-TP-SL-Voice-V6-Clean-TP/,XAU Clear EMA ATR Strategy TP SL Voice V6 Clean TP,qcuYijIN-XAU-Clear-EMA-ATR-Strategy-TP-SL-Voice-V6-Clean-TP,PUB;9bc59d133a3d4199b954091e2b31fd92,ionplesu88,strategy,1,1,11,0,0,2026-07-04T18:58:38+00:00,10,XAU Clear EMA ATR Strategy TP SL Voice V6 Clean TP is a strategy designed for XAU/USD with a clean visual layout and simplified target display.  The strategy uses two EMA moving averages to identify trend direction and ATR volatility to calculate adaptive Stop Loss and Take Profit levels.  BUY signals are generated when price confirms a move back above the fast EMA while the fast EMA is above the slow EMA. SELL signals are generated when price confirms a move back below the fast EMA while the fa
https://www.tradingview.com/script/V1gn0uGO-SMC-Clean-4H-Zones-Center-Labels-HH-HL-LL-LH/,SMC Clean 4H Zones Center Labels HH HL LL LH,V1gn0uGO-SMC-Clean-4H-Zones-Center-Labels-HH-HL-LL-LH,PUB;7b44309f04f943518ea2e0c59db02ad5,ionplesu88,strategy,1,1,15,0,0,2026-07-04T18:49:37+00:00,10,"SMC Clean 4H Zones Center Labels HH HL LL LH is a Smart Money Concepts strategy designed to keep the chart clean while displaying the most important institutional price action zones and structure levels.  The script includes Fair Value Gaps (FVG), Inverted Fair Value Gaps (IFVG), Order Blocks (OB), Breakers, Break of Structure (BOS), Change of Character (CHOCH), and market structure labels such as HH, HL, LH, and LL.  Supply and Demand zones are calculated from the 4H timeframe and displayed as "
https://www.tradingview.com/script/UAtABcBN-Wave-2-CDC-ActionZone/,Wave 2 + CDC ActionZone,UAtABcBN-Wave-2-CDC-ActionZone,PUB;0b7db6ffdd0a4a02856dc4b96118348e,filmworachai,strategy,2,2,7,0,0,2026-07-04T15:30:38+00:00,10,Overview   The Wave 2 + CDC ActionZone is a trend-following strategy designed to trade deep pullbacks. It combines the structural analysis of Elliott Wave Theory (focusing on Wave 2 retracements) with the momentum confirmation of the CDC ActionZone (EMA 12/26 crossover).   How It Works   This strategy uses a two-step confirmation process: Setup and Trigger.  1. The Setup – Multi-Timeframe Wave 2 Pullback  The script uses a built-in ZigZag algorithm to identify major swing lows (Base) and swing h
https://www.tradingview.com/script/zudiHFjK-XAU-Clear-EMA-ATR-Strategy-TP-SL-Voice-V6/,XAU Clear EMA ATR Strategy TP SL Voice V6,zudiHFjK-XAU-Clear-EMA-ATR-Strategy-TP-SL-Voice-V6,PUB;712471d8c1404512b25bd609fe9303f1,ionplesu88,strategy,1,1,25,0,0,2026-07-04T13:41:45+00:00,10,"XAU Clear EMA ATR Strategy TP SL Voice is a strategy designed for XAU/USD. It uses two EMA moving averages to identify market direction and ATR volatility to calculate clear Stop Loss and Take Profit levels.  BUY signals appear when price confirms a move back above the fast EMA while the fast EMA is above the slow EMA, showing bullish market conditions.  SELL signals appear when price confirms a move back below the fast EMA while the fast EMA is below the slow EMA, showing bearish market conditi"
https://www.tradingview.com/script/VcRiudNf/,MHIDa Strategy Honesty Dashboard,VcRiudNf,PUB;7318808fecc3425fb2bd3deb31a52349,MHIDa,strategy,1,1,10,0,0,2026-07-04T11:34:22+00:00,10,"WHAT IT IS An honesty dashboard for backtests. It runs the trades of a single, fully editable sample strategy through a strict bench of six checks and shows, with a green/red traffic light, whether the strategy passes or fails. The goal is to expose inflated numbers, not to celebrate them.  WHY THESE PARTS ARE TOGETHER A backtest and its stress tests belong on the same screen. The sample strategy produces the trades; the six panels immediately judge those same trades. Keeping them together means"
https://www.tradingview.com/script/Q8zHCuTr/,RSI MTF Strategy,Q8zHCuTr,PUB;a90f09bf0f3847c59a0d5a4f8401e108,hieuken1110,strategy,2,1,2,0,0,2026-07-04T10:20:41+00:00,10,Khi 2 khung tg đồng pha vs nhau thì sẽ báo L hoặc S
https://www.tradingview.com/script/IK3z2iJi-DTrade-Market-Structure-Strategy/,DTrade Market Structure Strategy,IK3z2iJi-DTrade-Market-Structure-Strategy,PUB;0e53fba043b7425bb03a75ffc34b93d0,Chris01anonymous,strategy,2,1,4,0,0,2026-07-04T10:11:21+00:00,10,"The DTRADE Market Structure Strategy is a professional TradingView strategy designed to help traders identify high-probability market opportunities using objective price action analysis.  The strategy automatically analyzes market structure, identifies trend shifts, and highlights potential trade opportunities based on the DTRADE trading framework. It is designed to assist with consistency, discipline, and risk management while reducing emotional decision-making. "
https://www.tradingview.com/script/qQUC1ncY-Apex-Fusion-AI-Smart-Trend-Engine/,Apex Fusion AI| Smart Trend Engine,qQUC1ncY-Apex-Fusion-AI-Smart-Trend-Engine,PUB;3d7ca25e8b1e4a7f9b6e0793ff40f10c,Tomukasss,strategy,1,1,39,0,0,2026-07-04T07:06:32+00:00,10,"Apex Fusion AI | Smart Trend Engine  Apex Fusion AI combines multiple high-probability trading concepts into a single confluence engine designed to filter low-quality setups and highlight only the strongest opportunities.  Instead of relying on a single indicator, it analyzes trend, momentum, market structure, volatility, and volume confirmation simultaneously.  Features  • EMA Trend Filter • SuperTrend Confirmation • MACD Momentum Analysis • Momentum Strength Filter • Fractal Market Structure ("
https://www.tradingview.com/script/xfbgC5CG-MTF-Bias-Range-EMA-RSI-Momentum-Strategy/,MTF Bias Range EMA RSI Momentum Strategy,xfbgC5CG-MTF-Bias-Range-EMA-RSI-Momentum-Strategy,PUB;df86c4af996243588f5caca182f60421,MATTROOSAbundance,strategy,2,1,2,0,0,2026-07-04T03:58:27+00:00,10,"This strategy is a multi-timeframe 5-minute trading system built to trade in the direction of the broader trend. It uses the 4-hour chart as the main market-structure range, then checks the 4-hour, 1-hour, and 30-minute trends before allowing a trade on the 5-minute chart.  The core idea is simple: only take **longs** when the higher timeframes all agree on bullish bias, and only take **shorts** when they all agree on bearish bias. It looks at EMA 20, EMA 50, and EMA 200 to define trend directio"
https://www.tradingview.com/script/CxLXiMwm-BPS-v17-Strong-Trend-Filter/,BPS v17 - Strong Trend Filter,CxLXiMwm-BPS-v17-Strong-Trend-Filter,PUB;2af877b6b4314699a927aecb3be53cbf,georgefushi,strategy,1,1,7,0,0,2026-07-03T22:11:01+00:00,10,"Approximates institutional (""big player"") sentiment by combining positioning flows, breadth, valuations, momentum, volume, risk, and trend protection. It generates clear BUY (green) or SELL (red) signals to identify rotation and accumulation/distribution zones. Ideal for filtering trades, especially options premium selling in value/rotation stocks."
https://www.tradingview.com/script/SOy4JYX2-BPS-v17-Strong-Trend-Filter/,BPS v17 - Strong Trend Filter,SOy4JYX2-BPS-v17-Strong-Trend-Filter,PUB;878a2b53f7b141d78a3ade5a2475c40c,georgefushi,strategy,1,1,5,0,0,2026-07-03T22:09:11+00:00,10,"Big Player Flow to calculate player sentiment. Approximates institutional (""big player"") sentiment by combining positioning flows, breadth, valuations, momentum, volume, risk, and trend protection. It generates clear BUY (green) or SELL (red) signals to identify rotation and accumulation/distribution zones. Ideal for filtering trades, especially options premium selling in value/rotation stocks."
https://www.tradingview.com/script/xaTFzMnD-Blueprint-Vol/,Blueprint Vol,xaTFzMnD-Blueprint-Vol,PUB;b5b68fef424d44619c39d6e20fed28d9,mantrafx,strategy,1,1,68,0,0,2026-07-03T16:29:01+00:00,10,teset puirporses only educawtion experiment  this is experimental yes
https://www.tradingview.com/script/83hmaEOQ-Tomukas-Elite-SMC/,Tomukas Elite SMC,83hmaEOQ-Tomukas-Elite-SMC,PUB;b17bb2ae412d4291a62682e83547427e,Tomukasss,strategy,1,1,325,0,0,2026-07-03T15:05:22+00:00,10,"Tomukas Elite SMC is a premium Smart Money Concepts strategy designed to focus on high-probability institutional setups instead of frequent signals.  The strategy combines three core concepts into a single trading framework:  Liquidity Sweeps Market Structure Shift (MSS/BOS) Fair Value Gap (FVG) Retracement  Rather than chasing price, the strategy waits for liquidity to be taken, confirms a genuine shift in market structure, and enters only after price retraces into an imbalance. This approach a"
https://www.tradingview.com/script/Iz7hze9A/,RTA,Iz7hze9A,PUB;cd21118f33d846afba9cdfe2ed22e5f1,D2wang,strategy,2,1,0,0,0,2026-07-03T04:46:07+00:00,10, 超买超卖策略（背景色进出）
https://www.tradingview.com/script/UiuCvb5p-Extreme-Reverse-System-Pridarasx/,Extreme Reverse System - [Pridarasx],UiuCvb5p-Extreme-Reverse-System-Pridarasx,PUB;95d91b35a4164247a9aa1e8ce775d677,Pridarasx,strategy,3,1,9,0,1,2026-07-03T04:20:39+00:00,10,"# Extreme Reverse System (ERS)  ### Executive Summary  The Extreme Reverse System (ERS) — High-Frequency Edition is a quantitative, multi-timeframe (MTF) directional strategy engineered to identify short-term exhaustion levels and structural liquidity traps. Built primarily for volatile, high-liquidity assets like Precious Metals (Gold/Silver) and major Equity Indices, the system utilizes an automated higher-timeframe selection algorithm to establish an institutional trend bias, executing highly"
https://www.tradingview.com/script/WMj1C3hq/,EMA 20/50/100/200 ,WMj1C3hq,PUB;33ae677bd6524ac48ed09470875b55a3,D2wang,strategy,2,1,1,0,0,2026-07-03T03:33:32+00:00,10,接触策略v6
https://www.tradingview.com/script/xjmYAnYo-sandhu-rise/,sandhu rise,xjmYAnYo-sandhu-rise,PUB;ad72b4614d544d1d8e6c2fce9b3586dc,drjaspreetsingh7,strategy,1,1,30,0,0,2026-07-03T03:23:35+00:00,10,"A trading indicator is a mathematical calculation based on price, volume, or open interest. Traders use these formulas to create visual lines or patterns on charts. They identify trends, gauge momentum, spot overbought or oversold conditions, and locate precise entry and exit points"
https://www.tradingview.com/script/eM6Jvome-Volt-Analytics-MES-NY-Negative-Striker-Beta-Test-2-8/,Volt Analytics: MES NY Negative Striker (Beta Test 2.8),eM6Jvome-Volt-Analytics-MES-NY-Negative-Striker-Beta-Test-2-8,PUB;5f74f652b5de4e36983d63c0332600c3,BWare321,strategy,2,2,1,0,0,2026-07-03T01:02:06+00:00,10,"█ OVERVIEW The Volt Analytics: NY Negative Striker is a fully automated algorithmic trading system engineered specifically for Micro Futures (MES, MNQ, MGC). This is the MES version and meant to be paired with MGC.   This system is built around high-probability intraday setups, utilizing multi-timeframe confluence and a highly structured risk management engine to protect capital while letting runners capture trend extensions.  █ KEY FEATURES • Multi-Timeframe Confluence: The engine cross-referen"
https://www.tradingview.com/script/uKxfRIuj-Volt-Analytics-MGC-NY-Negative-Striker-Beta-Test-2-8/,Volt Analytics: MGC NY Negative Striker (Beta Test 2.8),uKxfRIuj-Volt-Analytics-MGC-NY-Negative-Striker-Beta-Test-2-8,PUB;a7db4e4b88e54d3e859d74adb1e08687,BWare321,strategy,2,2,2,0,0,2026-07-03T01:00:27+00:00,10,"█ OVERVIEW The Volt Analytics: NY Negative Striker is a fully automated algorithmic trading system engineered specifically for Micro Futures (MES, MNQ, MGC). This is the MGC version and meant to be paired with MNQ or MES.   This system is built around high-probability intraday setups, utilizing multi-timeframe confluence and a highly structured risk management engine to protect capital while letting runners capture trend extensions.  █ KEY FEATURES • Multi-Timeframe Confluence: The engine cross-"
https://www.tradingview.com/script/aLtopEVi-Volt-Analytics-MNQ-NY-Negative-Striker-Beta-Test-2-8/,Volt Analytics: MNQ NY Negative Striker (Beta Test 2.8),aLtopEVi-Volt-Analytics-MNQ-NY-Negative-Striker-Beta-Test-2-8,PUB;1e54015ed0cd44e8ab5a2033fc370a0d,BWare321,strategy,2,2,1,0,0,2026-07-03T00:59:39+00:00,10,"█ OVERVIEW The Volt Analytics: NY Negative Striker is a fully automated algorithmic trading system engineered specifically for Micro Futures (MES, MNQ, MGC). This is the MNQ version and meant to be paired with MGC.   This system is built around high-probability intraday setups, utilizing multi-timeframe confluence and a highly structured risk management engine to protect capital while letting runners capture trend extensions.  █ KEY FEATURES • Multi-Timeframe Confluence: The engine cross-referen"
https://www.tradingview.com/script/dsdyuV8l-Buy-Sell-Indicator-For-Day-Trading-Series-50-07022026/,Buy/Sell Indicator For Day Trading Series 50-07022026,dsdyuV8l-Buy-Sell-Indicator-For-Day-Trading-Series-50-07022026,PUB;3805ee945be74f56b9b1c720f38a4ca3,Bonzodog,strategy,3,1,3,0,0,2026-07-02T23:35:07+00:00,10,"This script combines multi-timeframe trend confluence, a volatility-based regime filter, and a momentum-decay exit model into one signal and risk-management system. It exists to test a specific question: does a layered, multi-timeframe entry actually outperform a simpler trigger paired with disciplined exits — or does it just add noise? The combination is built to answer that directly, not merely to merge indicators. How it works: •	Trend confluence: Evaluates trend direction and momentum across"
https://www.tradingview.com/script/s3rovt6x/,Quantum Trade Signals PRO - Quantum Trades,s3rovt6x,PUB;9043e147a01d4d40a18a0f4431e03061,QuantumSignalsAI,strategy,3,4,4,0,0,2026-07-02T21:46:19+00:00,10,"Quantum Trade Signals PRO - Advanced Trend & Multi-Timeframe Strategy  Description Quantum Trade Signals PRO is a professional-grade strategy designed for traders seeking precision, versatility, and intelligent risk management. Whether you are trading for a prop firm or looking to capture high-probability trends, this tool offers a comprehensive suite of features in one interface.  Key Features:  AI-Driven Sensibility: Utilizes an Efficiency Ratio-based engine to dynamically adapt the HMA (Hull "
https://www.tradingview.com/script/b4HV7iJR-Optimal-F-by-Ralph-Vince-Position-Sizing-and-Risk-Analysis/,Optimal F by Ralph Vince. Position Sizing and Risk Analysis,b4HV7iJR-Optimal-F-by-Ralph-Vince-Position-Sizing-and-Risk-Analysis,PUB;c09f5b8c59224ecaa26edf37a0850272,Smollet,strategy,1,1,22,0,0,2026-07-02T17:39:48+00:00,10,"Even a profitable strategy can produce weak results when position sizing is poorly calibrated. A position that is too small limits capital growth, while excessive exposure can turn an ordinary losing streak into a severe drawdown. MM: Optimal F analyzes the actual trade results of your strategy and identifies the historical risk level that produced the highest geometric capital growth.  The script implements the Optimal F concept developed by Ralph Vince. The method searches for the fraction of "
https://www.tradingview.com/script/ffODQU0i/,test test test,ffODQU0i,PUB;ec525e15af39450498e5f40db525bb22,Alessio_Cattaneo,strategy,3,1,0,0,0,2026-07-02T15:46:19+00:00,11,sdfgdfg dfsdfgdfg dfsdfgdfg dfsdfgdfg dfsdfgdfg dfsdfgdfg dfsdfgdfg dfsdfgdfg dfsdfgdfg dfsdfgdfg dfsdfgdfg dfsdfgdfg dfsdfgdfg dfsdfgdfg dfsdfgdfg dfsdfgdfg dfsdfgdfg dfsdfgdfg dfsdfgdfg dfsdfgdfg dfsdfgdfg dfsdfgdfg dfsdfgdfg dfsdfgdfg dfsdfgdfg dfsdfgdfg dfsdfgdfg dfsdfgdfg dfsdfgdfg dfsdfgdfg df
https://www.tradingview.com/script/4OsZ6QMo-HBAR-RSI-Strategy-3Commas/,HBAR RSI Strategy [3Commas],4OsZ6QMo-HBAR-RSI-Strategy-3Commas,PUB;16ee1927dae84c8b8aa1e433afc2e7f8,3Commas,strategy,1,1,30,0,0,2026-07-02T15:13:52+00:00,11,"HBAR Long Strategy    🔷 What it does: This is a long-only DCA (Dollar-Cost Averaging) strategy for HBAR / USDT that opens a position only in deep-oversold conditions and then averages down on a fixed safety-order ladder. A base order fires when 4h RSI(14) drops below 28; if price keeps falling, five averaging orders add to the position at fixed deviations from the base entry, each larger than the last. The full position is closed at a fixed take-profit above the blended average entry. There is n"
https://www.tradingview.com/script/jDtMt9ga-SMB-Fashionably-Late-Scalp-9EMA-x-VWAP/,SMB Fashionably Late Scalp (9EMA x VWAP),jDtMt9ga-SMB-Fashionably-Late-Scalp-9EMA-x-VWAP,PUB;0c67428bf008463980adfe9398b05e52,bo77rader,strategy,1,1,13,0,0,2026-07-02T13:34:49+00:00,11,"SMB ""Fashionably Late Scalp"" (9 EMA × VWAP) — backtest & study tool  WHAT THIS IS An open, fully tunable Pine v5 strategy implementation of the ""Fashionably Late Scalp,"" a 9-EMA-crosses-VWAP intraday setup published by SMB Capital. It is built for honest backtesting and study of the setup's mechanics — not as a turnkey profitable system (see ""Honest notes on performance"" below).  THE SETUP (long; short is the mirror) 1. Divergence — a sustained move separates the 9 EMA from the session VWAP. 2. "
https://www.tradingview.com/script/xByKq2Id-451-1-KAILASH-JAIN-KALINGA-KARMAKSHETRA-MCX-SILVER-5MIN-ONLY/,451.1 KAILASH JAIN KALINGA - KARMAKSHETRA - MCX SILVER 5MIN ONLY,xByKq2Id-451-1-KAILASH-JAIN-KALINGA-KARMAKSHETRA-MCX-SILVER-5MIN-ONLY,PUB;2c36ae78972141af881f6400ec25a53f,viramjain,strategy,3,1,0,0,0,2026-07-02T12:22:59+00:00,11,"This strategy is rooted in my personal trading experience and the core logic I use for Silver trading. I am publishing this in the 'Invite-Only' section so my brother, Paras Bhai, can access the strategy and make informed trading decisions. I owe a great deal of credit to my mentor, Sir Vishal Malkan, a renowned name in technical analysis, whose guidance and efforts empowered me to develop such strategies. Over the years, I have built and managed around 400 different strategies, which I actively"
https://www.tradingview.com/script/YoWZFjZq-High-risk-High-reward-NDX-Daily-D-timeframe-78-year/,High risk / High reward - NDX Daily (D) timeframe - 78% / year,YoWZFjZq-High-risk-High-reward-NDX-Daily-D-timeframe-78-year,PUB;edf4cae6225546968c1895c2926df38a,finnick1111,strategy,1,1,21,0,0,2026-07-02T11:54:03+00:00,11,"NOTE: this best trades on Nasdaq (NDX) on the Daily (D) timeframe. This strategy has returned 78% per year over the last 10 years! Yes , 78%... It uses 7x leverage and has a drawdown 66% so very high risk."
https://www.tradingview.com/script/6vzrnAXG-INDYK-CORE-ADX-VISUAL-SAFE/,INDYK CORE + ADX + VISUAL SAFE,6vzrnAXG-INDYK-CORE-ADX-VISUAL-SAFE,PUB;52023e4e532d40eebbd0c91fe514fefc,NX666,strategy,3,1,0,0,0,2026-07-02T09:34:36+00:00,11,"Ebatel- private invite-only indicator designed for cryptocurrency intraday trading. It identifies potential long pportunities using trend filtering, pivot structure and confirmation logic. This script is intended for authorized users only. "
https://www.tradingview.com/script/2pqLJmrj-Trend-Sync-On-Crack-Algo-x-Vault/,Trend Sync On Crack [Algo x Vault],2pqLJmrj-Trend-Sync-On-Crack-Algo-x-Vault,PUB;5eb87bf6330944afb708b3454e9ff098,algoxvault,strategy,3,6,10,0,0,2026-07-02T07:02:20+00:00,11,"Note: Trend Sync on Crack is a separate, standalone strategy script from the original Trend Sync. It runs on the same core logic with different filters, which produces significantly more trades (700+ trades in the last year vs. 100+ trades with the original Trend Sync). Pick whichever version fits your trading style based on trade frequency and stats.  This script is a multi-confirmation trend-following strategy script optimized for MNQ futures. The script identifies directional bias and execute"
https://www.tradingview.com/script/SVKD2HRb-AsliGold-XAUUSD-DCH10-Trend-Breakout-Strategy/,AsliGold XAUUSD DCH10 Trend Breakout Strategy ,SVKD2HRb-AsliGold-XAUUSD-DCH10-Trend-Breakout-Strategy,PUB;e8ae9eca161b4f93b4d76b644bd80918,TheGoldenCircle,strategy,2,1,18,0,2,2026-07-02T05:08:51+00:00,11,"A rules-based daily breakout strategy for gold that only trades when the market is actually trending.   What It Does  This strategy takes long entries on XAUUSD using two conditions checked at every daily close:   Breakout: the close crosses above the highest high of the previous 10 sessions. Trend strength gate: ADX(14) must be above 20, so breakouts inside quiet, directionless ranges are skipped.   When both conditions are true, the entry is placed for the next daily open. Nothing is calculate"
https://www.tradingview.com/script/NjylXb5x-TWT-Grid-Strategy-3Commas/,TWT Grid Strategy [3Commas],NjylXb5x-TWT-Grid-Strategy-3Commas,PUB;7007a721c787479d97ab206e56003d7d,3Commas,strategy,1,1,7,0,0,2026-07-01T15:13:13+00:00,11,"TWT Grid Long Strategy    🔷 What it does: This is a long-only price-grid strategy that harvests volatility on TWT / USDT through repeated round-trips on a pre-defined ladder of price levels between two fixed bounds. Each level is an independent slot: when price crosses down through a level, the strategy opens one slot; when price subsequently crosses up through the level immediately above, that slot is closed for a fixed round-trip profit. The grid is generated geometrically by default, so spaci"
https://www.tradingview.com/script/Ae87teGL-VWAP-Points-Percent-Ticks-Strategy/,VWAP Points / Percent / Ticks Strategy,Ae87teGL-VWAP-Points-Percent-Ticks-Strategy,PUB;a3460760508647d5ac7b405c70747fa3,V9819484696,strategy,1,1,24,0,0,2026-07-01T05:30:20+00:00,11,VWAP Points / Percent Strategy   A simple and customizable VWAP-based trading strategy that generates long and short signals when price moves a user-defined distance away from the Volume Weighted Average Price (VWAP).
https://www.tradingview.com/script/X9yKSKdZ-Double-Dutch-Bot/,Double Dutch Bot,X9yKSKdZ-Double-Dutch-Bot,PUB;aae24ef5a8e94c24a07fe007941d159b,ShandoBando,strategy,3,11,2,0,0,2026-07-01T02:41:57+00:00,11,"# Double Dutch Bot  Double Dutch Bot is an automated trend-following strategy designed to identify potential long and short opportunities using a multi-layer confirmation process. The strategy combines smoothed price analysis, higher-timeframe market structure, liquidity sweep detection, volume and delta confirmation (optional), and a confidence scoring system to generate trade signals.  When all strategy conditions align, Double Dutch Bot automatically enters positions, manages predefined stop-"
https://www.tradingview.com/script/AZuY6JUq/,HCTtrend ,AZuY6JUq,PUB;6d156f0860e845ac8531ea7d67a1d9cf,giaodichcaphe24,strategy,2,1,2,0,0,2026-07-01T01:54:33+00:00,11,HCT trend Mua/Bán khi bắt đầu đảo xu hướng Mua khi giá chạm dải băng xanh Bán khi giá chạm dải băng đỏ
https://www.tradingview.com/script/KBGo0M77/,HCTtrend Strategy,KBGo0M77,PUB;e1911f35fd4d425dbec799ef68945f35,giaodichcaphe24,strategy,2,1,2,0,0,2026-07-01T01:50:07+00:00,11,HCT trend Mua khi giá đảo trend  Giá chạm dải băng xanh cho tín hiệu mua Giá chạm dải băng đỏ cho tín hiệu bán
https://www.tradingview.com/script/xK7GI7Bi-Hard-Entry-Exit-Rules/,Hard Entry & Exit Rules,xK7GI7Bi-Hard-Entry-Exit-Rules,PUB;f10978e059c443979bba5d1b54607e78,gvman99,strategy,1,1,15,0,0,2026-07-01T00:44:26+00:00,11,"A strategy built with a considerable amount of help with Claude.Ai.  This indicator/strategy takes a known profitable one and is intended to remove the ""human"" element to entries and exits, my biggest issue that prevents me from being profitable.  I know what I need to do, but emotion gets the better of me.  By doing this, I hope to reduce the amount of bad trades I take and take emotion out of the equation (or at least remove a considerable amount), with hard rules of when to get in and get out"
https://www.tradingview.com/script/VxbMvF97-Auto-Fib-EMA200-MTF-SamoAlgo-FIXED/,Auto Fib + EMA200 MTF [SamoAlgo] - FIXED,VxbMvF97-Auto-Fib-EMA200-MTF-SamoAlgo-FIXED,PUB;018867e1e63e4dcdbfe37ac92e885532,samo0o0,strategy,1,1,19,0,0,2026-06-30T20:54:07+00:00,11,"# Auto Fib + EMA200 MTF    **A multi-timeframe trend-confirmation strategy combining automatic Fibonacci retracement detection with EMA200 alignment across four timeframes.**  ## Overview  This strategy automatically detects swing structures (pivot highs/lows) and looks for high-probability retracement entries at a configurable Fibonacci level (default 61.8%), but only when the broader trend is confirmed across multiple timeframes simultaneously.  Unlike simple Fib tools that fire on every retra"
https://www.tradingview.com/script/vLnBMVhE-5m-asia-BUY-SELL-TP-SL/,5m asia | BUY/SELL + TP/SL,vLnBMVhE-5m-asia-BUY-SELL-TP-SL,PUB;c9d11a7a7261484bb2d8573cbbb79df2,Rubensanchezr1802,strategy,2,1,4,0,0,2026-06-30T20:51:07+00:00,11,asia session 5m chart open session work said tp and sl number of contract and how much you risk 
https://www.tradingview.com/script/cGBB3b8O-PM-Range-Breakout-Retest-Fade/,PM Range Breakout Retest Fade,cGBB3b8O-PM-Range-Breakout-Retest-Fade,PUB;068f49e2dedd49aeacbd99dd99f3d24e,Bradseaton05,strategy,1,1,4,0,0,2026-06-30T19:45:49+00:00,11,"Pre market high and low, signals for rejection and acceptance "
https://www.tradingview.com/script/eZsaqsZY-BTC-RSI-Strategy-3Commas/,BTC RSI Strategy [3Commas],eZsaqsZY-BTC-RSI-Strategy-3Commas,PUB;58e4bac723aa47e18f23e93bdb0b6bc4,3Commas,strategy,1,1,37,0,0,2026-06-30T11:54:34+00:00,11,"BTC RSI Strategy  🔷 What it does: This is a long-only DCA (Dollar-Cost Averaging) strategy for BTC / USDT that opens a position only in deep-oversold conditions and then averages down on a fixed safety-order ladder. A base order fires when 4h RSI(14) drops below 28; if price keeps falling, five averaging orders add to the position at fixed deviations from the base entry, each larger than the last. The full position is closed at a fixed take-profit above the blended average entry. There is no tra"
https://www.tradingview.com/script/S25aMEAb-HCTtrend-Strategy-More/,HCTtrend Strategy More,S25aMEAb-HCTtrend-Strategy-More,PUB;3f39513095354eb8918cbdbd0b24c5ed,giaodichcaphe24,strategy,2,1,4,0,0,2026-06-30T09:36:19+00:00,11,HCT trend Buy dải xanh Sell dải đỏ Chốt lời từng phần TP1 2 3
https://www.tradingview.com/script/y381O8BF-HCTtrend-Strategy/,HCTtrend Strategy,y381O8BF-HCTtrend-Strategy,PUB;28d08a56be114afe9de2743fb1cc4181,giaodichcaphe24,strategy,2,1,3,0,0,2026-06-30T09:24:14+00:00,11,HCT trend Mua khi giá về vùng dải băng xanh Bán khi giá về vùng dải băng đỏ
https://www.tradingview.com/script/OAYI7DyB-INVESTRADE-STRATEGY/,INVESTRADE STRATEGY,OAYI7DyB-INVESTRADE-STRATEGY,PUB;7c07badd7687481f99202686542ce993,Fawad887,strategy,3,1,4,0,0,2026-06-30T08:24:47+00:00,11,"INVESTRADE STRATEGY is an elite, multi-asset technical analysis engine designed to adapt flawlessly across every financial market. Engineered with universal algorithmic filters, this tool eliminates the need for separate indicators by providing high-probability market structure and momentum signals on Forex, Crypto, Indices, and Stocks. Whether you are catching intraday trend reversals or swing trading macro movements, INVESTRADE STRATEGY dynamically scales to current asset volatility to keep yo"
https://www.tradingview.com/script/HLyB4swD-V9-KENSHIN-BOOKMAP-REALTIME/,V9 KENSHIN BOOKMAP-REALTIME ,HLyB4swD-V9-KENSHIN-BOOKMAP-REALTIME,PUB;52ccc03f87394ed2b3ee98fe9dbba9ab,ThuThinhVuong8683,strategy,3,1,7,0,0,2026-06-30T08:04:13+00:00,11,V9 KENSHIN BOOKMAP-REALTIME   Bóng Vàng = PUM Bóng Trắng = DUM 
https://www.tradingview.com/script/X1tap85S-VWAP-Stdev-Bands-Reversal-Strategy/,VWAP Stdev Bands Reversal Strategy,X1tap85S-VWAP-Stdev-Bands-Reversal-Strategy,PUB;d4ea56a0232a47c4b7c67111d81e56b8,EvilEddie,strategy,1,1,51,0,0,2026-06-30T07:11:40+00:00,11,VWAP Stdev Bands Reversal Strategy basically. Reverse trades when it gets to extremes.
https://www.tradingview.com/script/N1OCoFkf-Bollinger-Squeeze-Breakout-Volume/,Bollinger Squeeze Breakout + Volume,N1OCoFkf-Bollinger-Squeeze-Breakout-Volume,PUB;f7cc96e006d34d7b87d9731bc119fa0c,AIScripts,strategy,1,1,174,0,0,2026-06-30T06:30:49+00:00,11,"A volatility contraction often precedes a volatility expansion. When Bollinger Bands narrow significantly, it signals that the market has entered a period of low energy, and low energy rarely lasts. This strategy is built around that principle: it waits for a genuine squeeze, then enters only when price breaks out of the bands with volume confirming that the move has real participation behind it, not just noise.   The logic   A squeeze is identified when the Bollinger Band width (the distance be"
https://www.tradingview.com/script/CiVJ4NQl-AlphaPro-ORB/,AlphaPro ORB,CiVJ4NQl-AlphaPro-ORB,PUB;2c081718335445808b5bfcfd359e4c62,ATM_Traders,strategy,3,2,5,0,0,2026-06-30T04:58:03+00:00,12,"AlphaPro ORB — Opening Range Breakout (index futures, intraday)  Builds an opening range from the first 15 minutes of the US cash session (09:30–09:45 New York), then trades a breakout of that range during the 10:00–11:30 NY window — one trade per day, flat by midday.  Entries • Long when price closes above the opening-range high; short when it closes   below the opening-range low. • Confirmation filters: EMA trend filter, strong-candle (body %) filter, and an   opening-range size filter (min/ma"
https://www.tradingview.com/script/L3OQOXxG/,ICT/SMC Scalper - Leezf,L3OQOXxG,PUB;7ef769dbdd6b4f23b18be5db86874ce1,xgaw6266,strategy,2,1,8,0,0,2026-06-30T04:21:48+00:00,12,剥头皮策略
https://www.tradingview.com/script/SUwo5Byo/,TableroQQQDTESTRATEGYR1M,SUwo5Byo,PUB;66193d3268d64141a092adac826f8761,bryan961122,strategy,2,1,0,0,0,2026-06-30T03:11:39+00:00,12,R1M Confluence Engine — Sistema de confluencia intradía Indicador de confluencia diseñado para operar índices y acciones líquidas en temporalidades intradía (1m–15m). Combina cuatro motores de lectura de precio con una capa de internos de mercado para filtrar el ruido y dar un sesgo direccional claro. Cómo funciona: El sistema evalúa cuatro motores y solo da una señal cuando hay alineación:  VWAP — define quién controla la sesión (compradores vs. vendedores). EMA 20 — confirma la tendencia intra
https://www.tradingview.com/script/JQogHlQ7-Sicari-Backtester/,Sicari Backtester,JQogHlQ7-Sicari-Backtester,PUB;9673d1f15be4440d8f5fef81a45326cf,damianawright,strategy,3,1,1,0,0,2026-06-30T01:36:45+00:00,12,"Sicari Backtester   Sicari Backtester is a standalone companion strategy for testing the current Sicari signal engine across different assets, timeframes, trading modes, leverage levels and historical periods.  It reproduces Sicari’s core regime logic using:    Fixed EMA 8/24 trend voting  Dynamic OBV smoothing selected by chart timeframe  Adaptive clustering SuperTrend  Automatic SuperTrend gating through 60 minutes  OBV-majority gating above 60 minutes  Chop-based flip blocking through 30 minu"
https://www.tradingview.com/script/97S8QHLT-Reverse-BB-KC/,Reverse BB/KC,97S8QHLT-Reverse-BB-KC,PUB;0382ca9ab87643ad8a30241260bb1508,Pedjata,strategy,1,3,13,0,0,2026-06-29T21:58:18+00:00,12,In a squeeze when the candle breaks and closes below the BB and KC the long position i placed and short if it breaks the top
https://www.tradingview.com/script/dLdjnPLD-XRP-RSI-Strategy-3Commas/,XRP RSI Strategy [3Commas],dLdjnPLD-XRP-RSI-Strategy-3Commas,PUB;ad53e7fe758f4cd69aec09ae2f36d91b,3Commas,strategy,1,1,28,0,0,2026-06-29T20:34:21+00:00,12,"XRP RSI Strategy    🔷 What it does: This is a long-only DCA (Dollar-Cost Averaging) strategy for XRP / USDT that opens a position only in deep-oversold conditions and then averages down on a fixed safety-order ladder. A base order fires when 4h RSI(14) drops below 28; if price keeps falling, five averaging orders add to the position at fixed deviations from the base entry, each larger than the last. The full position is closed at a fixed take-profit above the blended average entry. There is no t"
https://www.tradingview.com/script/CtFpKECD-Shinobi/,Shinobi,CtFpKECD-Shinobi,PUB;dda1721debb44153bb7de6ae920b0dc4,NOliver0220,strategy,1,1,280,0,0,2026-06-29T19:20:41+00:00,12,"This strategy uses Heikin Ashi exhaustion patterns and pullbacks to detect reversals within a Supertrend trend. It enters after momentum confirmation, placing the stop-loss at the previous candle’s extreme and targeting a 1:1 risk-reward ratio."
https://www.tradingview.com/script/K8hGc1VA-DhanAlgo-AI-Strategy/,DhanAlgo AI Strategy,K8hGc1VA-DhanAlgo-AI-Strategy,PUB;2664cb654439410cb3dce21487724f06,toranijigs,strategy,3,1,10,0,5,2026-06-29T18:02:52+00:00,12,"════════════════════════════════════════ DhanAlgo AI | V1.0 AI-Powered Market Intelligence Tool ════════════════════════════════════════  DhanAlgo AI is a next-generation AI-powered trading indicator built exclusively for Indian equity index traders. Designed for precision, speed, and clarity — it removes the noise and delivers only what matters: clear directional signals with intelligent candle-level visual confirmation.  No cluttered settings. No guesswork. Just signals.  ━━━━━━━━━━━━━━━━━━━━━"
https://www.tradingview.com/script/gXUBcS5x-ATR-LONG-S1/,ATR LONG S1,gXUBcS5x-ATR-LONG-S1,PUB;7c038b822fc642bda25408f42529780c,rahulverma997708,strategy,3,2,3,0,0,2026-06-29T08:14:48+00:00,12,"ATR LONG S1 is a rules-based TradingView strategy designed for structured long-side market analysis.  The strategy uses ATR trail logic, trend confirmation, candle momentum filtering, OBV oscillator filtering, ATM range filtering, time-window filtering, fixed stop loss, trailing take profit, trend-speed exit confirmation, and controlled re-entry logic.  This script is built for educational, analytical, and decision-support purposes only. It does not provide financial advice, investment advice, o"
https://www.tradingview.com/script/tu0aOwfm-ATR-SHORT-S2/,ATR SHORT S2,tu0aOwfm-ATR-SHORT-S2,PUB;92f3ecceff6c48359faf994fb61ed6d8,rahulverma997708,strategy,3,2,4,0,0,2026-06-29T08:11:24+00:00,12,"ATR SHORT S2 is a rules-based TradingView strategy designed for structured short-side market analysis.  The strategy uses ATR trail logic, trend confirmation, candle momentum filtering, OBV oscillator filtering, ATM range filtering, time-window filtering, fixed stop loss, trailing take profit, and controlled re-entry logic.  This script is built for educational, analytical, and decision-support purposes only. It does not provide financial advice, investment advice, or guaranteed trading results."
https://www.tradingview.com/script/akCEfYIh/,eth,akCEfYIh,PUB;f77f9cd478254ab4865a0f2f05018907,eimo2454,strategy,3,1,3,0,0,2026-06-29T05:55:45+00:00,12,eth很好用
https://www.tradingview.com/script/Na7pG4Ho/,lab,Na7pG4Ho,PUB;745b1196969f45b8845340a17ffc5a39,eimo2454,strategy,3,1,2,0,0,2026-06-29T05:45:56+00:00,12,lab专属
https://www.tradingview.com/script/EjthCuam-NDX-Monthly-MA-Env-Signal-Weekly-Execution/,NDX Monthly MA Env Signal Weekly Execution,EjthCuam-NDX-Monthly-MA-Env-Signal-Weekly-Execution,PUB;166aa5c1919c4fb5b836325dca21e24a,Showa_no_boo,strategy,1,3,49,0,2,2026-06-29T00:11:05+00:00,12,"NDX Monthly MA Env Signal Weekly Execution   A trend-following strategy on the Nasdaq-100 that uses monthly envelope bands for entry timing, executed on the weekly chart.  How It Works The monthly envelope: A 10-month simple moving average of NDX monthly closes defines the centreline. Top and bottom bands sit at ±5% from the median. Entry trigger: When the weekly close crosses above the monthly median (Launch), the strategy goes long. This captures the moment momentum shifts back into alignment "
https://www.tradingview.com/script/nBKnefqc/,Liquidity Geography Sweep and Gap Strategy (Swing),nBKnefqc,PUB;8d77eea2f5e948eca35f30fef24cc29f,z411392,strategy,1,5,11,0,0,2026-06-28T21:30:53+00:00,12,"A swing strategy built on liquidity geography. It trades stop-run reversals (liquidity sweeps) and range gap-fills, and draws the price-only terrain those moves react to. A sweep is detected when price pierces the latest confirmed swing pivot (the active liquidity pool) and closes back inside. The stop sits just beyond the swept extreme plus an ATR buffer, and the target is a risk-reward multiple or the opposite pool. The gap module fades range gaps back to the prior close and skips trending ses"
https://www.tradingview.com/script/PkVfV55q-RSI-2-Strategy-with-EMA30-Filter-Multiple-Exits/,RSI-2 Strategy with EMA30 Filter + Multiple Exits,PkVfV55q-RSI-2-Strategy-with-EMA30-Filter-Multiple-Exits,PUB;4cefe6ed46324a98ac4862a95df5535a,Olayinka26,strategy,2,1,3,0,0,2026-06-28T21:20:28+00:00,12,"RSI-2 based mean-reversion strategy filtered by a higher-timeframe trend regime (200 SMA) with an additional EMA30 entry filter to avoid counter-trend noise. Entries are triggered on extreme short-term RSI conditions, while exits are modular and selectable across multiple logic types including RSI reversion, moving-average reclaims, ADX-based regime shifts, breakout exhaustion, time-in-trade limits, and fixed SL/TP controls. The strategy includes layered risk management with a hard stop, optiona"
https://www.tradingview.com/script/hUlS7iCK-maga-ultimate-strategy-tothemoon/,Maga ULTIMATE Strategy TOTHEMOON,hUlS7iCK-maga-ultimate-strategy-tothemoon,PUB;4d68cc604ad84a70b72a125e8390c044,ali9look,strategy,3,1,2,0,1,2026-06-28T19:59:15+00:00,12,"Maga ULTIMATE Strategy TOTHEMOON   is built on the concept of comprehensive market analysis, combining dozens of indicators into a single, self‑adjusting decision‑making system. Instead of trying to read the market from a single signal, the strategy assembles a confluence of classic and proprietary tools: hourly momentum indicators with adaptive thresholds, Bollinger Bands, a trendline oscillator, an instantaneous trend indicator, an open interest filter, and a series of unique smoothing algorit"
https://www.tradingview.com/script/DR5CD1nv-maga-ultimate-strategy-top/,Maga ULTIMATE Strategy ToP,DR5CD1nv-maga-ultimate-strategy-top,PUB;7f6c115322c245b784aa9dc40aaf18ff,ali9look,strategy,3,1,2,0,0,2026-06-28T19:22:09+00:00,12,"Maga ULTIMATE Strategy ToP  is built on the concept of comprehensive market analysis, combining dozens of indicators into a single, self‑adjusting decision‑making system. Instead of trying to read the market from a single signal, the strategy assembles a confluence of classic and proprietary tools: hourly momentum indicators with adaptive thresholds, Bollinger Bands, a trendline oscillator, an instantaneous trend indicator, an open interest filter, and a series of unique smoothing algorithms.   "
https://www.tradingview.com/script/npwYG8ZB-Rafsan-Gold-Precision-Pro-TP-SL-Strategy/,Rafsan Gold Precision Pro [TP/SL] Strategy,npwYG8ZB-Rafsan-Gold-Precision-Pro-TP-SL-Strategy,PUB;e1a61b1e824b4c28b5f3539e31eedeee,Rafsan5700,strategy,2,3,9,0,0,2026-06-28T19:15:11+00:00,12,"# Rafsan Gold Precision Pro   Strategy  Rafsan Gold Precision   Strategy is the official backtesting version of the Rafsan Gold Precision trading system, developed exclusively for XAU/USD (Gold).  This strategy is designed to evaluate the performance of the trading logic through TradingView's Strategy Tester using fixed risk management rules and disciplined trade execution.  The strategy is intended for research, testing, and performance evaluation. All trading decisions are executed according t"
https://www.tradingview.com/script/diIVYXQ8/,KIZIL ELMA PRO 1.0 - AI SCALP WISARD,diIVYXQ8,PUB;3382aeb0b74649f7b0d760d9d8000491,OzgurOkuyan,strategy,2,1,2,0,11,2026-06-28T18:06:33+00:00,12,"KIZIL ELMA PRO 1.0 is a professional TradingView strategy featuring an AI-powered decision engine, multi-timeframe analysis, and intelligent position management. The system combines entry, exit, trend strength, energy, risk, TP probability, and AI decisions into a single cockpit panel, helping traders make faster and more informed decisions. Quick Guide Recommended timeframes: 1m, 5m and 15m Panel mode and position can be customized in the settings. For alerts, simply use ""Any alert() function c"
https://www.tradingview.com/script/vnfm8uFR-Milamar-Trading-OS-v6-8/,Milamar Trading OS v6.8,vnfm8uFR-Milamar-Trading-OS-v6-8,PUB;ffdf094451f34a7ea02a4cef1895dbb4,ytmilamar,strategy,3,1,1,0,0,2026-06-28T17:35:12+00:00,12,"// Changelog v6.8 // - Adds Trade Health Engine v1 for active trades // - Adds Trade Health mode input: OFF / ANALYSE / AUTO PAPER // - Calculates Health Score, status, recommendation and reason from trade age, MFE, MAE, TP1 progress and momentum // - Decouples Trade Health recommendations from current open PnL // - Evaluates setup delivery / trade structure instead of Dollar profit or loss // - Supports exactly three recommendations: Halten, SL auf BE, Hart raus // - Applies Trade Health recomm"
https://www.tradingview.com/script/hVV50cqI-RONBO-Wickless-15m-Ultimate-Pro/,RONBO Wickless 15m Ultimate Pro,hVV50cqI-RONBO-Wickless-15m-Ultimate-Pro,PUB;f1583614bfb94a9f819beb3ba3e68362,RONBOSIGNALS,strategy,1,1,4,0,0,2026-06-28T16:27:29+00:00,12,"Hier is een aanvullende, kortere Engelse handleiding die je specifiek kunt gebruiken voor de instellingen-sectie in TradingView (of als update in de beschrijving). Dit legt de focus direct op het instellen van de alerts en herinnert gebruikers aan de asset-specifieke filters voor BTC en XRP.  ---  ### ⚠️ Quick Setup Guide for Alerts & Assets  ```markdown ### 🚨 How to Create Automated Alerts To fully automate this strategy via Webhooks or TradingView notifications, follow these steps precisely:  "
https://www.tradingview.com/script/g6NLIObB-RONBO-Wickless-15m-Ultimate-Pro/,RONBO Wickless 15m Ultimate Pro,g6NLIObB-RONBO-Wickless-15m-Ultimate-Pro,PUB;3451f0ccfc344e6fa5beeeab68247062,RONBOSIGNALS,strategy,2,1,2,0,0,2026-06-28T16:24:47+00:00,12,"### 🚀 RONBO Wickless 15m Ultimate Pro  The **RONBO Wickless 15m Ultimate Pro** is an institutional-grade trend-following strategy designed specifically for the 15-minute timeframe. It capitalizes on high-momentum, institutional buying/selling pressure identified by ""Wickless"" candles (flat tops or flat bottoms) that occur in alignment with the macro trend.   ---  ### 📊 How the Strategy Calculates  1. **Macro Trend Definition:**    The strategy uses a **200-period Exponential Moving Average (EMA)"
https://www.tradingview.com/script/6NrWx3Fi-OI-CVD-Ichimoku-PRO-Strategy/,OI+CVD+Ichimoku PRO Strategy,6NrWx3Fi-OI-CVD-Ichimoku-PRO-Strategy,PUB;3ed830ebae03480286fc68c2fb17a4c5,egoigor1976,strategy,1,1,15,0,0,2026-06-28T16:01:08+00:00,12,"OI+CVD+Ichimoku PRO Strategy is a comprehensive trading system that combines classic trend-following mechanics with real-time institutional Order Flow analysis. This strategy is designed to filter out market noise and capture high-probability momentum moves by validating technical crossovers with actual market money flow.  💡 Core Concept The strategy operates on a three-tier confirmation system:  Trend Cloud (EMA Cloud): Utilizes a fast and slow EMA (default 13/25) to create a visual ""cloud."" Th"
https://www.tradingview.com/script/pvEyOwXy-XAUUSD-Hull-Pullback-Tester-2-0/,XAUUSD Hull Pullback Tester 2.0,pvEyOwXy-XAUUSD-Hull-Pullback-Tester-2-0,PUB;119c04d88fab46178f2adeef744ff060,the_wolf22,strategy,1,1,44,0,0,2026-06-28T15:03:31+00:00,12,Prop Firm Tester this uses Hull MA and MACD pullback to trade gold on the 15 minute chart
https://www.tradingview.com/script/5jjrL8eB-823trdzix-trdzix-30pepperstoneha-XAUUSD-Reversal/,823trdzix.trdzix.30pepperstoneha XAUUSD  Reversal ,5jjrL8eB-823trdzix-trdzix-30pepperstoneha-XAUUSD-Reversal,PUB;0b3ac82579e94b7a8aa6d022afa13523,btchunterozi,strategy,3,4,1,0,0,2026-06-28T14:05:56+00:00,13,823trdzix.trdzix.30pepperstoneha XAUUSD  Reversal 30 min heikin aishi 
https://www.tradingview.com/script/2O1Jq5ZY-Pass-most-prop-firm-challenges-with-this-pine-script/,Pass most prop firm challenges with this pine script ,2O1Jq5ZY-Pass-most-prop-firm-challenges-with-this-pine-script,PUB;385337a30fda47d8ac81fe67b418a0f1,finnick1111,strategy,1,1,45,0,3,2026-06-28T13:09:17+00:00,13,NOTE: This trades on Nasdaq on the Daily (D) timeframe. I made this pinescript to specifically help pass prop firm challenges. It holds overnight and over weekends. 
https://www.tradingview.com/script/ek2aOo0g-Optimized-Keltner-Channels-Strategy-NIFTY/,Optimized Keltner Channels Strategy [NIFTY],ek2aOo0g-Optimized-Keltner-Channels-Strategy-NIFTY,PUB;a793be00020e40b2a3d6648714613a2a,sudhank_naincy,strategy,1,1,16,0,0,2026-06-28T13:06:55+00:00,13,"Two gentle, mathematically sound optimization methods have been added to the original logic: Optional 200 EMA Trend Filter: Keeps your breakouts aligned with the macro trend (Longs only above 200 EMA, Shorts only below) . Optional Mid-Band Close Exit: Instead of waiting for a full opposite-channel breakout to exit, this closes the trade if the price closes past the Middle Band (the baseline). This cuts losses early without choking the trade with a tight ATR stop."
https://www.tradingview.com/script/gU6RDuh5-Universal-Strategy-Feed/,Universal Strategy Feed,gU6RDuh5-Universal-Strategy-Feed,PUB;01d8dfba57ff4ff490827d2d0f92d5be,Options360,strategy,1,2,383,0,0,2026-06-28T12:30:51+00:00,13,"  User Manual: Universal Strategy Feed The Universal Strategy Feed is a flexible Pine Script strategy designed to allow traders to backtest various technical entry signals and exit methodologies within a single, unified interface.  1. Overview This script operates as a ""meta-strategy."" Instead of being hardcoded for a single indicator, it allows you to select from seven different signal types and customize how they trigger trades.  2. Configuration Settings A. Signal Mode The Signal Mode determi"
https://www.tradingview.com/script/7aRO3Qf1/,L&L HTF Trend Cloud Strategy (JOE FREEDOM),7aRO3Qf1,PUB;500ebc5a6b0c448a9f27cd3cc62c4d13,JOEFREEDOM75,strategy,1,1,43,0,0,2026-06-28T12:17:55+00:00,13,Buy and sell entry!!!!!!!!!!!!!!!!!!!!!!!!!!!!!!!!!!!!!!!!!!!!!!!!!!!!!!!!!!!!!!!!!!!!!!!!!!!!!!!!!!!!!!!!!!!!!!!!!!!!!!!!!!!!!!!!!!!!!!!!!!!!!!!!!!!!!!!!!!!!!!!!!!!!!!!!!!!!!!!!!!!!!!!!!!!!!!!!!!!!!!!!!!!!!!!!!!!!!!!!!!!!!!!!!!!!!!!!!!!!!!!!!!!!!!
https://www.tradingview.com/script/FUxadl6Y-SOL-Trend-Catcher-CharonQuant/,SOL Trend Catcher ~ CharonQuant,FUxadl6Y-SOL-Trend-Catcher-CharonQuant,PUB;feb16cc6eff34ea39f99e06fe29985c2,CharonQuant,strategy,3,1,4,0,0,2026-06-28T10:23:13+00:00,13,"SOL Trend Catcher — CharonQuant   SOL Trend Catcher is a systematic trend-following strategy built exclusively for Solana on the daily timeframe. The strategy runs five independent trend models simultaneously, each built on a structurally different mathematical family, and aggregates their outputs into a unified directional score. A position is only taken when that score crosses zero, meaning a strict majority of models must agree before any trade is executed. The strategy operates as a perpetua"
https://www.tradingview.com/script/IaBzIy8h-ETH-Trend-Catcher-CharonQuant/,ETH Trend Catcher ~ CharonQuant,IaBzIy8h-ETH-Trend-Catcher-CharonQuant,PUB;899336f6f5244418b1b2ac4221cf8f7d,CharonQuant,strategy,3,1,3,0,0,2026-06-28T10:10:56+00:00,13,"ETH Trend Catcher — CharonQuant   ETH Trend Catcher is a systematic trend-following strategy built exclusively for Ethereum on the daily timeframe. The strategy runs six independent trend models simultaneously, each built on a structurally different mathematical family, and aggregates their outputs into a unified directional score. A position is only taken when that score crosses a defined conviction threshold, meaning a qualified majority of models must agree before any trade is executed. The s"
https://www.tradingview.com/script/rYlRAmM8-BTC-Trend-Catcher-CharonQuant/,BTC Trend Catcher ~ CharonQuant,rYlRAmM8-BTC-Trend-Catcher-CharonQuant,PUB;a3c789a2af8c4053a13c13b674e7192d,CharonQuant,strategy,3,1,4,0,0,2026-06-28T09:59:07+00:00,13,"BTC Trend Catcher — CharonQuant   BTC Trend Catcher is a systematic trend-following strategy built exclusively for Bitcoin on the daily timeframe. The strategy runs six independent trend models simultaneously, each built on a structurally different mathematical family, and aggregates their outputs into a unified directional score. A position is only taken when that score crosses a defined conviction threshold, meaning a qualified majority of models must agree before any trade is executed. The st"
https://www.tradingview.com/script/i90KnZdf-ETH-RSI-Strategy-3Commas/,ETH RSI Strategy [3Commas],i90KnZdf-ETH-RSI-Strategy-3Commas,PUB;55509726e0ca4e2fb2f62ee70d49dd10,3Commas,strategy,1,1,19,0,0,2026-06-28T09:26:36+00:00,13,"ETH RSI Strategy    🔷 What it does: This is a long-only DCA (Dollar-Cost Averaging) strategy for ETH / USDT that opens a position only in deep-oversold conditions and then averages down on a fixed safety-order ladder. A base order fires when 4h RSI(14) drops below 28; if price keeps falling, five averaging orders add to the position at fixed deviations from the base entry, each larger than the last. The full position is closed at a fixed take-profit above the blended average entry. There is no t"
https://www.tradingview.com/script/a8pqZ64W-Whale-DCA-XLMUSDT/,Whale DCA XLMUSDT,a8pqZ64W-Whale-DCA-XLMUSDT,PUB;00f857c89c284da481e169673cee3110,martsinkevich,strategy,2,1,2,0,0,2026-06-28T08:04:20+00:00,13,"Overview Whale DCA is a swing trading strategy for XLMUSDT on the 30‑minute chart that formalizes a dollar‑cost averaging (DCA) idea into a single planned entry. It is not intended to be used with leverage; the strategy is designed for non‑leveraged trading only.  Concept The strategy models a virtual DCA grid: levels where, in a classic DCA approach, multiple averaging buys could take place, but no real orders are placed at those intermediate levels. As conditions are met (such as the depth of "
https://www.tradingview.com/script/Z6ghe1IE-V1-FILTERED-unimax/,V1_FILTERED_unimax,Z6ghe1IE-V1-FILTERED-unimax,PUB;36c84139d5764e178ae78c5b94eaf08f,sunilkumarsheoran2,strategy,2,1,0,0,0,2026-06-28T07:55:27+00:00,13,"vwap reclaim test,  entry on specfic time windows. stocks only."
https://www.tradingview.com/script/vV6WIqhS-BNS-PAP-TRAPPER-PRO/,BNS PAP TRAPPER PRO ,vV6WIqhS-BNS-PAP-TRAPPER-PRO,PUB;02ffe1f7e33848a98aa6eb9b79ca229e,BNSTRADE,strategy,3,2,2,0,0,2026-06-28T06:33:14+00:00,13,"1 The BNS PAP TRAPPER waits for:  👉 Price to “fake out” traders 👉 Structure to confirm direction 👉 Then it gives a cleaner entry signal  So instead of entering early and getting trapped, you wait for confirmation and follow the real move.  💡 In one sentence:  It helps you avoid bad entries by waiting for the market to show its real direction after grabbing liquidity.               "
https://www.tradingview.com/script/WeHYTKiM-Done-52W-High-Breakout-EMA-Trend/,Done 52W High Breakout + EMA Trend,WeHYTKiM-Done-52W-High-Breakout-EMA-Trend,PUB;0eb52c023a9c43f88936ba00259d96e8,f20180822h,strategy,1,1,6,0,0,2026-06-28T06:29:40+00:00,13,Done 52W High Breakout + EMA Trend to allow 5 years backtest on 52w breakout
https://www.tradingview.com/script/mdOLRb2M-Final-52W-High-Breakout-EMA-Trend/,Final 52W High Breakout + EMA Trend,mdOLRb2M-Final-52W-High-Breakout-EMA-Trend,PUB;77e6bb71ea2a4be6b7e883cd9c6f07e3,f20180822h,strategy,1,1,4,0,0,2026-06-28T06:24:52+00:00,13,All time run on the performance to see how much money we would have made had we run this strtegy at 52w breakout with 100ema>200ema crossover
https://www.tradingview.com/script/kDSyX9or-All-time-52w-breakout-strategy/,All time - 52w breakout strategy,kDSyX9or-All-time-52w-breakout-strategy,PUB;8be90743512d47b297e1456d470ca9bf,f20180822h,strategy,1,1,4,0,0,2026-06-28T05:50:23+00:00,13,Strategy than runs from 1990 to 2026Jan for 52w breakout caputring
https://www.tradingview.com/script/C8Qkhv6z-Retail-Scaler-Buy-Low-Sell-High/,"Retail Scaler: Buy Low, Sell High ",C8Qkhv6z-Retail-Scaler-Buy-Low-Sell-High,PUB;12a280c02df5497aa0ec6556dd304360,chandri20,strategy,3,1,0,0,0,2026-06-28T00:19:51+00:00,13,"# Retail Scaler: Buy Low, Sell High ($1K)  ## Overview  Retail Scaler: Buy Low, Sell High ($1K) is a systematic mean-reversion trading strategy designed to identify oversold buying opportunities and overbought selling opportunities while maintaining strict account-based risk management.  Unlike traditional RSI strategies that use fixed lot sizes, this strategy dynamically calculates position size based on the current account equity and market volatility, ensuring that each trade risks only a pre"
https://www.tradingview.com/script/0vvrOpg1-HalfTrend-SNIPERMONKEY/,HalfTrend SNIPERMONKEY,0vvrOpg1-HalfTrend-SNIPERMONKEY,PUB;11a11726d64549ad9920fdfd1c5765c1,YashikaSatya,strategy,1,1,538,0,1,2026-06-27T18:21:54+00:00,13, The HalfTrend algorithm identifies trend direction by tracking swing highs and lows over a configurable amplitude period. It uses ATR-based channel bands to confirm trend transitions and generates buy/sell signals only when a genuine trend flip occurs — filtering out a large portion of noise compared to a standard moving average crossover.  Strategy Features 🕘 Session-Based Entry Window (9:20 AM – 3:20 PM IST)  Entries are restricted to market hours. No new positions are opened outside this win
https://www.tradingview.com/script/tvanwsBt-EMA-Cross-TP-SL-Strategy/,EMA Cross + TP/SL Strategy,tvanwsBt-EMA-Cross-TP-SL-Strategy,PUB;7a82c9a97477481ea20c0cebb0cf80ca,BatzAlgo,strategy,2,1,2,0,0,2026-06-27T15:26:11+00:00,13,"EMA Cross + TP/SL Strategy A strategy based on the crossover of two exponential moving averages (a fast EMA and a slow EMA). How it works:  Long entry when the fast EMA crosses above the slow EMA Short entry when the fast EMA crosses below the slow EMA Automatic exit via Take Profit / Stop Loss  Built-in options:  TP/SL by choice: pips, percent, or points Custom pip size (default for gold: 1 pip = $0.1) Multi-timeframe support — calculate the EMAs from a higher timeframe with repainting protecti"
https://www.tradingview.com/script/cXpZ682G-Tomukas-Edge/,Tomukas Edge ,cXpZ682G-Tomukas-Edge,PUB;abe4c79626964da8988fd46ad4909af0,Tomukasss,strategy,1,1,12,0,1,2026-06-27T14:15:28+00:00,13,"A professional trend-following strategy built around higher-timeframe direction, momentum confirmation, and disciplined trade execution. Designed to filter market noise by combining multiple confirmations into a single decision engine. Includes advanced risk management, strategy backtesting, and clean buy/sell signals for active traders."
https://www.tradingview.com/script/Hrc7Gfqe-McGinley-T3-Flow-Campaign-NICK789-v-1/,McGinley T3 Flow Campaign [NICK789] v.1,Hrc7Gfqe-McGinley-T3-Flow-Campaign-NICK789-v-1,PUB;8188390243e646cf9466d3eb890232c9,NICK789,strategy,1,1,637,0,0,2026-06-27T14:10:44+00:00,13,"McGinley T3 Flow Campaign is a trend-following strategy built around an adaptive signal trail and a campaign-style trade management model.  The script is designed to identify confirmed trend-flow transitions, open a long or short campaign, and then display entry, target, and optional stop levels directly on the chart. It is not intended to predict tops or bottoms. Instead, it waits for the selected flow engine to shift direction and then manages the trade as a structured campaign.  ━━━━━━━━━━━━━"
https://www.tradingview.com/script/7T0JUDc6-Tomukas-Quantum-Scalper-PRO-1H-Trend-Engine/,Tomukas Quantum Scalper [PRO] | 1H Trend Engine,7T0JUDc6-Tomukas-Quantum-Scalper-PRO-1H-Trend-Engine,PUB;054d52fb104c42e6804bd77020fe9579,Tomukasss,strategy,1,1,49,0,1,2026-06-27T13:53:23+00:00,13,"Tomukas Quantum Scalper   is built around one core principle: trade with the higher-timeframe trend instead of chasing every move.  The strategy uses the 1-hour trend as its directional filter, then waits for momentum, pullback, and confirmation to align before entering. Multiple conditions—including trend structure, momentum, strength, and volatility—work together to reduce low-quality signals and focus on cleaner opportunities.  Designed for active traders who value discipline over frequency, "
https://www.tradingview.com/script/f4y3p5r8-New-York-VWAP-Momentum-Strategy/,New York VWAP Momentum Strategy,f4y3p5r8-New-York-VWAP-Momentum-Strategy,PUB;4addc9edfc634c48b7429e94ac8991a0,Danish7421,strategy,1,1,6,0,0,2026-06-27T13:33:51+00:00,13,New York VWAP Momentum Strategy    This strategy is designed to identify momentum entries during the New York trading session using VWAP as the primary dynamic support/resistance level. It combines trend-following logic with strict risk management controls to help traders manage their daily trade frequency and exposure.   Key Features  Dynamic VWAP Filtering: Trades are only taken in the direction of the momentum when price is respecting the Session VWAP.  Customizable Time & Day Filters: Fully 
https://www.tradingview.com/script/D2nHwJlV/,Yield Spread Strategy V2,D2nHwJlV,PUB;c686cea5459f475e968df66a2424a0c6,ikaru95,strategy,2,1,6,0,0,2026-06-27T11:12:04+00:00,13,"# Yield Spread Fractal Strategy V1  ## Overview  Yield Spread Fractal Strategy V1 is a systematic trading strategy designed to combine intermarket analysis with market structure confirmation.  The strategy uses the yield spread between two countries' government bonds as a leading indicator to identify potential directional bias, then waits for a price action confirmation before entering a trade.  This approach aims to avoid premature entries by requiring both a macroeconomic signal (yield spread"
https://www.tradingview.com/script/hIn27HqX-ORB-Reversal-Strategy/,ORB Reversal Strategy,hIn27HqX-ORB-Reversal-Strategy,PUB;2d2a974b56eb4243ac6ff46455cd63c6,way2algotrade,strategy,2,1,0,0,0,2026-06-27T10:47:11+00:00,13,"The **ORB (Opening Range Breakout) Reversal Strategy** is an intraday trading strategy that looks for reversal opportunities when a breakout above or below the opening range fails. Instead of trading the initial breakout, it enters in the opposite direction after confirming the failed breakout, aiming to capture the reversal move. The strategy includes backtesting to evaluate historical performance and supports customizable opening range, stop-loss, and target settings. "
https://www.tradingview.com/script/qepn7Ht5-EMA-Pullback-Strategy/,EMA Pullback Strategy,qepn7Ht5-EMA-Pullback-Strategy,PUB;14c79886af2e4723969377f91af33627,way2algotrade,strategy,2,1,4,0,0,2026-06-27T10:42:38+00:00,14,The EMA Pullback Strategy is a trend-following trading strategy that identifies buying and selling opportunities when the price temporarily retraces to an Exponential Moving Average (EMA) and then resumes the main trend.
https://www.tradingview.com/script/dtdfEuKx-UT-Bot-Alerts-Maxtra-inputs/,UT Bot Alerts - Maxtra inputs,dtdfEuKx-UT-Bot-Alerts-Maxtra-inputs,PUB;c66c0bfa9e9e401c807c7fab19578fb3,way2algotrade,strategy,2,1,34,0,0,2026-06-27T10:33:41+00:00,14,"This Indicator with Backtest Strategy is a trend-following trading system that generates Buy and Sell signals based on changes in the Supertrend direction. It also includes a built-in backtesting strategy, allowing traders to evaluate how the strategy would have performed on historical price data."
https://www.tradingview.com/script/sk6MVZEb-Scam-or-Slam-Day-Trading-Rauf-Strategy/,Scam or Slam - Day Trading Rauf Strategy,sk6MVZEb-Scam-or-Slam-Day-Trading-Rauf-Strategy,PUB;f0716a62557341efb206426b0f173c58,MrWickTrading,strategy,1,1,143,0,0,2026-06-27T09:50:38+00:00,14,"**Scam or Slam - Day Trading Rauf Strategy**  This strategy is part of the Scam or Slam testing series, where publicly shared trading models are converted into mechanical TradingView strategies and stress-tested through backtesting.  This script is based on the Day Trading Rauf time-based range sweep model.  The core idea is simple:  1. Build the London time-based range from 01:12 to 02:12 New York time. 2. Build the New York time-based range from 08:12 to 09:12 New York time. 3. Wait for price "
https://www.tradingview.com/script/k9QHwXIp-ORB-Strategy-V2/,ORB Strategy V2,k9QHwXIp-ORB-Strategy-V2,PUB;97a4266018a64ae48d0b925d10d08a48,way2algotrade,strategy,2,1,2,0,0,2026-06-27T09:40:09+00:00,14,ORB (Opening Range Breakout) Strategy is one of the simplest intraday trading strategies. It is based on the idea that the market often makes a strong move after breaking the high or low of the opening trading range.
https://www.tradingview.com/script/lnBGmMLT-ATOM-RSI-Strategy-3Commas/,ATOM RSI Strategy [3Commas],lnBGmMLT-ATOM-RSI-Strategy-3Commas,PUB;5d3cba40fc5343c9bdaf200e6e12f4cc,3Commas,strategy,1,1,22,0,2,2026-06-27T08:53:44+00:00,14,"ATOM RSI Long Strategy    🔷 What it does: This is a long-only DCA (Dollar-Cost Averaging) strategy for ATOM / USDT that opens a position only in deep-oversold conditions and then averages down on a fixed safety-order ladder. A base order fires when 4h RSI(14) drops below 28; if price keeps falling, five averaging orders add to the position at fixed deviations from the base entry, each larger than the last. The full position is closed at a fixed take-profit above the blended average entry. There "
https://www.tradingview.com/script/4BoEZoYm/,Pullback & Rally Checklist [Strategy],4BoEZoYm,PUB;321ffcfabf7e4bee8e11e59fbb6563b3,noboru5963,strategy,3,1,1,0,0,2026-06-27T07:12:29+00:00,14,"Overview Struggling to track pullbacks and rallies across multiple charts without losing your consistency?  The Multi-Symbol Pullback & Rally Dashboard   is an advanced scanning and analysis tool designed to monitor trend-continuation setups across up to 6 different symbols simultaneously—all from a single chart.  Instead of subjectively guessing whether a setup is valid, this dashboard automatically scores each symbol against objective structural, trend, and volume conditions in real time. It s"
https://www.tradingview.com/script/7FrkOaBK/,lirunban,7FrkOaBK,PUB;c771a422b1f4443aa8d6470c32adf078,eimo2454,strategy,3,1,0,0,0,2026-06-27T05:53:17+00:00,14,很好用
https://www.tradingview.com/script/4Hb9SJY5-Coldside-Fakeout-Strategy/,Coldside-Fakeout-Strategy,4Hb9SJY5-Coldside-Fakeout-Strategy,PUB;085c53c6fa714104b7e425b7601f1820,syedsaifalicpa,strategy,2,1,2,0,0,2026-06-27T00:56:00+00:00,14,"Coldside Fakeout Strategy Coldside Fakeout is a market structure based strategy designed to identify possible fakeout and reversal opportunities using swing structure, BOS and CHoCH logic, retracement entries, higher timeframe trend filtering, and dynamic trade management.  The idea behind the strategy is that price often creates a structural break, pulls back into a better entry area, and then continues in the intended direction. Instead of entering immediately at the breakout close, the strate"
https://www.tradingview.com/script/aqQpAkld-GEMQCRS-Automated-Sniper-System/,GEMQCRS Automated Sniper System,aqQpAkld-GEMQCRS-Automated-Sniper-System,PUB;9722bf78a2054a378d80df2e2c4a3c0f,BallzDeep69247,strategy,2,1,0,0,0,2026-06-26T21:15:56+00:00,14,"🚀 GEMQCRS Automated Sniper System (v1.0)  System Paradigm: High-Velocity Swing Trading & Capital Allocation  Execution Type: Fully Automated Strategy / Scanner Protocol📋   Executive Summary The GEMQCRS Automated Sniper System is designed to hunt for institutional-grade setups using a combination of structural market macro-filters, micro-price parameters, and a signature ""AI Simulated"" relative exhaustion trigger. Rather than over-exposing capital to single positions, the architecture splits a $3"
https://www.tradingview.com/script/zpIyp7KB-Initial-Balance-BO-Strategy/,Initial Balance BO Strategy,zpIyp7KB-Initial-Balance-BO-Strategy,PUB;4732849691c14a8a937d5bda5006fadf,MIKMani,strategy,1,1,337,0,0,2026-06-26T14:27:57+00:00,14,"The entry strategy was purely based on Market Profile. The entry and exit were based on the Market Profile day structure. Entries were always initiated from 10:15 AM. The targets were based on the day profile structure. The day structure consisted of: Normal Day, Normal Variation Day, Neutral Day, Neutral Centre Day, Neutral Extreme Day, Trend Day, and Non-Trend Day."
https://www.tradingview.com/script/nkjbIGr7/,MEIR2323,nkjbIGr7,PUB;44f2463bc11c4bba8109be1d68f745d7,meir2903,strategy,2,1,1,0,0,2026-06-26T13:42:48+00:00,14,"MMM  JRJHTRTH FVY FNHFH IFVG WREGHDFH ET , Rdfhghhghg tyty"
https://www.tradingview.com/script/C65PIsT9/,ChromaPulse 5D Tactical Optimized - CN,C65PIsT9,PUB;856b8c23b04c4467a3ce580eac4ad487,TA-888,strategy,3,1,2,0,0,2026-06-26T12:12:41+00:00,14,"**ChromaPulse 5D Tactical Optimized — Advanced Multi-Dimensional Trend & Volatility Strategy**  ChromaPulse 5D Tactical Optimized is an algorithmic, closed-source trading strategy designed for professional traders seeking to identify high-probability breakout momentum while screening out low-volatility noise and sideways consolidations.  ### Core Algorithmic Logic & Calculation Concepts  * **Adaptive Exponential Moving Average (EMA) Slope:** The strategy continuously measures the velocity and an"
https://www.tradingview.com/script/Obv27ppz-RSI-Divergence-EMA-Filter-Proozac/,RSI Divergence + EMA Filter [Proozac],Obv27ppz-RSI-Divergence-EMA-Filter-Proozac,PUB;bb9e4013735e44e383da1df79a95da78,Proozac98,strategy,1,1,25,0,0,2026-06-26T12:03:29+00:00,14,"RSI DIVERGENCE + EMA FILTER STRATEGY   A fully backtestable trading strategy that combines RSI divergences with an optional EMA trend filter to identify high-probability reversal entries while trading in the direction of the dominant trend.  I like to filter it in 5m and use it like its uploaded, that's my personal advice. You will see good winrate in stocks and almost in any index.  The strategy automatically manages every position with ATR-based stop-loss and take-profit levels, with the optio"
https://www.tradingview.com/script/IoYIfKqo/,"Multi-MA Slope, ADX ",IoYIfKqo,PUB;9af95b011429485dae821680d5b3378a,hkbayram,strategy,1,5,23,0,0,2026-06-26T09:57:12+00:00,14,"TradingView Script Description  Suggested Title: Advanced Multi-MA Slope, ADX & Cross System v8.0    🚀 Strategy Overview Welcome to v8.0 of the popular Advanced Moving Average series, completely rewritten and optimized from scratch under the latest Pine Script v6 architecture. This update brings massive speed, memory efficiency, and execution precision to your backtesting and live trading.  Unlike traditional single-indicator setups, this version introduces a highly scalable Dynamic Multi-MA Cor"
https://www.tradingview.com/script/7cAVZopZ-FIL-Grid-Strategy-3Commas/,FIL Grid Strategy [3Commas],7cAVZopZ-FIL-Grid-Strategy-3Commas,PUB;041fe131144343369db2f1c2bd95390d,3Commas,strategy,1,1,12,0,0,2026-06-26T09:42:32+00:00,14,"FIL Grid Strategy    🔷 What it does: This is a long-only price-grid strategy that harvests volatility on FIL / USDT through repeated round-trips on a pre-defined ladder of price levels between two fixed bounds. Each level is an independent slot: when price crosses down through a level, the strategy opens one slot; when price subsequently crosses up through the level immediately above, that slot is closed for a fixed round-trip profit. The grid is generated geometrically by default, so spacing ad"
https://www.tradingview.com/script/mkBo9Zyp/,DongbiMao Spot Trend Strategy,mkBo9Zyp,PUB;cc958b964e2b484186139876873f3698,ant2647986875,strategy,2,1,3,0,0,2026-06-26T08:31:02+00:00,14,说到做到
https://www.tradingview.com/script/rBVci5lF-Algo-Torma-super-scalper-ETHUSD-P/,Algo Torma super scalper(ETHUSD.P),rBVci5lF-Algo-Torma-super-scalper-ETHUSD-P,PUB;d85eeca6ead149c0813ae7e39982d5fc,AlgoTorma,strategy,3,1,1,0,0,2026-06-26T05:15:52+00:00,14,"Overview A mean-reversion scalping strategy for ETHUSD.P on the 2-minute and 5-minute timeframes. It enters on RSI exhaustion — waiting for an overbought/oversold extreme, then for momentum to turn back — and manages every trade with a fixed hard stop plus a trailing stop, both set in USDT. The script is locked to ETHUSD.P and the 2m/5m timeframes and will error on any other symbol or timeframe. Logic Signals (RSI reversal, evaluated on the closed bar):  Long: prior-bar RSI was the lowest of the"
https://www.tradingview.com/script/3Ufgpg87-52W-High-Breakout-EMA-Trend/,52W High Breakout + EMA Trend,3Ufgpg87-52W-High-Breakout-EMA-Trend,PUB;4f0019ebf6674412a491d6d12b668d34,f20180822h,strategy,2,1,2,0,0,2026-06-26T04:21:07+00:00,14,Check the stock momentum increase. The stock breaks its 52w with a 100EMA>200EMA - that makes it a perfect entry to go bullish
https://www.tradingview.com/script/0wggzSk5-JUP-RSI-Long-Strategy-3Commas/,JUP RSI Long Strategy [3Commas],0wggzSk5-JUP-RSI-Long-Strategy-3Commas,PUB;8e52ad540d484361bac2133b5aa982df,3Commas,strategy,1,1,39,0,0,2026-06-25T14:42:19+00:00,14,"JUP RSI Long Strategy    🔷 What it does: This is a long-only DCA strategy with a selective oversold entry and a scaling safety-order ladder. A long entry opens only when the 4-hour RSI falls below 28 (deep oversold). Five safety orders then fire at fixed deviations from base entry (−2%, −5%, −9.5%, −16%, −25%) with sizes scaling 1.8× on every rung ($900 → $1,620 → $2,916 → $5,249 → $9,448 from a $500 base). Exit is a fixed 3% Take Profit from average entry. No trailing, no Stop Loss.   - Single "
https://www.tradingview.com/script/0c6h7eQy-BOX-Structure-Strategy-v1-72-Stage2-BO-BD/,BOX Structure Strategy v1.72 - Stage2 BO+BD,0c6h7eQy-BOX-Structure-Strategy-v1-72-Stage2-BO-BD,PUB;f4d15563175b4d46804f343963c705f9,cm28689_monkey,strategy,1,1,17,0,0,2026-06-25T09:08:23+00:00,14,BOX Structure Strategy v1.72 - Stage2 BO+BDBOX Structure Strategy v1.72 - Stage2 BO+BDBOX Structure Strategy v1.72 - Stage2 BO+BDBOX Structure Strategy v1.72 - Stage2 BO+BDBOX Structure Strategy v1.72 - Stage2 BO+BDBOX Structure Strategy v1.72 - Stage2 BO+BDBOX Structure Strategy v1.72 - Stage2 BO+BDBOX Structure Strategy v1.72 - Stage2 BO+BD
https://www.tradingview.com/script/nRklAGPI-3-max-drawdown-Performs-just-as-good-as-Nasdaq/,3% max drawdown - Performs just as good as Nasdaq,nRklAGPI-3-max-drawdown-Performs-just-as-good-as-Nasdaq,PUB;3f55af48cb1a45da81e90467f55b0d63,finnick1111,strategy,1,1,55,0,2,2026-06-25T08:10:49+00:00,14,"Hi everyone, this pine script best works on NDQ and SPX. It has a roughly 3% max drawdown over 21 years!! Also, It performs Just as good as Nasdaq and the S&P 500! Enjoy"
https://www.tradingview.com/script/bN8jxMy5-Momentum-Squeeze-Breakout-Engine/,Momentum Squeeze Breakout Engine,bN8jxMy5-Momentum-Squeeze-Breakout-Engine,PUB;092b0fa7026f4ec98d7c0d0a345c9f27,Pridarasx,strategy,1,1,21,0,0,2026-06-25T03:29:26+00:00,14,"Description  *Momentum Squeeze Breakout Engine* is a quantitative, trend-following breakout strategy engineered to capture explosive directional moves emerging from periods of asset compression (squeezes). By combining precise volatility boundaries, structural market sentiment filters, and micro-momentum triggers, this strategy systematically avoids false breakouts.  ### Core Mechanics & Features   1. Volatility Squeeze Identification  The foundation of this strategy relies on the relationship b"
https://www.tradingview.com/script/7GPjR3Kf/,BTC Halving Cycle Strategy,7GPjR3Kf,PUB;8644bf829b3440fb891e6c0f2741375a,Money_addixt,strategy,2,2,10,0,0,2026-06-24T18:15:39+00:00,14,"Overview  A fully automated macro rotation strategy built around Bitcoin halving cycles. No technical indicators, no RSI, no moving averages — just one rule: position yourself ahead of each halving and rotate automatically. Entries, exits, and reversals are all handled by the script based on pre-defined cycle dates.   How It Works  The strategy runs on a three-phase cycle that repeats at every halving:     Go LONG — 500 days before each halving (H - 500d). The strategy enters a long position and"
https://www.tradingview.com/script/MfA2wCw6-NEFTALI-CRT-H3-Zonas-Vela-0-CHoCH/,NEFTALI CRT H3 Zonas Vela 0 + CHoCH,MfA2wCw6-NEFTALI-CRT-H3-Zonas-Vela-0-CHoCH,PUB;0ae4efaf93144bf69e619be515d762cc,neftalir92,strategy,1,1,20,0,0,2026-06-24T17:26:03+00:00,14,"It is a very  simple strategy to trade CRT , it is on the the sweep of the high or low in h3, and then change of character in m2, the easiest way to make money. RR/5 IS GOOD RATIO  for this strategy."
https://www.tradingview.com/script/pb6y6oVM-BB-KC-Squeeze-Breakout/,BB/KC Squeeze Breakout,pb6y6oVM-BB-KC-Squeeze-Breakout,PUB;8a85c19c91524032848dfce4c2bd451f,Pedjata,strategy,1,7,5,0,0,2026-06-24T15:37:10+00:00,15,BB and KC breakout.  A  M15 and M1 TF on BB need to be inside the KC. Entry is on the M1 break
https://www.tradingview.com/script/9Mjjh7tc-Ombanyu-Perang-Benua/,Ombanyu Perang Benua,9Mjjh7tc-Ombanyu-Perang-Benua,PUB;8c8514383c084943938837c7fbff92b4,ardani17,strategy,1,1,21,0,0,2026-06-24T15:26:45+00:00,15,// Gold Continent War — NY vs. Asia/London strategy session. Last hour low // NY = key level. Asia break = Short. Asia + London hold = Long. SL/TP // ATR + R:R 2:1. Education & backtesting; not financial advice.
https://www.tradingview.com/script/u1e0kHDc-NeoCloud-Flip-ATR-by-Janek/,NeoCloud Flip ATR by Janek,u1e0kHDc-NeoCloud-Flip-ATR-by-Janek,PUB;a38602cf2b474237a00326463387b790,janekpawel,strategy,2,6,6,0,0,2026-06-24T13:50:10+00:00,15,NeoCloud Flip ATR by Janek testowa werjsa neocloud i innych códów :D
https://www.tradingview.com/script/krVNawE6-Multi-Pattern-Prototype-ORB-Candles-Trend-Filter/,Multi-Pattern Prototype (ORB + Candles + Trend Filter),krVNawE6-Multi-Pattern-Prototype-ORB-Candles-Trend-Filter,PUB;a5d834fe2775433b832d9593b1f8ce85,jacobpahomi3,strategy,2,1,4,0,0,2026-06-24T13:26:12+00:00,15,"What it does  The script looks for ORB breakouts after the opening range is set, then overlays candle-pattern triggers and a 21/50 EMA trend filter so signals are not completely context-blind. It also auto-places ATR-based stops and fixed  𝑅 R-multiple targets, which is a practical way to convert pattern recognition into a backtestable strategy instead of a visual-only indicator.  Patterns included Right now it includes:  Opening Range Breakout long/short logic.  Bullish and bearish engulfing de"
https://www.tradingview.com/script/ATF5bdhc/," ALMA Slope, ADX & Cross System ",ATF5bdhc,PUB;fb76bbb0d83f4ff2b0f75e7a36f7e6e1,hkbayram,strategy,1,3,11,0,0,2026-06-24T13:08:31+00:00,15,"Strategy Description : OverviewThe Advanced ALMA Slope, ADX & Cross System v7.6 is a high-performance, modular trend-following strategy built on Pine Script v6. Designed for algorithmic traders, this system leverages the mathematical precision of the Arnaud Legoux Moving Average (ALMA) to eliminate the lag inherent in traditional moving averages while maintaining superior smoothing capability.What sets this system apart is its Dynamic Volatility Adaptability and Bar-Confirmed Re-entry Engine, cr"
https://www.tradingview.com/script/j386B03F-EdgeIQ-OR-VWAP-Engine/,EdgeIQ OR + VWAP Engine,j386B03F-EdgeIQ-OR-VWAP-Engine,PUB;9a43b17793f54ed5aa875a799f14f2ce,EdgeIQ,strategy,3,6,5,0,0,2026-06-24T11:12:46+00:00,15,"A nifty trade setup based on opening range and vwap with entry, SL and Take Profit and Forced Exit signals  OR + VWAP Engine v3 A full intraday trade engine for Nifty futures & options, built around the Opening Range and VWAP standard deviation bands. Each morning it classifies the day (Trend Up / Trend Down / Range), then hunts for entries across six distinct setups: Early Positional, Band-Ride, Pullback, Fade, Late Breakout, and V-Reversal. Auto-manages SL, TP, VWAP-kill exits, and forced EOD "
https://www.tradingview.com/script/YBB12317-POL-RSI-Long-Strategy-3Commas/,POL RSI Long Strategy [3Commas],YBB12317-POL-RSI-Long-Strategy-3Commas,PUB;d3ddb37d291a4fb9a20b5bfd39f24857,3Commas,strategy,1,1,25,0,0,2026-06-24T09:12:53+00:00,15,"POL RSI Long Strategy    🔷 What it does: This is a long-only DCA strategy with a selective oversold entry and a scaling safety-order ladder. A long entry opens only when the 4-hour RSI falls below 28 (deep oversold). Five safety orders then fire at fixed deviations from base entry (−2%, −5%, −9.5%, −16%, −25%) with sizes scaling 1.8× on every rung ($900 → $1,620 → $2,916 → $5,249 → $9,448 from a $500 base). Exit is a fixed 3% Take Profit from average entry. No trailing, no Stop Loss.   - Single "
https://www.tradingview.com/script/IFSv46kK-Tomukas-Daily-Scale-In/,Tomukas Daily Scale-In,IFSv46kK-Tomukas-Daily-Scale-In,PUB;dd35aa2f26e342beaf1df68a4759d72b,Tomukasss,strategy,1,1,25,0,3,2026-06-24T06:53:17+00:00,15,"  I used to think entries were everything.  The more I trade, the more I think most traders are obsessed with the wrong thing.  Everyone wants the perfect entry.  Nobody talks about what happens after the trade is open.  This strategy is built around an idea I've been testing for a long time:  Build the position. Don't marry the entry.  The Daily timeframe is where this framework makes the most sense.  Less noise. Less stress. Less staring at charts.  You get a signal, build the position if need"
https://www.tradingview.com/script/dU643vz2-BCH-RSI-Strategy-3Commas/,BCH RSI Strategy [3Commas],dU643vz2-BCH-RSI-Strategy-3Commas,PUB;ae7db22698d049699ecb6b2068b87916,3Commas,strategy,1,1,15,0,0,2026-06-23T09:10:50+00:00,15,"BCH RSI Strategy    🔷 What it does: A short-only, momentum-fade DCA system for Bitcoin Cash. The deal arms the moment a fast push higher exhausts itself: the RSI(9) — sampled on the 5-minute timeframe — must cross back DOWN through 80. The strategy itself runs on the 15-minute chart, which acts as the execution/confirmation layer: signals are evaluated and orders fire at 15m bar close, while the trigger reads the lower-timeframe RSI. From the base short, up to three averaging orders stack at +1%"
https://www.tradingview.com/script/UiHxkJgM-AlgoSentry-Index-Futures-Strategy-Nasdaq-and-Russell/,AlgoSentry Index-Futures Strategy - Nasdaq and Russell,UiHxkJgM-AlgoSentry-Index-Futures-Strategy-Nasdaq-and-Russell,PUB;75e4e48e47e549daba32e58e8b434613,motinoa7,strategy,3,1,3,0,0,2026-06-23T06:10:59+00:00,15,"AlgoSentry Index-Futures Strategy is a closed-source, systematic decision framework for micro index futures. It is not a single indicator and not a combination of signals — it is a rule-based process that evaluates several independent dimensions of market behavior and permits a trade only when they align. The originality is in the architecture: how market states are classified, how independent decision layers interact, how conflicting conditions are filtered, and how the complete trade lifecycle"
https://www.tradingview.com/script/cQHGfHEW-10-Tech-Indexes-Score-System-Proozac/,10 Tech Indexes Score System [Proozac],cQHGfHEW-10-Tech-Indexes-Score-System-Proozac,PUB;2651dd7c8afb481ea0522dd6be2ca475,Proozac98,strategy,1,1,5,0,0,2026-06-22T19:24:51+00:00,15,"Scalping – 10 Tech Indexes Score System  This strategy combines 10 technical indicators split into two groups — directional and volatility/volume — each weighted by reliability. Every bar, scores are averaged over a configurable sliding window and compared against a minimum threshold to generate long or short signals. Directional indicators (total weight: 50)  ADX (15) · Supertrend (13) · EMA 20 (12) · MACD (6) · Ichimoku (4) Volume/volatility indicators (total weight: 50)  ATR expansion (15) · "
https://www.tradingview.com/script/SLhQIaUd-ES-Gap-Fill-Strategy/,ES Gap Fill Strategy,SLhQIaUd-ES-Gap-Fill-Strategy,PUB;3b20ecc4e08a4c3cb6d3715bbbb741c3,Stmpgld33,strategy,3,2,2,0,2,2026-06-22T18:44:59+00:00,15,"Session Management: Uses a customizable session input (defaulting to 0930-1600 New York time) to ensure levels are calculated specifically from RTH data, even on charts with Extended Trading Hours (ETH) enabled.  Gap Fill Level (Red): Automatically identifies the Previous Day's Regular Trading Hours (RTH) Close.  1/2 Gap Level (Yellow): Calculates the midpoint between the current day's RTH Open and the previous RTH Close.  +/- 10 & 20 Point Offsets (Green): Plots lines 10 and 20 points above and"
https://www.tradingview.com/script/tgRchEEL-TRX-Grid-Long-Strategy-3Commas/,TRX Grid Long Strategy [3Commas],tgRchEEL-TRX-Grid-Long-Strategy-3Commas,PUB;3b319cfef62b4393908cc5e8c0f0fccc,3Commas,strategy,1,1,17,0,0,2026-06-22T15:04:04+00:00,15,"TRX Grid Long Strategy    🔷 What it does: This is a long-only price-grid strategy that harvests volatility on TRX / USDT through repeated round-trips on a pre-defined ladder of price levels between two fixed bounds. Each level is an independent slot: when price crosses down through a level, the strategy opens one slot; when price subsequently crosses up through the level immediately above, that slot is closed for a fixed round-trip profit. The grid is generated geometrically by default, so spaci"
https://www.tradingview.com/script/jOBP3Myj/,A-Trand [Backtest],jOBP3Myj,PUB;15e374ed4c454173bb1bc27f86234db2,allan7662,strategy,2,1,20,0,0,2026-06-22T13:50:58+00:00,15,此策略是針對 SOL/USDT 1H&4H，基於Q-Trand、BB、Ut Bot指標交易
https://www.tradingview.com/script/iNhkMgLZ-VelocityWaveXD-V1-0-7/,VelocityWaveXD- V1.0.7,iNhkMgLZ-VelocityWaveXD-V1-0-7,PUB;dded4e95da294a598ac740954a586979,velocitywavex,strategy,3,4,2,0,1,2026-06-22T13:06:53+00:00,15,"VelocityWaveX is a trend-focused trading framework designed to help traders and investors identify high-probability market opportunities, participate in established trends, and manage risk with a systematic approach. Built around market structure, momentum, and disciplined execution, VelocityWaveX is designed to focus on quality setups rather than constant signals. The strategy aims to keep traders aligned with strong directional moves while providing clear trade management and risk control thro"
https://www.tradingview.com/script/tWGeO3rT-SIDE-TICK-TV-x-DHAN-Automation-Experience-Test-Strategy/,SIDE TICK - TV x DHAN | Automation Experience - Test Strategy,tWGeO3rT-SIDE-TICK-TV-x-DHAN-Automation-Experience-Test-Strategy,PUB;12d0a765dede4015b29e07a166c112d0,SideTick,strategy,2,1,92,0,0,2026-06-22T12:40:55+00:00,15,"🚨 BEFORE YOU BEGIN — READ THIS  Ensure your Dhan account balance is ₹0 before proceeding.  This is a live automation experience, not a real trading strategy. Its only purpose is to let you feel what automated trading looks like — signal fires on TradingView, order executes on Dhan, zero manual intervention.  📌 What is this?  This is a live demonstration strategy that bridges TradingView's strategy engine directly with your Dhan brokerage account.   When a signal fires, a real market order is pla"
https://www.tradingview.com/script/MI47rsio-Trend-Persistence-Analysis-Framework/,Trend Persistence Analysis Framework,MI47rsio-Trend-Persistence-Analysis-Framework,PUB;5cf782acf6d94e8390c27598723b1073,AIScripts,strategy,1,1,31,0,0,2026-06-22T12:04:02+00:00,15,"Overview  Many trend-based strategies focus on identifying direction. This framework takes a different approach by studying how long a trend remains intact before signs of deterioration appear. Rather than asking whether a market is moving up or down, the objective is to measure trend persistence and evaluate whether the current trend continues to maintain its structure over time. This framework combines trend direction, trend duration, and volatility-based risk management into a rules-based tes"
https://www.tradingview.com/script/B7MQqWes-EWO-RSI-advanced-Signals-Strategy-Exhaustion-Filter/,"EWO,RSI advanced Signals Strategy - Exhaustion Filter",B7MQqWes-EWO-RSI-advanced-Signals-Strategy-Exhaustion-Filter,PUB;0fed071b69f742cab6345d74feae8b3b,Pridarasx,strategy,1,4,1562,0,3,2026-06-22T08:57:41+00:00,15,"## EWO, RSI, MFI  - Advanced Exhaustion Filter ## Overview  Strategy - Advanced Exhaustion Filter is a comprehensive momentum and mean-reversion trading strategy designed for Pine Script v6. It combines multi-indicator momentum tracking with structural price filters to protect traders from ""falling knives"" during market capitulation and distribution phases.  By blending the Elliott Wave Oscillator (EWO), Relative Strength Index (RSI), Money Flow Index (MFI), and volume-weighted confirmations, th"
https://www.tradingview.com/script/a50C9LVL-NFLT01-NIFTY-LION-TREND-15M-POSITIONAL-SWING-V1-0-DEMO/,NFLT01 NIFTY LION TREND 15M POSITIONAL SWING V1.0 [DEMO],a50C9LVL-NFLT01-NIFTY-LION-TREND-15M-POSITIONAL-SWING-V1-0-DEMO,PUB;f4e3770e72f7410380cd9414c5220ae3,LionTradePro1,strategy,2,1,21,0,0,2026-06-22T07:41:52+00:00,15,"Trend-following demo strategy using Lion Trend crossover, slope filter, and breakout confirmation. Demo mode hides current-day signals.  NFLT01 NIFTY LION TREND   is a rules-based positional swing strategy built for cleaner trend participation on 15-minute charts.  This demo uses:  Lion Trend crossover logic (Main LT vs Shifted LT) for directional bias. Price confirmation above or below LT structure before entries. Slope-angle filter to avoid flat or low-momentum phases. Early entry and early ex"
https://www.tradingview.com/script/oMcHgdam/,Survivor Allocation Engine (SAE) V1,oMcHgdam,PUB;62f7534ba9d740aaa16b2c5a0529bbd5,ttagkoin,strategy,3,1,2,0,2,2026-06-22T06:05:08+00:00,15,"## Survivor Allocation Engine (SAE)  Survivor Allocation Engine is a long-only dynamic allocation strategy designed for assets that have historically shown strong long-term upward trends.  The strategy adjusts exposure based on market regime conditions using QQQ trend structure, drawdown, momentum, moving-average slope, and VIX-based overheat signals.  It does not attempt to predict every short-term top or bottom. Instead, its goal is to stay invested during healthy long-term uptrends and reduce"
https://www.tradingview.com/script/NA6e6cHO-Ema-Cross-imb-KOCHAN-STYLE/,Ema Cross + imb KOCHAN STYLE,NA6e6cHO-Ema-Cross-imb-KOCHAN-STYLE,PUB;6b9154ef32d74dd4947366f70ee328bf,myemailcauseicare,strategy,1,1,3,0,0,2026-06-22T05:12:18+00:00,15,my bad ill tone it back fine more desc why does it need this please help me its so simple to use idk just let it run tradingview please
https://www.tradingview.com/script/u2vcboly-Supply-Demand-Pro-Forex/,Supply & Demand Pro Forex,u2vcboly-Supply-Demand-Pro-Forex,PUB;4f30642ab041496eb94643f97bf6fc92,Naitik_Pandav,strategy,2,1,7,0,1,2026-06-22T04:56:56+00:00,15,Demand & Supply Forex Pro  Demand & Supply Forex Pro is a professional trading strategy designed to help traders identify high-probability market opportunities using advanced price action concepts.  Key Features:  ✅ Clean and easy-to-read chart visualization ✅ Highlights potential high-probability trading zones ✅ Built for Forex market traders ✅ Helps improve trade planning and risk management ✅ Suitable for intraday and swing trading ✅ Works across multiple timeframes ✅ Designed to reduce chart
https://www.tradingview.com/script/eyaf13E5-Hemant-Gold-Strategy/,Hemant Gold Strategy,eyaf13E5-Hemant-Gold-Strategy,PUB;3e9acd8770484e2c86d529e8a8c3a3d5,rupasgavane,strategy,1,1,18,0,0,2026-06-22T04:51:10+00:00,15,"gold analsis A powerful XAUUSD (Gold) trading strategy designed for intraday and swing traders. This strategy combines trend analysis, market structure, EMA confirmation, liquidity sweeps, Fair Value Gaps (FVG), and Smart Money Concepts (SMC) to identify high-probability trading opportunities.  Features  * EMA 50 & EMA 200 trend confirmation * Break of Structure (BOS) and Change of Character (CHoCH) * Fair Value Gap (FVG) detection * Liquidity sweep identification * Buy and Sell signal generatio"
https://www.tradingview.com/script/Qt32RWWx-Pony-10-MSL-Trend-Pulse-06-19/,Pony 10 MSL Trend Pulse  06-19,Qt32RWWx-Pony-10-MSL-Trend-Pulse-06-19,PUB;66197444488b4d03896348a35021f750,PonyPlayer,strategy,2,1,14,0,0,2026-06-21T21:59:25+00:00,15,MSL Trend Strategy  06-21-26  Opposite strategy to follow trend.
https://www.tradingview.com/script/PMto1EPQ/,Alpha Trend Engine v6,PMto1EPQ,PUB;a3ee456eeab840789046e7ff5d72b0d8,hfadl7,strategy,2,1,1,0,0,2026-06-21T19:29:23+00:00,16,"Advanced quantitative trading algorithm specifically optimized for Gold (XAUUSD) on the 30-minute (30M) timeframe.   The system utilizes a proprietary multi-layered execution engine that dynamically monitors market structure matrix shifts, macro trend phases, and institutional volume surges to filter out false breakouts and fake market movements.  Key Technical Features: - Fully optimized and backtested for Gold's specific volatility and liquidity behavior. - Advanced state management and confir"
https://www.tradingview.com/script/5RAHpXmF-OR-VWAP-Engine-v3/,OR + VWAP Engine v3,5RAHpXmF-OR-VWAP-Engine-v3,PUB;aa81cef7bece46eea1498d076c367d48,EdgeIQ,strategy,3,3,2,0,0,2026-06-21T18:54:07+00:00,16,"A nifty trade setup based on opening range and vwap with entry, SL and Take Profit and Forced Exit signals"
https://www.tradingview.com/script/yjghAPL5-Coldside-BOSMOM-Strategy/,Coldside BOSMOM Strategy,yjghAPL5-Coldside-BOSMOM-Strategy,PUB;cff9fc380e0041c99e1898ac3016c584,syedsaifalicpa,strategy,2,2,3,0,0,2026-06-21T17:42:59+00:00,16,"📈 Coldside BOSMOM Strategy Overview Coldside BOSMOM is a Smart Money Concepts (SMC) market structure strategy. It maps swing structure live, confirming swing highs and lows and labelling them HH, HL, LH and LL, then trades Break of Structure (BOS) events in the direction of the prevailing trend. Entries can be graded by displacement strength, restricted to trading sessions, aligned to a higher timeframe trend, and managed with break even, stop and target promotion, percent of equity sizing and a"
https://www.tradingview.com/script/Sus7PSYz-Coldside-AMX-Strategy/,Coldside-AMX-Strategy,Sus7PSYz-Coldside-AMX-Strategy,PUB;11ee80c3397c4163b04647d34370a60e,syedsaifalicpa,strategy,2,1,0,0,0,2026-06-21T15:10:37+00:00,16,"Done — saved to `docs/tradingview-description-accmanxion.md` and pushed. It's verified completely dash free. Here's the text to paste into TradingView:  ---  **SUGGESTED TITLE** Coldside AMX Strategy: AMX fade of structure breaks  **SUGGESTED ONE LINE SUMMARY** A Smart Money Concepts strategy that fades Break of Structure and Change of Character. It treats a structure break as the manipulation leg, then enters the opposite way on a fresh Fair Value Gap, stops at the manipulation extreme, and tar"
https://www.tradingview.com/script/ZiHWqvCl-ARB-RSI-Short-Strategy-3Commas/,ARB RSI Short Strategy [3Commas],ZiHWqvCl-ARB-RSI-Short-Strategy-3Commas,PUB;f745cb3c509545fe8b6eaaa123223f6c,3Commas,strategy,1,1,14,0,0,2026-06-21T14:14:28+00:00,16,"ARB RSI Short Strategy    🔷 What it does: A short-only, momentum-fade DCA system for Arbitrum on the 4-hour chart. The deal opens only when the 4h RSI(14) crosses back DOWN through 74 — a clean overbought rollover, which on a higher timeframe is a rare, selective event. Two averaging orders then stack ABOVE the base entry (+5% and +10% adverse) with sizes scaled 1.7× per rung, so a continued push higher improves the average. The position closes on a fixed 6% Take Profit from the average. There i"
https://www.tradingview.com/script/vPlMpH7L-BTC-5M-Supply-Demand-FVG-BOS-Strategy-1H-HTF/,BTC 5M Supply Demand FVG BOS Strategy - 1H HTF,vPlMpH7L-BTC-5M-Supply-Demand-FVG-BOS-Strategy-1H-HTF,PUB;15f2a529379e4e3dba43975626f46026,Rakibcryptology,strategy,2,1,3,0,0,2026-06-21T14:12:57+00:00,16,BTC 5M Supply Demand FVG BOS Strategy - 1H HTF This high
https://www.tradingview.com/script/Rx7y8CVi-The-Kraken-Rejection-Strategy/,The Kraken Rejection Strategy,Rx7y8CVi-The-Kraken-Rejection-Strategy,PUB;fd726910b1f64625978c364c14bb4635,idjalkakum,strategy,2,1,0,0,0,2026-06-21T14:03:04+00:00,16,"Kraken EMA50 Rejection is a trend-following strategy designed for cryptocurrency markets, with primary testing performed on ETHUSDT 4H.  The strategy identifies pullbacks toward the EMA50 within a defined tolerance zone and combines trend confirmation with ADX filtering to avoid weak market conditions. Risk management is built into the strategy through fixed stop-loss placement relative to the EMA50 and a configurable risk-to-reward ratio.  Default settings are optimized for ETHUSDT on the 4-hou"
https://www.tradingview.com/script/8mlH3HZt-Dual-Mode-Signals-Suite-QuantAlgo/,Dual-Mode Signals Suite [QuantAlgo],8mlH3HZt-Dual-Mode-Signals-Suite-QuantAlgo,PUB;0b6117a50cf2419cadf1522d96ef25ec,QuantAlgo,strategy,3,1,70,0,0,2026-06-21T13:21:44+00:00,16,"🟢 Overview   The  Dual-Mode Signals Suite  is a comprehensive and systematic trading strategy that runs as both a swing system and an intraday scalping system from a single script. Where most strategies are locked to one style, this script reconfigures its entire decision engine to match how you trade automatically. It combines four independent sources of market information, trend direction, momentum exhaustion, volatility-adjusted risk, and breakout structure, into one unified signal that gover"
https://www.tradingview.com/script/iGsrQ19j/,Modelli SMC XAU [11-in-1],iGsrQ19j,PUB;4e428c3af07841aabb3054d424b2d978,lukafurly27,strategy,2,1,1,0,0,2026-06-21T13:00:14+00:00,16,BOT con impostazioni selezionabile backtest vincente storico completo h1 e h4
https://www.tradingview.com/script/DkDNMQsn-Cluster-Breakout-Strategy-v6-Robust/,Cluster Breakout Strategy v6 (Robust),DkDNMQsn-Cluster-Breakout-Strategy-v6-Robust,PUB;0477d092b80d48cd95572c18a7daa480,ruchiragrawal,strategy,1,3,506,0,0,2026-06-21T10:42:34+00:00,16,"The core idea: find moments when a stock/commodity/index is ""coiling up"" — trading in a tight, quiet range — and jump in the moment it breaks out of that range, then ride the move as far as it'll go. Step by step:  Spot the squeeze. The script watches recent price action and asks: ""is the high-low range right now unusually tight compared to this instrument's normal volatility (ATR)?"" If yes, and that tightness has been getting progressively tighter (not just randomly quiet), it draws two red lin"
https://www.tradingview.com/script/28rsmGAV-TWS/,TWS,28rsmGAV-TWS,PUB;c68d3183402c416fbf2bd9a683c86da3,martsinkevich,strategy,2,1,3,0,0,2026-06-21T09:55:11+00:00,16,"TWS — Trend Waiting Strategy is an algorithmic trading strategy for ETHUSDT on the 1‑hour chart that waits for a confirmed directional move before entering trades. It uses a fixed maximum risk per position of up to 2% of current equity and aims to balance return, drawdowns and robustness across different market regimes.  Concept and logic  The strategy operates on the ETHUSDT 1‑hour timeframe and is intended to participate mainly in sustained trends rather than reacting to every short‑term fluct"
https://www.tradingview.com/script/myxEz5sc/,YJ_XRP_MASTER,myxEz5sc,PUB;23de0115be1940a59b0e8a57e89f808a,jinapplab,strategy,3,2,0,0,0,2026-06-21T07:42:37+00:00,16,YJ_XRP_마스터  XRPUSDT 5분봉 자동매매 전략  • EMA220 추세 필터 기반 • 롱/숏 양방향 진입 • 거래량 필터 적용 • 횡보장 차단 필터 적용 • 진입시간 : 21:00 ~ 05:00 • 청산 : 24시간 자동 관리 • 트레일링 익절 및 손절 적용 • OKX Signal Bot 연동 가능  ※ 본 전략은 투자 수익을 보장하지 않습니다. ※ 선물거래는 원금 손실 위험이 있습니다. ※ 충분한 검증 후 사용하시기 바랍니다.
https://www.tradingview.com/script/6T3m2v4B-THEJU-KK-ETF-Swing-Master-PRO/,THEJU-KK ETF Swing Master PRO,6T3m2v4B-THEJU-KK-ETF-Swing-Master-PRO,PUB;7d537b526ba1480aa6359be1137ea17b,mkrishofficial,strategy,2,1,1,0,0,2026-06-21T06:42:43+00:00,16,This strategy is best suitable for SWING trade in ETF .Use only scores above 75 for better result 
https://www.tradingview.com/script/SDeN4Owd-Execution-Signals-Confluence-Strategy/,Execution Signals .... Confluence Strategy,SDeN4Owd-Execution-Signals-Confluence-Strategy,PUB;5506d07da8cc4266bb5060cc24c1b392,Latibonit15,strategy,1,1,17,0,0,2026-06-21T05:07:27+00:00,16,"A price action strategy built for intraday futures trading on NQ, MNQ, ES, and MES.  SIGNALS Detects three candle patterns on bar close: - Failure to Go High — price exceeds previous high, closes back below it with an upper wick - Failure to Go Low — price exceeds previous low, closes back above it with a lower wick - Inside Bar — full range contained within the previous bar  ENTRY Signal bar closes and locks in levels. The immediate next bar must close beyond the signal high (long) or signal lo"
https://www.tradingview.com/script/TbeoiFMP/,sevenX club v1.0,TbeoiFMP,PUB;710971018beb46bca7ceb1b98b471b65,Marcyan,strategy,3,1,2,0,0,2026-06-21T04:44:58+00:00,16,趋势策略
https://www.tradingview.com/script/TTzQZM6m-Nasrul-Fib-SR-M5/,Nasrul Fib SR M5,TTzQZM6m-Nasrul-Fib-SR-M5,PUB;da044689816049dabb810afe2b861710,ardani17,strategy,1,2,25,0,0,2026-06-21T03:32:43+00:00,16,"Nasrul Fib SR M5 — Strategy Pine Script v6 for M5 charts. 50%/61.8% Fibonacci levels and Support/Resistance levels are taken from M30; entry occurs when the price touches the zone level and candlestick patterns (pin bar, engulfing bar, inside bar breakout, false breakout). Supports reversal and breakout setups, confluence filters, choppy blocks, minimum R:R ratio of 2:1, and automatic SL/TP. Displays zone boxes, level lines, signal labels, and a status table.  Full description Summary & workflow"
https://www.tradingview.com/script/O4lKg441-Smart-Money-Concepts/,Smart Money Concepts,O4lKg441-Smart-Money-Concepts,PUB;ba5579fa622e4471b8c07b3abaf00ea9,pal9508,strategy,3,1,3,0,0,2026-06-21T02:58:58+00:00,16,Smart Money Concepts Smart Money Concepts Smart Money Concepts Smart Money Concepts 
https://www.tradingview.com/script/yI5AU2ny-Bucket-3-Momentum/,Bucket 3 Momentum ,yI5AU2ny-Bucket-3-Momentum,PUB;dcc72959e3414cf1b958427938d10053,Bonestorm007,strategy,1,1,15,0,0,2026-06-21T02:17:06+00:00,16,"Bucket 3 Momentum A backtestable daily-chart momentum strategy for ASX equities, built on a four-layer confirmation model: a trade fires only when the weekly trend grants permission, daily structure is intact, a price trigger confirms demand, and risk/extension checks pass. The weekly layer is the gatekeeper — price above a rising 30-week SMA with healthy weekly RSI — so it won't buy dips in stocks that have quietly left a Stage-2 uptrend. The daily layer confirms the structure (price above the "
https://www.tradingview.com/script/dbTHgGMw-Last-Swing-Wick-Break-Strategy/,Last Swing Wick Break Strategy,dbTHgGMw-Last-Swing-Wick-Break-Strategy,PUB;88964c1457854ca69a951c3caab21fe2,mkchand5911,strategy,3,1,0,0,0,2026-06-21T01:34:13+00:00,16,"This is a reversal-only system by default — it does not stay flat between signals. Use the Allow Long/Short toggles if you want one-directional exposure only. No stop-loss or take-profit is built in; risk is only managed by the opposite signal closing/reversing the position. Add your own protective exits before trading this live. Performance will vary significantly by instrument, timeframe, and Swing Length. Always forward-test before committing real capital."
https://www.tradingview.com/script/4lik8zR7/,HTF Divergence Revert L (HDR-L),4lik8zR7,PUB;ca68ebb0042a48beacb0b40c19b7bb45,yuzu_fx_trade,strategy,2,1,66,0,0,2026-06-21T01:33:41+00:00,16,【概要】 HTF Divergence Revert L（HDR-L）は、上位時間足EMAから大きく乖離した局面で、 価格がEMAへ戻る動き（平均回帰）を狙うストラテジーです。  FXを想定し、1時間足チャートでの運用を前提に設計しています。  【ロジック】 1. Armed（待機）    4H 200EMA から一定pips以上乖離した状態を検知し、    平均回帰方向へのエントリー待機（Armed）状態に入ります。  2. スタンバイ    Armed中に、下位時間足で反転の初期兆候が確認されると、    チャート上にスタンバイマーク（●）を表示します。    エントリー前の注意喚起として参照できます。  3. エントリー    Armed中に、所定の条件が成立したタイミングで、    乖離の反対方向（EMA回帰方向）へエントリーします。  【決済】 ・損切り：固定pips ・利確：HTF EMAタッチ（デフォルトON） ・トレールストップ：対応（デフォルトON）  【HDR-L版について】 エントリー・スタンバイの時間足設定は固定です。 詳細な条件はストラテジー内部で処理されます
https://www.tradingview.com/script/5TlaanDQ/,HTF Divergence Revert L (HDR-L),5TlaanDQ,PUB;aa3fed2abc5d48c682d58483e6b8a4b2,yuzu_fx_trade,strategy,2,1,7,0,0,2026-06-21T01:28:43+00:00,16,【概要】 HTF Divergence Revert L（HDR-L）は、上位時間足EMAから大きく乖離した局面で、 価格がEMAへ戻る動き（平均回帰）を狙うストラテジーです。  FXを想定し、1時間足チャートでの運用を前提に設計しています。  【ロジック】 1. Armed（待機）    4H 200EMA から一定pips以上乖離した状態を検知し、    平均回帰方向へのエントリー待機（Armed）状態に入ります。  2. スタンバイ    Armed中に、下位時間足で反転の初期兆候が確認されると、    チャート上にスタンバイマーク（●）を表示します。    エントリー前の注意喚起として参照できます。  3. エントリー    Armed中に、所定の条件が成立したタイミングで、    乖離の反対方向（EMA回帰方向）へエントリーします。  【決済】 ・損切り：固定pips ・利確：HTF EMAタッチ（デフォルトON） ・トレールストップ：対応（デフォルトON）  【HDR-L版について】 エントリー・スタンバイの時間足設定は固定です。 詳細な条件はストラテジー内部で処理されます
https://www.tradingview.com/script/fxH1gN4E-UK-ORB-Breakout-Strategy-LEWIS-HILL/,UK ORB Breakout Strategy - LEWIS HILL,fxH1gN4E-UK-ORB-Breakout-Strategy-LEWIS-HILL,PUB;dec215a7b23d4553bbb2ed541cba5af9,lewisjameshill5101,strategy,2,1,5,0,0,2026-06-20T21:23:29+00:00,16,This is an opening range breakout indicator. Time can be changed to suit your 15 minute interval.
https://www.tradingview.com/script/XvanqClS-UK-ORB-Breakout-Strategy-XAUUSD-with-KNN/,UK ORB Breakout Strategy (XAUUSD) with KNN,XvanqClS-UK-ORB-Breakout-Strategy-XAUUSD-with-KNN,PUB;4be1db3569084c9f8af589423a2a5169,lewisjameshill5101,strategy,2,1,5,0,0,2026-06-20T21:18:16+00:00,16,"This is my amazing indicator, suck ya mudda and your brudda"
https://www.tradingview.com/script/NGBw6hjg/,TREND STRATEGY,NGBw6hjg,PUB;c148239cd28a40f1a693b0e89e007c30,js22gy9b2k,strategy,2,1,2,0,0,2026-06-20T20:46:05+00:00,16,"This strategy was developed to help evaluate market movements in a more disciplined and structured manner. Its design aims to be selective under different market conditions, reducing unnecessary signals while focusing on higher-quality trading opportunities.  This script is shared for educational and research purposes only and should not be considered financial advice. Always perform your own testing and apply proper risk management before using it in live markets. "
https://www.tradingview.com/script/PIOU52P5-PVRPLE-ORACLE-250/,PVRPLE ORACLE - 250%,PIOU52P5-PVRPLE-ORACLE-250,PUB;a854403325bb43ab86a3b36adf0a2c0a,giuseppevergopia,strategy,1,1,11,0,0,2026-06-20T15:21:51+00:00,17,"# PVRPLE ORACLE  PVRPLE ORACLE is a Smart Zone and Order Block strategy designed to identify potential momentum continuation setups after a price retest of an active trading zone.  The strategy detects bullish and bearish Order Block candles, validates them through an ATR-based momentum filter, and creates dynamic trading zones.  Once price revisits a zone, PVRPLE ORACLE waits for confirmation before opening a trade:  * **Blue Zone:** price returns into the bullish zone and breaks above the uppe"
https://www.tradingview.com/script/VDjClXtJ-Sina-Reversal-Pro-V9/,Sina Reversal Pro V9,VDjClXtJ-Sina-Reversal-Pro-V9,PUB;63b0c9748fac4d6583255ce4ac80b5d9,sinakeshawarz,strategy,2,2,2,0,0,2026-06-20T14:57:54+00:00,17,"Sina Reversal Pro V9 — Multi-Confluence Reversal System   Sina Reversal Pro V8 is an advanced oscillator-based reversal detection system built for traders who want to identify high-probability turning points in the market. Rather than relying on a single indicator, it combines multiple independent signals into a weighted confidence score, only triggering when enough evidence aligns simultaneously — filtering out noise and reducing false entries.  The strategy integrates an Inverse Fisher Transfo"
https://www.tradingview.com/script/u0oempLt-FOREX/,FOREX,u0oempLt-FOREX,PUB;5502da64d1274660841333df6af6f62a,Naitik_Pandav,strategy,2,1,1,0,0,2026-06-20T12:54:38+00:00,17,"Scalping Pro: Invite-Only Supply & Demand Strategy  This is a private, high-frequency scalping strategy designed for professional traders who focus on institutional order flow. It uses a proprietary detection engine to identify high-probability Supply and Demand zones for quick intra-day scalps.  ⚡ Professional Scalping Engine  Unlike generic tools, this strategy is optimized for 1m, 3m, and 5m timeframes. It captures rapid institutional moves by identifying the exact moment price consolidates b"
https://www.tradingview.com/script/JE74SSO3-Adjustable-BB-Reversion/,Adjustable BB Reversion,JE74SSO3-Adjustable-BB-Reversion,PUB;cbb43012e6594bc082afbf5c6f451167,Thorntrap,strategy,2,2,1,0,1,2026-06-20T11:55:23+00:00,17,"-- Entry Trigger Std Dev (input, 0.5–4.0 step 0.5): pick any band — 2σ, 3σ, etc. — as the touch trigger. -- Take Profit Std Dev (input, 0.5–4.0 step 0.5): pick any lower band as the TP target. Defaults stay at 3σ entry / 2σ TP, matching your original setup, but you can now set TP to 1σ or even the basis if you change tpDev to 0. -- Stop loss logic — 1/3 of the (TP − entry) distance, so R:R scales automatically with whatever entry/TP combo you pick. -- Play around with the entry and take profit p"
https://www.tradingview.com/script/6hEOW5mG-The-Kraken-Trend-Strategy/,The Kraken Trend Strategy,6hEOW5mG-The-Kraken-Trend-Strategy,PUB;2417100ef5ae4125bdbefda21662f360,idjalkakum,strategy,3,1,1,0,0,2026-06-20T11:00:05+00:00,17,"The Kraken Trend Strategy is a trend-following strategy designed and optimized specifically for ETH on the 4-hour timeframe.  Key Features: • Trend-based entries • Dynamic runner management • Built-in risk management • Long and short market support • Optional daily drawdown protection  Recommended Market: • ETHUSDT / ETH perpetual contracts • 4-hour timeframe  Important: For backtest results to match the published strategy performance, use the recommended Properties settings:  • Recommended Defa"
https://www.tradingview.com/script/NfihxKxr-High-Activity-Penny-Stock-Strategy-V6/,High Activity Penny Stock Strategy V6,NfihxKxr-High-Activity-Penny-Stock-Strategy-V6,PUB;6bce814fe5964533baa88dbde4b199b2,Pridarasx,strategy,1,1,117,0,0,2026-06-20T09:48:15+00:00,17,"High Activity Penny Stock Strategy V6  Overview  High Activity Penny Stock Strategy V6 is a momentum-based strategy designed for traders looking for increased trade frequency in volatile markets.  The system combines Supertrend direction changes, volume expansion, trend filtering, and built-in risk management to capture momentum moves while avoiding weaker setups.  Key Features  ✅ Supertrend Momentum Engine  - Uses ATR-based Supertrend signals to detect trend reversals. - Adjustable sensitivity "
https://www.tradingview.com/script/njQsSFjo-Clean-Trend-System-HTF-Bias-Filtered/,Clean Trend System - HTF Bias Filtered,njQsSFjo-Clean-Trend-System-HTF-Bias-Filtered,PUB;32f892e6259346418652902d2ec4f97d,Pridarasx,strategy,1,1,72,0,0,2026-06-20T09:38:38+00:00,17,"Clean Trend System - HTF Bias Filtered  Overview  Clean Trend System is a trend-following strategy designed to identify high-probability market moves by combining lower timeframe price action with higher timeframe trend confirmation.  The system filters trades using EMA structure, VWAP, RSI momentum, breakout detection, and an automatic Higher Timeframe (HTF) bias filter to avoid trading against the bigger trend.  Key Features  ✅ Automatic HTF Trend Bias  - Automatically selects a higher timefra"
https://www.tradingview.com/script/CMZfvk2e-XMR-RSI-Short-Strategy-3Commas/,XMR RSI Short Strategy [3Commas],CMZfvk2e-XMR-RSI-Short-Strategy-3Commas,PUB;67c346c92d51487b9577d8c905814626,3Commas,strategy,1,1,13,0,0,2026-06-20T09:24:26+00:00,17,"XMR RSI Short Strategy    🔷 What it does: A short-only, momentum-fade DCA system for Monero. The deal arms the moment a fast push higher exhausts itself: the 5-minute RSI(9) must cross back DOWN through the 80 line. From that base short, up to three averaging orders stack at +1%, +2%, and +3% above entry (equal size), so a continued push higher simply improves the average. The position is then released on a 1.3% Take Profit from the average with a 0.3% trailing lock, while a hard 8% Stop Loss de"
https://www.tradingview.com/script/zPBqJXMQ-Stock-QoQ-Reversal-Strategy/,Stock QoQ Reversal Strategy,zPBqJXMQ-Stock-QoQ-Reversal-Strategy,PUB;3d6cc417c7d444d19702d0276d4d0ec0,Growclub_Research,strategy,2,1,3,0,0,2026-06-20T06:48:46+00:00,17,"Stock QoQ Drop Strategy 🚀    For better results use it in 3M candlestick frame.    This strategy is built to catch sharp market drawdowns and execute high-probability pullback entries. It utilizes a multi-layered risk model combining mathematical price deviations with standard momentum metrics. Position sizes scale dynamically based on how deep the drop occurs, ensuring systematic risk management.  Strategy Inputs & Parameter Breakdown    Global Break Period (Months): The forced waiting window ("
https://www.tradingview.com/script/ntZpJcj1-RG-FX-Trader-Pro/,RG FX Trader Pro,ntZpJcj1-RG-FX-Trader-Pro,PUB;f1de0ed170ed4b51a2ea38990d9b7784,YOSTARYPREE,strategy,2,1,1,0,0,2026-06-20T05:05:46+00:00,17,GREAT IS HE WHO TRUST IN THE LORD! be prepared for what to come. Patience is key this script is the genesis of your success!
https://www.tradingview.com/script/wMcXxUq8/,Five Star Hyper Trend ,wMcXxUq8,PUB;0ec8afd9845a4b84b73826dcb0a1ac83,FiveStarHub,strategy,3,1,2,0,0,2026-06-20T02:22:07+00:00,17,"The HyperTrend Five Star indicator aims to provide a real-time estimate of an underlying linear trend in the price. Support and resistance extremities are constructed from this estimate which can provide trade opportunities within the overall trend.  Most tools that return lines on a chart are either subject to backpainting or repainting. We aimed to provide a reliable real-time method to estimate linear trends in the price, enhancing traders' decision making processes when it comes to trading t"
https://www.tradingview.com/script/f9xLZqpF-Adaptive-Dual-Engine-Strategy-Momentum-Mean-Reversion-BT/,Adaptive Dual-Engine Strategy - Momentum + Mean Reversion [BT],f9xLZqpF-Adaptive-Dual-Engine-Strategy-Momentum-Mean-Reversion-BT,PUB;8b1216ea6b4f4c568d914e2138731c24,patelanishp,strategy,1,1,446,0,0,2026-06-19T20:40:09+00:00,17,"Adaptive Dual-Engine Strategy - Momentum and Mean Reversion    An executable backtesting strategy that contains two trading engines plus an automatic switch that picks the right one for the chart timeframe. For educational and research purposes only.   Overview     EMA MACD momentum  - trend and momentum scoring (EMA stack, MACD, RSI, ADX/DMI, volume, optional higher-timeframe trend). Intended for trending stocks and daily charts.  Mean Reversion  - fades over-extended moves back toward a moving"
https://www.tradingview.com/script/FRSg2KqH-SMC-Coldside-Strategy/,SMC-Coldside-Strategy,FRSg2KqH-SMC-Coldside-Strategy,PUB;4fdc6b57f0554f629a8f38a433958468,syedsaifalicpa,strategy,2,14,7,0,0,2026-06-19T20:11:06+00:00,17,"# SMC Wealthloomers  🔶 **OVERVIEW**  SMC Wealthloomers is a precision market structure indicator that maps swing highs, swing lows, and structural breaks the way institutional price action actually unfolds through a real time candle pullback confirmation engine, not lagging averages or arbitrary lookback windows.  Most structure tools guess at swing points. SMC Wealthloomers waits for price to *prove* them. The result is a cleaner, more honest structural map, fewer false swings, more reliable Br"
https://www.tradingview.com/script/ETqUyi14-CL-EMA32-SMA160/,CL EMA32 + SMA160 ,ETqUyi14-CL-EMA32-SMA160,PUB;d14e48f6b1604b2e817bddba5d016225,AutomatedTrader101,strategy,2,1,4,0,0,2026-06-19T19:49:08+00:00,17,"A trend-following crossover strategy for Crude Oil. Goes long when the EMA 32 crosses above the SMA 160, short on the cross below. Take profit is set dynamically using ATR. No new entries after 3:30 PM ET and all positions are force-closed by 3:50 PM ET — keeping it strictly same-day with no overnight exposure."
https://www.tradingview.com/script/lqVKZssy-Crypto-Momentum-Rotation-Strategy/,Crypto Momentum Rotation Strategy,lqVKZssy-Crypto-Momentum-Rotation-Strategy,PUB;8972195094e14241b02329a2b56a7bb7,TradingClue,strategy,3,1,0,0,0,2026-06-19T19:40:09+00:00,17,"Crypto Momentum Rotation Strategy    Overview   Crypto Momentum Rotation Strategy is a cross-asset momentum and risk-regime strategy for a small, liquid crypto universe. It ranks  BINANCE:BTCUSDT ,  BINANCE:ETHUSDT ,  BINANCE:SOLUSDT ,  BINANCE:XRPUSDT  and  BINANCE:TONUSDT , displays the complete rotation table directly on the chart, and trades the current chart only when that asset belongs to the active selection.  The model is designed for systematic asset selection rather than continuous mar"
https://www.tradingview.com/script/jsQRziBB-Xiznit-Range-Return-ORB/,Xiznit Range Return ORB,jsQRziBB-Xiznit-Range-Return-ORB,PUB;94298a0afd4d4d7aa7be42f0f916bb95,Xiznit,strategy,2,1,39,0,0,2026-06-19T18:54:15+00:00,17,"Xiznit Range Return ORB — Strategy Description  Overview   Xiznit Range Return ORB is a rules-based intraday strategy built around a single, well-defined idea: during the Asia trading session, price frequently pushes outside its own early opening range and then fades back inside it. Rather than trading the breakout itself, this strategy waits for that breakout to fail and positions in the direction of the reversion back into the range. All entries, exits, position scaling, and risk controls are "
https://www.tradingview.com/script/4bFBxjWE-AC-EMA-SMA-MACD-RSI-ATR-30-60-degree-Gold-Strategy/,AC EMA/SMA + MACD + RSI + ATR + 30-60 degree Gold Strategy,4bFBxjWE-AC-EMA-SMA-MACD-RSI-ATR-30-60-degree-Gold-Strategy,PUB;c1322c1fb2af4969bba99f7149408b8f,acgoldgogo,strategy,3,1,1,0,0,2026-06-19T14:37:54+00:00,17,"This trading strategy is a highly structural, trend-following quantitative system customized for high-volatility instruments like Gold (XAU/USD). Built natively on Pine Script v6, it acts as a mechanical, rules-based strategy that removes emotional execution from your trading.  The core objective of the strategy is to enter and pyramid (add positions) exclusively during healthy, medium-velocity trends that have successfully proven their structural strength, while dynamically blocking trades duri"
https://www.tradingview.com/script/0rGWkv97-Undertow-Backtest/,Undertow Backtest,0rGWkv97-Undertow-Backtest,PUB;1b1e675238ec4492aa4bd7753948f230,grieto,strategy,1,1,15,0,0,2026-06-19T14:16:05+00:00,17,"STRATEGY — UNDERTOW BACKTEST      SHORT SUMMARY  The backtest engine for Undertow. Simulate the buy/sell dots across any asset and timeframe, and choose whether to trade only the strong signals or every crossover.  WHAT IT IS Undertow Backtest is the strategy version of the Undertow indicator. It applies Undertow's buy and sell logic to historical data and reports how a simple long-only approach would have performed — net profit, win rate, drawdown, and a full trade list — in TradingView's Strat"
https://www.tradingview.com/script/j36EK7fw-AC-EMA-SMA-MACD-RSI-ATR-Gold-Strategy/,AC EMA/SMA + MACD + RSI + ATR Gold Strategy,j36EK7fw-AC-EMA-SMA-MACD-RSI-ATR-Gold-Strategy,PUB;952ad1074af2403ebb3d21d2eeaa050e,acgoldgogo,strategy,3,1,0,0,0,2026-06-19T13:47:54+00:00,17,"The trading strategy we have built is a multi-layered, trend-following quantitative system tailored specifically for high-volatility assets like Gold (XAU/USD). It is natively built on Pine Script v6 as an automated backtesting strategy.  Its core philosophy is to enter and pyramid (add positions) only when a trend is firmly established and pulling back to a value area, while deploying institutional-grade momentum, divergence, and overbought/oversold filters to prevent buying at market tops or s"
https://www.tradingview.com/script/qgTc4zie-Kaufman-Moving-Average-Adaptive-Strategy-by-MKB/,Kaufman Moving Average Adaptive Strategy by MKB,qgTc4zie-Kaufman-Moving-Average-Adaptive-Strategy-by-MKB,PUB;9931639625e5461db56e6e6748eb5127,muratkbesiroglu,strategy,1,2,6,0,0,2026-06-19T13:45:02+00:00,17,KAMA Momentum Strategy is a trend-following momentum strategy based on the Kaufman Adaptive Moving Average.  The strategy is designed to capture strong upside momentum by entering only when price breaks above the KAMA plus a volatility-based standard deviation filter. This helps reduce weak signals and filters out some of the noise that often appears in sideways markets.  The exit condition remains simple and disciplined: the position is closed when price crosses back below the KAMA. This allows
https://www.tradingview.com/script/Yyfuq1sX-EMA-Stack-VWAP-Breakout/,EMA Stack VWAP Breakout,Yyfuq1sX-EMA-Stack-VWAP-Breakout,PUB;2ec594c7e0344a428875033a84c0ac96,AutomatedTrader101,strategy,2,1,3,0,0,2026-06-19T12:06:22+00:00,17,"Trades momentum breakouts during RTH using a layered confirmation system. It checks the daily timeframe first — price must be above/below both daily EMAs (5 & 10) to establish the trend regime. On the intraday chart, it then requires all four EMAs (9, 21, 34, 50) to be fully stacked in the same direction. Entry only triggers when price breaks outside VWAP's 1 standard deviation band on a confirmed bar with above-average volume. Max 3 trades per day, closes everything at session end. 3:1 reward/r"
https://www.tradingview.com/script/fa2OzpJU-NQ-RTH-Scalper/,NQ RTH Scalper,fa2OzpJU-NQ-RTH-Scalper,PUB;9bf3925fe5e24cc5938b9eba238fca56,AutomatedTrader101,strategy,2,1,6,0,0,2026-06-19T12:00:48+00:00,17,"Scalps micro swing highs and lows on NQ during RTH. When a 1-bar pivot low forms it goes long, pivot high it goes short — filtered by ATR (needs volatility) and RSI (buys oversold, sells overbought). Fixed TP/SL on every trade with a daily profit and loss cap to protect the account."
https://www.tradingview.com/script/vnCdOkpO-3Commas-BCH-Overbought-RSI-Fade-Short-Strategy/,[3Commas] BCH Overbought RSI Fade - Short Strategy,vnCdOkpO-3Commas-BCH-Overbought-RSI-Fade-Short-Strategy,PUB;ec72505ed06f47a6be41d66f63bc05c0,3Commas,strategy,1,1,33,0,0,2026-06-19T10:28:31+00:00,17," BCH Overbought RSI Fade - Short Strategy  🔷 What it does: A short-only, momentum-fade DCA system for Bitcoin Cash. The deal arms the moment a fast push higher exhausts itself: the 5-minute RSI(9) must cross back DOWN through the 80 line. From that base short, up to three averaging orders stack at +1%, +2%, and +3% above entry (equal size), so a continued push higher simply improves the average. The position is then released on a 1.3% Take Profit from the average with a 0.3% trailing lock, while"
https://www.tradingview.com/script/x9pPfwmI-AC20-55EMAGDCrossTest/,AC20/55EMAGDCrossTest,x9pPfwmI-AC20-55EMAGDCrossTest,PUB;ec8b0ab5f0994bf394d368173a7a34bc,acgoldgogo,strategy,1,1,7,0,0,2026-06-19T07:37:26+00:00,17,A strategy to test the profitability of following the golden cross and death cross patterns of 20EMA and 55EMA in XAUUSD trades.
https://www.tradingview.com/script/qlxW58KC-TTv-Strategy-v0-2/,TTv Strategy v0.2,qlxW58KC-TTv-Strategy-v0-2,PUB;e61e5b0ddcb04002aee30a372438372f,ai_distribution_express,strategy,1,1,210,0,0,2026-06-19T05:57:10+00:00,18,"TTv Strategy v0.2 is a TensorTrader-compatible strategy adaptation based on the open-source Machine Learning: Lorentzian Classification indicator by jdehorty, originally published for Pine Script v5 and using jdehorty’s MLExtensions/2 and KernelFunctions/2 libraries.  The strategy adapts Lorentzian Classification-style long/short signal logic into TradingView strategy order events that can be backtested or routed through TensorTrader webhook automation. It supports fixed USD sizing, leverage-awa"
https://www.tradingview.com/script/iVBUsFW1-Trendling-Breakout-5m-Xau-index-filter-15m/,Trendling Breakout (5m) + Xau-index filter (15m),iVBUsFW1-Trendling-Breakout-5m-Xau-index-filter-15m,PUB;bece990e855846c9981a18ad8e0fa9a5,trung2891,strategy,2,4,11,0,0,2026-06-19T02:43:58+00:00,18,"What it does:   **Trend Line Breakout + XAU-Index Filter** is designed to identify short-term breakout opportunities on XAUUSD by combining trend line breakout structure with an additional market-condition filter.  Core concepts:   The strategy focuses on breakout direction, trend line structure, confirmation quality, and broader market bias. Instead of reacting to every breakout, it filters signals through the XAU-Index condition to help avoid setups that conflict with the current market regime"
https://www.tradingview.com/script/yqK8HNcD-Volume-Spike-Breakout-Trend-Score-Pro-KNN-MTF/,Volume Spike + Breakout Trend Score Pro + KNN MTF ,yqK8HNcD-Volume-Spike-Breakout-Trend-Score-Pro-KNN-MTF,PUB;489ac2af995f4bca98bf7815949228e7,shravanreddy0808,strategy,1,2,14,0,0,2026-06-19T02:07:37+00:00,18,"The script starts by defining market state across several layers: fast/slow EMA trend, VWAP location, HTF EMA trend, RSI, MACD, ADX/DI, volume spikes, Bollinger breakout, KNN prediction, WaveTrend direction, and money flow. Each factor contributes to a weighted bull or bear score, so the script is not just looking for one trigger but for confluence.  That confluence is then condensed into netScore, which drives the trend label:  Strong Bull.  Bull Bias.  Neutral.  Bear Bias.  Strong Bear.  Signa"
https://www.tradingview.com/script/YOXwjZgP/,Confluence ETH30M [HTR],YOXwjZgP,PUB;3878810bbecd4c8ea6842beeb991805a,Halgorithm,strategy,2,1,2,0,0,2026-06-18T20:59:45+00:00,18,"Most traders trade noise. They enter on every candle, in dead markets,  and watch the stop get hit before the move even starts.  This model does the opposite. It only fires when volatility expands and three independent conditions line up. Then it automates the entry and the dynamic exits, on both sides of the market. No confluence, no trade.    🔶 What you get here:    1- The problem: why most entries fail before the move begins.   2- How it works: volatility expansion → technical confluence → au"
https://www.tradingview.com/script/U9Am2mUK-Nexus-Quantum-Pro-Institutional-Liquidity-and-Execution-Engine/,Nexus Quantum Pro - Institutional Liquidity and Execution Engine,U9Am2mUK-Nexus-Quantum-Pro-Institutional-Liquidity-and-Execution-Engine,PUB;9eeb2dc296c34285849dab63678b4357,dantheman5606,strategy,3,4,2,0,0,2026-06-18T20:57:11+00:00,18,"Nexus Quantum Pro is an algorithmic technical analysis framework engineered specifically for high-velocity futures markets, such as the E-mini and Micro Nasdaq-100. By overlaying a structural linear regression volatility envelope with an adaptive momentum cloud, the system is designed to identify potential institutional liquidity expansions and highlight localized trend rotations.  ### Core System Component Framework  #### 1. The Stellar Volatility Envelope The foundation of the system is a dyna"
https://www.tradingview.com/script/t9JkEkdH/,Confluence ETH30M [HTR],t9JkEkdH,PUB;58830c8d6346451584acd01e3b218437,Halgorithm,strategy,2,2,0,0,0,2026-06-18T20:00:57+00:00,18,"Quantitative confluence model designed to capture asymmetries in ETHUSDT.P, with entries validated by volatility expansion.  "
https://www.tradingview.com/script/rwHNTWmn-SMC-Map/,SMC Map,rwHNTWmn-SMC-Map,PUB;5b958d319adc4126b47a5b586935acce,j_nizzle_dizzle,strategy,2,2,5,0,1,2026-06-18T19:02:22+00:00,18,Smart Money Concepts map for visual aid in learning SMC
https://www.tradingview.com/script/EzsVZr6e-MNQ-OB-Confluence-v0-4-private/,MNQ OB-Confluence v0.4 (private),EzsVZr6e-MNQ-OB-Confluence-v0-4-private,PUB;9e1e78771fef468ea960c92042281d56,elmontro127,strategy,3,1,0,0,0,2026-06-18T18:06:36+00:00,18,Private strategy shared by invite only. Not for public distribution.
https://www.tradingview.com/script/r332WrLi/,XAUUSD sok sondurucu stratejisi,r332WrLi,PUB;ae4ac8def3c547fab97a5660067cd053,foreXver,strategy,1,1,24,0,0,2026-06-18T16:21:55+00:00,18,"Bu strateji kodu, piyasadaki standart trend takip eden veya hareketli ortalama kesisimi bekleyen yavas sistemlerin aksine, tamamen tersine donus ve istatistiksel sapma mantigi uzerine kurulmus bir yuksek frekansli scalping makinesidir. Ozellikle altin gibi anlik likidite bosluklarinin ve ani ignelerin cok yasandigi paritelerde, fiyatin panik anlarindaki asiri esnemelerini firsata cevirmek uzere tasarlanmistir. Iste bu stratejinin calisma mantigi ve tum ozelliklerinin detayli anatomisi.  1. Temel"
https://www.tradingview.com/script/eQO767YV-Vorex-BOS-Entry-Indicator/,Vorex BOS Entry Indicator,eQO767YV-Vorex-BOS-Entry-Indicator,PUB;aa16b4602a8140f7bd3892bd5a9b925d,Ricky_Tradez,strategy,3,1,2,0,0,2026-06-18T15:26:59+00:00,18,"Vorex BOS Entry Indicator identifies high-probability Break of Structure (BOS) opportunities using multi-timeframe analysis and momentum confirmation.  Features: • 1,3,5,15-Minute Break of Structure Entries • Higher Timeframe Trend Confirmation • Liquidity Sweep Filtering • Asia, London & New York Session Detection • Lower Time-Frame Support & Resistance Levels • EMA Trend Visualization • Buy & Sell Alerts  Designed primarily for YM, NQ, S&P and Gold traders. "
https://www.tradingview.com/script/xYFoVctF-AI-Slop-Holy-Grail-Trap-BTC-1H-Non-Repainting-Overfit/,AI Slop Holy Grail Trap - BTC 1H Non-Repainting Overfit,xYFoVctF-AI-Slop-Holy-Grail-Trap-BTC-1H-Non-Repainting-Overfit,PUB;7496b4f2d971401889750513c9d5100d,OptiNod,strategy,1,1,55,0,0,2026-06-18T15:10:30+00:00,18,"AI Slop Holy Grail Trap - BTCUSDT.P 1H Non-Repainting Overfit   This educational BTCUSDT.P 1H strategy demonstrates an AI-generated Holy Grail backtest trap. It does not run an AI model on the chart. AI was used during development to inspect historical candle structures, generate and mutate many candidate rule sets, and optimize backtest metrics through 2025. Data from 2026 was initially held out for out-of-sample evaluation. The central point is that AI can produce an exceptionally convincing b"
https://www.tradingview.com/script/bmNIcnn1-Market-Open-Break/,Market Open Break,bmNIcnn1-Market-Open-Break,PUB;5eb4795c921341848dc05e8346b511f2,Bnf6082,strategy,1,1,23,0,0,2026-06-18T15:04:01+00:00,18," MNQ 09:30 Breakout    Captures momentum breakouts from the opening candle of the New York session on MNQ (Micro Nasdaq   Futures).    Concept   The 09:30 ET candle defines the anchor range for the day — its high and low become the key   levels. A close above the anchor high triggers a long; a close below the anchor low triggers a   short. The strategy trades the initial momentum burst right at the open, when volatility and   directional conviction tend to be highest.    Entry Rules   - Entry oc"
https://www.tradingview.com/script/K6d8h3Hf/,"MFR Strategy v1.7 - Demo / Multi-Dom, Money Flow & VolSuite Algo",K6d8h3Hf,PUB;786ddae6e1bd410dab4221d73c97bc5c,hkader87,strategy,2,1,10,0,0,2026-06-18T15:03:18+00:00,18,"Building a sustainable algo-trading strategy in cryptocurrency markets by looking at the chart of just a single asset is like trying to see the whole picture from a single pixel. A reliable mechanical system must be able to simultaneously read the movement of stablecoins, the dominance of leading assets, the cash volume flowing into altcoins, and the buyer/seller balance (Order Flow) in the market.  Kripto para piyasalarında sadece tek bir paritenin grafiğine bakarak sürdürülebilir bir algo-trad"
https://www.tradingview.com/script/MyjxUMGt-Initial-Balance-Breakout-Strategy/,Initial Balance Breakout Strategy,MyjxUMGt-Initial-Balance-Breakout-Strategy,PUB;9d4046b43b95402b82afc34dc462b561,Bnf6082,strategy,1,1,29,0,0,2026-06-18T14:45:01+00:00,18,"Initial Balance Breakout (IBB)    Trades breakouts from the Initial Balance (IB) — the price range formed between 9:30 and 10:30   ET — using a retracement entry model on major futures markets.    Concept   The first hour of the New York session establishes the Initial Balance. A breakout above the IB   High or below the IB Low signals directional intent. Rather than chasing the breakout, the   strategy waits for price to retrace back toward the IB boundary and enters at a defined pullback   zon"
https://www.tradingview.com/script/VKFLfsAQ-Turtle-BTCUSDT-EXPO/,Turtle BTCUSDT EXPO,VKFLfsAQ-Turtle-BTCUSDT-EXPO,PUB;439032c711904e57aa43197d9920a32a,Nikon3gid,strategy,3,1,0,0,0,2026-06-18T14:14:56+00:00,18,"Donchian Perioden Berechnung,  Money Glitch  jetzt muss man hier noch voll den Text schreiben damit ich das hier teilen darf,  super ist doch eh auf invite only :(  ok they wan an english discription too now, i'm raging ...  who thinks that something lik this needs discription...  it seems it is not enough english to puplish so here is some mor bad german english,"
https://www.tradingview.com/script/GDrB3tu3-Bollinger-Bands-Simple-Strategy/,Bollinger Bands Simple Strategy,GDrB3tu3-Bollinger-Bands-Simple-Strategy,PUB;0b7d267a8f514c2d8c4e273fe115994b,Alby1611,strategy,1,1,15,0,0,2026-06-18T14:10:47+00:00,18,"This is a simple Bollinger Bands mean-reversion strategy  It works like this:  BUY when price closes below the lower Bollinger Band SELL when price closes above the upper Bollinger Band It only opens one trade at a time because pyramiding = 0 Once a trade is open, it manages risk with:  a dynamic stop loss based on the most recent swing low/high plus an ATR buffer a target at the Bollinger middle band (basis, the 20 SMA) So the logic is:  long trades expect price to move back up toward the middl"
https://www.tradingview.com/script/fspfhEp6-mAI-Script/,mAI Script,fspfhEp6-mAI-Script,PUB;68661d247e18435c8e0a8f7019b8a6ed,mec_lv1,strategy,2,5,31,0,1,2026-06-18T10:10:08+00:00,18,"## mAI Script — Moon Phase Strategy  This script analyzes technical conditions occurring at moon phase pivot points (New Moon, First Quarter, Full Moon, Third Quarter), plots signals on the chart, and dynamically adjusts position sizes using a cumulative score (CumScore).  ### Core Concept  * **Astronomical Precision:** Moon phases are detected using astronomical calculations; each phase transition is treated as a Moon Event bar. * **Accumulation Phase:** During the periods between phases, buyin"
https://www.tradingview.com/script/pLmBZYsa-3Commas-POL-RSI-Reversal-DCA-Short-Strategy/,[3Commas] POL RSI Reversal DCA - Short Strategy,pLmBZYsa-3Commas-POL-RSI-Reversal-DCA-Short-Strategy,PUB;ec236804ff644d3fa436c5a0c49f6f24,3Commas,strategy,1,1,20,0,0,2026-06-18T07:47:25+00:00,18," POL RSI Reversal DCA - Short Strategy  🔷 What it does: This is a short-only DCA strategy that fades overbought momentum on POL / USDT. A short deal opens when the 5-minute RSI(9) crosses down through 80 — a momentum-exhaustion signal after a fast push higher. Up to three averaging orders then fill at fixed deviations ABOVE the base entry (+1%, +2%, +3%) with uniform sizing, pulling the average entry up if price keeps rising. Exit is a 1.3% Take Profit from the average entry with a 0.3% trailing"
https://www.tradingview.com/script/cyxJyn6m-Europe-07-00-ORB-Mode-B-Expanded-Crazy-Horse/,Europe 07:00 ORB Mode B Expanded | Crazy Horse,cyxJyn6m-Europe-07-00-ORB-Mode-B-Expanded-Crazy-Horse,PUB;d9b51e1b098f480c87583d0fc7248f98,Witschge,strategy,2,2,13,0,0,2026-06-17T15:48:00+00:00,18,"This strategy is a data-driven Europe 07:00 ORB breakout model built for Nasdaq / NQ / MNQ on the 5-minute chart.  The system is based on a 5-minute Opening Range Breakout formed at 07:00 London time, with a fixed trade window ending at 07:59. It does not use EMA, trend-following indicators, oscillators, or subjective discretionary filters. Instead, it uses a set of pre-defined regime filters derived from historical pattern analysis.  The objective is not to trade every ORB breakout. The objecti"
https://www.tradingview.com/script/2SC4QXCp-3Commas-DOT-RSI-Reversal-DCA-Short-Strategy/,[3Commas] DOT RSI Reversal DCA - Short Strategy,2SC4QXCp-3Commas-DOT-RSI-Reversal-DCA-Short-Strategy,PUB;5e7278cdb10b47c6a0d56fe54afeb44a,3Commas,strategy,1,1,17,0,0,2026-06-17T12:24:15+00:00,18," DOT RSI Reversal DCA - Short Strategy  🔷 What it does: This is a short-only DCA strategy that fades overbought momentum on DOT / USDT. A short deal opens when the 3-minute RSI(9) crosses down through 80 — a momentum-exhaustion signal after a fast push higher. Up to three averaging orders then fill at fixed deviations ABOVE the base entry (+1%, +2%, +3%) with uniform sizing, pulling the average entry up if price keeps rising. Exit is a 1.3% Take Profit from the average entry with a 0.3% trailing"
https://www.tradingview.com/script/6nKmQu7O-TrendPulse-1-3/,TrendPulse 1:3,6nKmQu7O-TrendPulse-1-3,PUB;3fa79a05f4c2448486d0269fde0a5bff,sharmaajay9540,strategy,3,1,1,0,0,2026-06-16T22:04:02+00:00,18,"# TrendPulse 1:3 — Rule-Based Entry, Stoploss & Target System  TrendPulse 1:3 is a rule-based TradingView indicator created to help traders identify clear market structure using entry signals, stoploss placement, trailing stoploss guidance, and 1:3 risk-reward target planning.  The indicator is designed for traders who want a cleaner decision-making process instead of using multiple confusing indicators on the same chart. It visually highlights possible trade structure so that users can plan ent"
https://www.tradingview.com/script/XTrC5Fk2-Dual-EMA-Trend-Strategy-v2-1-Trade-Logic1019/,Dual EMA Trend Strategy v2.1 [Trade_Logic1019],XTrC5Fk2-Dual-EMA-Trend-Strategy-v2-1-Trade-Logic1019,PUB;20a412b6247b4d278745f177f8c16ddb,Trade_Logic1019,strategy,2,1,5,0,0,2026-06-16T20:48:43+00:00,19,"Dual EMA Trend Strategy v2.1   ________________________________________ What This Strategy Does Most trend-following strategies tell you when a trend exists. This one tells you when the trend is worth trading — and how much capital to deploy based on how the recent sequence of trades has gone. The Dual EMA Trend Strategy v2.1 is a daily timeframe trend participation framework built around two exponential moving averages (9-period and 50-period), a multi-layer permission system, and an adaptive p"
https://www.tradingview.com/script/Q6VGUgz1-VWAP-Distance-Scalper-MES/,VWAP % Distance Scalper [MES],Q6VGUgz1-VWAP-Distance-Scalper-MES,PUB;838d0a87c990424181be732f93e5ac61,fbulfamante,strategy,1,1,12,0,0,2026-06-16T17:59:55+00:00,19,"Reversion to mean utilizing VWAP, BBANDS, and MAs This is a first attempt to try and create a day trading system"
https://www.tradingview.com/script/RnrrRYP6-3Commas-ENA-Grid-Bot-Long-Strategy/,[3Commas] ENA Grid Bot - Long Strategy,RnrrRYP6-3Commas-ENA-Grid-Bot-Long-Strategy,PUB;6b4e5e13251f4e769dfbc2224a0dd8cd,3Commas,strategy,1,1,12,0,0,2026-06-16T09:20:07+00:00,19," ENA Grid Bot - Long Strategy  🔷 What it does: This is a long-only price-grid strategy that harvests volatility on ENA / USDT through repeated round-trips on a pre-defined ladder of price levels between two fixed bounds. Each level is an independent slot: when price crosses down through a level, the strategy opens one slot; when price subsequently crosses up through the level immediately above, that slot is closed for a fixed round-trip profit. The grid is generated geometrically by default, so "
https://www.tradingview.com/script/pnhlrrli/,BTC Multi-Strategy Hybrid System,pnhlrrli,PUB;fad4604662b441e4b862f74bcfd3c8de,Anfu_Quantitative,strategy,2,1,4,0,0,2026-06-16T08:26:35+00:00,19,"This strategy is a multi-strategy composite trading system designed for the BTC perpetual futures market. It integrates trend-following and range-based trading logic under a unified execution and risk management framework, aiming to present the overall structure and performance characteristics of a systematic trading approach.  The public version is provided for backtesting display and structural illustration only. Core execution details and parameter optimization logic are not disclosed.  Syste"
https://www.tradingview.com/script/ELopGSRV-CAB-Trader-3-MAs-Professional/,CAB Trader - 3 MAs Professional,ELopGSRV-CAB-Trader-3-MAs-Professional,PUB;3f4f2dab06744051815281ea325b81c5,CAB_Trader,strategy,3,1,2,0,0,2026-06-16T01:12:34+00:00,19,"CAB Trader - 3 MAs Professional Overview  CAB Trader - 3 MAs Professional is a trend-following strategy designed to capture strong market movements while maintaining strict risk management.  The strategy combines the power of three Exponential Moving Averages (EMAs) with ATR-based dynamic trade management, allowing it to adapt to changing market conditions and volatility levels.  Unlike traditional crossover systems, this strategy focuses on trend alignment, intelligent stop management, automati"
https://www.tradingview.com/script/l4QfGiV1-9-21-EMA-Volume-Spike-Bollinger-Bands-VWAP/,9/21 EMA + Volume Spike + Bollinger Bands + VWAP,l4QfGiV1-9-21-EMA-Volume-Spike-Bollinger-Bands-VWAP,PUB;ce18522380b6400dba23bb655005ce8f,Trendchain0719,strategy,1,3,56,0,0,2026-06-15T20:13:38+00:00,19,This script shows buy sell signals based on ema cross over and volume spike. Its having vwap and bollinger bands
https://www.tradingview.com/script/8SxognfJ-CCI-Dynamic-Trend-Strategy-Crypto-Futures/,CCI Dynamic Trend Strategy - Crypto Futures,8SxognfJ-CCI-Dynamic-Trend-Strategy-Crypto-Futures,PUB;bbf82821a57f498483796225b3bf49c7,AlphaFeedHQ,strategy,3,2,2,0,0,2026-06-15T18:14:39+00:00,19,"CCI Dynamic Trend Strategy — Crypto Futures  A systematic trend-following strategy for crypto perpetual futures, operating exclusively on the 1-hour timeframe. No repainting — all signals are confirmed on bar close.  ━━━━━━━━━━━━━━━━━━━━━━━━━━━━━━━━━━━  HOW IT WORKS  The strategy is built on the Commodity Channel Index (CCI), a momentum oscillator that measures how far price has deviated from its statistical mean. This is not a simple crossover system.  Signals are generated when CCI crosses one"
https://www.tradingview.com/script/T8aHB8lj-Blueprint-VA/,Blueprint VA,T8aHB8lj-Blueprint-VA,PUB;51cd50b8d3864cfcb0e0035e756408a3,mantrafx,strategy,2,1,5,0,0,2026-06-15T17:46:34+00:00,19,"V/A  shapes,   better detection, tool to use as confirmation.."
https://www.tradingview.com/script/Hen8I4To/,Estrategia DPO - ArteDeJubilarte,Hen8I4To,PUB;f02076128fd04dbd83b7f3e87e8e9a06,ArteDeJubilarte,strategy,1,1,2,0,0,2026-06-15T17:37:24+00:00,19,"**English Description**  This strategy combines the Detrended Price Oscillator (DPO), MACD, ADX/DI and two simple moving averages to identify higher-quality trend continuation signals.  The main entry logic is based on the DPO crossing the zero line, confirmed by MACD direction, directional movement through +DI/-DI, and a fast SMA crossing a slow SMA within a configurable confirmation window. The system includes visual BUY, SELL and EXIT signals, configurable alerts, optional session filters, St"
https://www.tradingview.com/script/fiGIFuyH-UT-Bot-STC-Conjunction-Strategy-Tester-v4-8/,UT Bot + STC Conjunction Strategy Tester v4.8,fiGIFuyH-UT-Bot-STC-Conjunction-Strategy-Tester-v4-8,PUB;8c4deeffd2de443097e3420cff2f73a9,WellmanApex,strategy,1,2,69,0,0,2026-06-15T16:57:36+00:00,19,"For GBPUSD 1H only  UT Bot + STC Conjunction Engine     Overview   The UT Bot + STC Conjunction Engine is a high-precision, institutional-grade intraday trading framework designed specifically for major currency pairs (optimized for GBPUSD). By marrying fast-reacting momentum tracking with a multi-layered liquidity and volatility filtering stack, this strategy aims to capture highly explosive value turnarounds while aggressively minimizing flat-market drawdowns.Rather than chasing price or tradi"
https://www.tradingview.com/script/GOwfPvo1/,Aegis ARSI Adaptive Trend System (v10.0),GOwfPvo1,PUB;9259a2ee6a9b476ca1295b1576024786,Arkck,strategy,1,1,32,0,1,2026-06-15T15:58:37+00:00,19,神盾 ARSI 自適應趨勢系統  
https://www.tradingview.com/script/W6w1R6uB/,multi time fram,W6w1R6uB,PUB;d11ac280333343b7839a51eabe59d715,desperate731,strategy,1,1,6,0,0,2026-06-15T15:52:51+00:00,19,try and this use 45mins time frame  try and this use 45mins time frame try and this use 45mins time frame try and this use 45mins time frame
https://www.tradingview.com/script/XuFsLXAW-3Commas-TAO-RSI-Oversold-Doubling-DCA-Long-Strategy/,[3Commas] TAO RSI Oversold Doubling DCA - Long Strategy,XuFsLXAW-3Commas-TAO-RSI-Oversold-Doubling-DCA-Long-Strategy,PUB;b4e4376ec9314506a61509d18de3b65c,3Commas,strategy,1,1,14,0,0,2026-06-15T15:10:52+00:00,19," TAO RSI Oversold Doubling DCA — Long Strategy  🔷 What it does: This is a long-only DCA strategy with a selective oversold entry and an aggressive martingale safety-order ladder. A long entry opens only when the 4-hour RSI falls below 28 (deep oversold). Five safety orders then fire at fixed deviations from base entry (−2%, −5%, −9.5%, −16%, −25%) with sizes doubling on every rung ($1,000 → $2,000 → $4,000 → $8,000 → $16,000). Exit is a fixed 3% Take Profit from average entry. No trailing, no St"
https://www.tradingview.com/script/w5pVofj4-Custom-Volume-Delta-Stoch-RSI-MTF-Strategy/,Custom Volume Delta + Stoch RSI MTF Strategy,w5pVofj4-Custom-Volume-Delta-Stoch-RSI-MTF-Strategy,PUB;8689fc9093c84cbf8d73d09e1212f7b1,diaa_t_tamimi,strategy,3,1,0,0,0,2026-06-15T11:10:44+00:00,19,"**Strategy Description**  This strategy identifies momentum-based long opportunities by combining multi-timeframe signal confirmation, relative volume participation, price location within the intraday range, and optional market sentiment filters.  ### Entry Conditions  A long position is opened when all enabled conditions are satisfied:  * Required number of bullish signals detected within a user-defined lookback period. * Price is located within the bottom X% of the current day's range (calcula"
https://www.tradingview.com/script/wzi8UYIt-AmendLogic-BTC-Strategy-Adaptive-Multi-Regime-Trading-Engine/,AmendLogic / BTC Strategy - Adaptive Multi-Regime Trading Engine,wzi8UYIt-AmendLogic-BTC-Strategy-Adaptive-Multi-Regime-Trading-Engine,PUB;2f43281739714289952581313e885a43,Kevinroku,strategy,3,1,1,0,0,2026-06-15T11:07:02+00:00,19,"Overview  Welcome to the 2.0 evolution of the AmendLogic framework, now heavily optimized for high-volatility environments like Bitcoin and major crypto assets. This version introduces an object-oriented structural overhaul, significantly reducing execution overhead while debuting a brand-new, dual-regime automated risk architecture. It is built for traders who demand absolute precision, lightning-fast execution, and institutional-grade capital preservation.   Changelog & Core Upgrades   Dynamic"
https://www.tradingview.com/script/SOXl1ib0-Master-Structural-Engine/, Master Structural Engine ,SOXl1ib0-Master-Structural-Engine,PUB;334517408fcb41a29615aeee9ed41ef8,tolgahanyildirimx22cw,strategy,1,1,16,0,0,2026-06-15T10:42:47+00:00,19,5 & 100 & 200 ema structural trding system calculates trades based on displacements and htf momentum works on 5m chart 
https://www.tradingview.com/script/wZk8AdwP/,10 in 1 MAs + Dashboard + Buy/Sell v6,wZk8AdwP,PUB;1096fa8f9e65477188a0c465a8e0c4b1,chawarat_mb,strategy,1,1,23,0,0,2026-06-15T09:19:55+00:00,19,10 in 1 MAs + Dashboard + Buy/Sell v6  Guide Newbie buy or sell posotions
https://www.tradingview.com/script/eDyfoKkr-Joey-Strategy/,Joey Strategy,eDyfoKkr-Joey-Strategy,PUB;f587137294ad44459a26831fbf878158,Geckin,strategy,1,1,5,0,0,2026-06-15T09:00:48+00:00,19,"Long Stoch RSI strategy and the take profit and stop loss are both set to 1.5x ATR  Make sure you back-test it because it does not work on every symbol.  The strategy can work on any candlestick timeframe, but it was originally designed for 1-day candlesticks."
https://www.tradingview.com/script/NEtMdbmJ-Multi-Timeframe-Trend-Alignment-Framework/,Multi-Timeframe Trend Alignment Framework,NEtMdbmJ-Multi-Timeframe-Trend-Alignment-Framework,PUB;b02ff7707ced41178db8290013f2a82e,AIScripts,strategy,1,1,9,0,0,2026-06-15T07:35:37+00:00,19,"Overview  Markets can look completely different depending on the timeframe being analyzed. A trend that appears strong on a 15-minute chart may simply be a pullback on a 4-hour chart.  This framework explores how multiple timeframes can be combined to provide additional market context. Instead of relying on a single chart, the approach examines higher-timeframe direction while using the current timeframe for trade identification.  The goal is to create a structured process for studying trend ali"
https://www.tradingview.com/script/9gg7vdMj/,Volatility Surge Strategy,9gg7vdMj,PUB;a9df2e21a28f483babd29bd366517d00,Shiroi-,strategy,1,1,4,0,0,2026-06-15T05:37:54+00:00,19,█ OVERVIEW  Volatility Surge Strategy (VSS) is an original indicator inspired by the concept of the Williams VIX Fix — a method of measuring the depth of price decline from a recent high to replicate VIX-like behavior on any instrument.  This script is a fully independent implementation built from scratch. The core calculation concept (drop depth from highest close) is a publicly known mathematical formula with no copyright. All Pine Script code is original.  █ HOW IT WORKS  • Volatility Index (
https://www.tradingview.com/script/6Cfdi5U9-9-21EMA-Anji/,9/21EMA_Anji,6Cfdi5U9-9-21EMA-Anji,PUB;1cb8f636755e44d595bafbb6b4d56499,Anji_GA,strategy,1,1,52,0,0,2026-06-15T03:58:01+00:00,19,This indicator will help to trigger signal based on the 9/21 EMA for scalping and removed false signals.
https://www.tradingview.com/script/x39mKkAp-Yuri-Garcia-Narrow-State-Strategy-YGILS/,Yuri Garcia Narrow State Strategy (YGILS),x39mKkAp-Yuri-Garcia-Narrow-State-Strategy-YGILS,PUB;eebb7ecfc179447794ebe41e84971579,YGD_CONSULTING_LLC,strategy,1,1,66,0,0,2026-06-15T02:44:27+00:00,19,"Overview  The Yuri Garcia Institutional Liquidity Strategy (YGILS) is a trend-following and volatility-expansion methodology designed to identify high-probability trading opportunities during periods of market compression and directional momentum.  The strategy combines trend analysis, volatility measurements, momentum confirmation, and risk management into a structured framework that helps traders identify potential institutional participation while maintaining disciplined execution.  The prima"
https://www.tradingview.com/script/AbbtCSpc-ZealyOn-CR-APTUSDT-Stoch-RSI-4H-18/,[ZealyOn] CR APTUSDT Stoch RSI 4H 18,AbbtCSpc-ZealyOn-CR-APTUSDT-Stoch-RSI-4H-18,PUB;ae065401d8a84fa398ca10c2aee3e64a,AceNetics,strategy,2,1,4,0,0,2026-06-15T01:54:40+00:00,19,"This ZealyOn strategy is a TradingView Pine Script version of a ZealyOn market strategy built for structured trend participation, cleaner breakout timing, disciplined signal filtering, and practical historical backtesting on this chart.  The goal of this script is to give traders a clear way to study how the strategy behaves across different market conditions, including trending phases, consolidation zones, breakout attempts, pullbacks, and periods of increased volatility. It is designed to help"
https://www.tradingview.com/script/uOlzLqTw-1-Trendline-Strategy/,1 Trendline Strategy,uOlzLqTw-1-Trendline-Strategy,PUB;5a369d36199a43f287b32d6a56e192fa,egoigor1976,strategy,1,1,309,0,0,2026-06-15T00:02:22+00:00,19,"🌟 1 Trendline Strategy: Liquidity Pool Breakout + HTF Trend Filter (Neon Edition) Description: This strategy is based on ""Smart Money"" concepts and trendline technical analysis. The core logic relies on identifying dynamic liquidity pools and trading their breakouts (liquidity sweeps), but strictly in the direction of the global trend.  The script is fully automated, features built-in ATR-based risk management, and includes custom neon visualization designed for maximum chart readability.  ⚙️ Ho"
https://www.tradingview.com/script/n60KfsOU-AutoSniper-NQ-MNQ/,AutoSniper NQ/MNQ,n60KfsOU-AutoSniper-NQ-MNQ,PUB;b37cbe4406f94680aadfa148a138c163,quantdev369,strategy,3,6,14,0,0,2026-06-14T22:52:47+00:00,20,"## AutoSniper NQ/MNQ Strategy  AutoSniper NQ/MNQ is an invite-only Pine Script strategy designed for structured NQ and MNQ futures signal evaluation, strategy testing, and automation-ready alert routing.  This script is not published as a basic moving-average crossover, RSI clone, or simple trend-following tool. The protected value is in the complete trade-state workflow: directional signal validation, trend-state filtering, chop/DI strength filtering, money-flow confirmation, signal-candle requ"
https://www.tradingview.com/script/ONfaExYp-FVGC-Backtest/,FVGC Backtest,ONfaExYp-FVGC-Backtest,PUB;12697aa933a04d89a5c4985148a35ffe,dylanando,strategy,3,1,2,0,0,2026-06-14T22:38:09+00:00,20,"Backtesting the FVGC model. Here's a 500-word piece on backtesting the FVGC model by Capital Complex:  ---  ** Backtesting the FVGC Model by Capital Complex **  For serious NQ futures traders, backtesting is the foundation of confidence — and nowhere is that more true than with the FVGC model developed by Capital Complex. Before committing real capital to any strategy, systematic replay through historical price action separates genuine edge from hopeful pattern recognition. The FVGC model, built"
https://www.tradingview.com/script/mfw4fJST/,VIX MACD Long,mfw4fJST,PUB;d436bd860df34a43b27fe46cd10e5c41,ryoma3119,strategy,1,1,4,0,0,2026-06-14T17:50:57+00:00,20,"これは VIX（恐怖指数）のMACDを使って、日経平均を売買するロング戦略。  ルールはシンプル。  VIX MACDがデッドクロス 市場の恐怖が弱まり始めたと判断 日経平均を買う VIX MACDがゴールデンクロス 市場の恐怖が強まり始めたと判断 日経平均を売る  | 総トレード数   |        70回 | | 勝ち       |        47回 | | 負け       |        22回 | | 引き分け     |         1回 | | 勝率       |     約67.1% | | 累計利益     |  +921,137円 | | 平均損益     |   +13,159円 | | 最大利益     |  +132,177円 | | 最大損失     |  -173,434円 | | 最大ドローダウン | 約-173,434円 | "
https://www.tradingview.com/script/rOCLthTr-Diagonal-Chain-Pivot-Anchored-Adaptive-Channel-Strategy/,Diagonal Chain - Pivot-Anchored Adaptive Channel [Strategy],rOCLthTr-Diagonal-Chain-Pivot-Anchored-Adaptive-Channel-Strategy,PUB;6d1151912c1342c693904a264a39d047,tucq88,strategy,2,1,0,0,0,2026-06-14T17:19:38+00:00,20,"Diagonal Chain draws ONE adaptive trend channel anchored to the market's current   swing leg, then trades pullbacks inside it. It's the trendline-channel idea you'd   draw by hand — automated, locked so it doesn't redraw, and backtestable.    ━━ WHAT IT DOES ━━   • Finds the current swing leg from confirmed pivots and fits a straight channel     (least-squares centre line + high/low envelope rails).   • LOCKS the channel at birth — slope, centre and rails are frozen. It does not     wobble or re"
https://www.tradingview.com/script/xJ5iSXIS-Tomukas-Wave-VWAP-DCA-Scalper-PRO/,Tomukas Wave VWAP DCA Scalper PRO ,xJ5iSXIS-Tomukas-Wave-VWAP-DCA-Scalper-PRO,PUB;5fb6f296cc5241fea5625aab18b7ef85,Tomukasss,strategy,1,1,67,0,1,2026-06-14T16:56:03+00:00,20," A high-probability Gold (XAUUSD) scalping strategy built around trend continuation, momentum confirmation, VWAP positioning, volume pressure, and structured scaling.  What makes this strategy unique is the custom 5-step add-on system:  0.5% → 0.5% → 1% → 2% → 4%  I'm a huge fan of this scaling model because it allows you to stay in quality trades through normal market noise while improving your average entry price. When executed correctly and consistently, this approach has produced exceptional"
https://www.tradingview.com/script/Uf6eQpUH-Turtle-Traders-Strategy/,Turtle Traders Strategy,Uf6eQpUH-Turtle-Traders-Strategy,PUB;1bc1ee5f912a462aae29b7f1dedf462a,yubinzhang802,strategy,1,1,12,0,0,2026-06-14T16:32:49+00:00,20,A little project I made to test out the classic Turtle Traders trading system rules and how would they perform following these rules.   You can play around with the inputs and to get that classic Turtle Traders way of trading use on daily timeframe.
https://www.tradingview.com/script/xXrbltSH-TJR-v4-Strategy/,TJR v4 Strategy,xXrbltSH-TJR-v4-Strategy,PUB;2041306077464361a62b7972816668ec,DoriannNQ,strategy,1,1,30,0,0,2026-06-14T12:34:39+00:00,20,"Here's a short publish description:  TJR PRO — Sweep → BOS→ FVG An ICT-style strategy built on a single model: price raids liquidity, shifts market structure, then returns to the fair value gap for entry. The model:  Sweep — a liquidity pool gets raided (PDH/PDL, PWH/PWL, Asia/London/NY session highs & lows, EQH/EQL) MSS — market structure shifts in the opposite direction (displacement break) FVG — price retraces into the resulting fair value gap (entry at the edge or 50% / consequent encroachme"
https://www.tradingview.com/script/anNnwsQo/,SuperTrend BB Strategy [STB],anNnwsQo,PUB;9ba0d8c1aca04d838e36de4bce5c1402,Shiroi-,strategy,1,1,20,0,0,2026-06-14T11:40:50+00:00,20,"█ OVERVIEW  SuperTrend BB Filter Strategy   combines a standard SuperTrend with a Bollinger Bands SMA filter to reduce false signals in choppy markets.  The core idea is simple — use the BB midline (SMA) to confirm trend direction first, then take SuperTrend signals only in that direction.   █ HOW IT WORKS  SuperTrend generates BUY/SELL signals based on ATR-derived trend lines. On its own, it tends to get whipsawed in ranging conditions.  Bollinger Bands midline (SMA) acts as a trend filter: • P"
https://www.tradingview.com/script/ab5k064U/,NORN WEAVE | THURISAZ,ab5k064U,PUB;1bf8829ec2fa45fa95497cd1806edbbe,mm_mitsuya,strategy,1,2,113,0,0,2026-06-14T08:34:47+00:00,20,"# NORN WEAVE ᚦ THURISAZ  ---  ### Overview  NORN WEAVE ᚦ THURISAZ is the third version of the NORN WEAVE series, built on URUZ as its foundation.  The core logic is unchanged — EMA slope, Dow Theory swing structure, ADX trend confirmation. What changed is the entry filter. THURISAZ adds one question before every trade: *where are we standing on the daily chart?*  URUZ was built to survive. THURISAZ is built to choose. Bad entries don't just lose money — they consume time, margin, and mental band"
https://www.tradingview.com/script/kxCXnuU6-3Commas-EURUSD-Grid-Bot-Long-Strategy/,[3Commas] EURUSD Grid Bot - Long Strategy,kxCXnuU6-3Commas-EURUSD-Grid-Bot-Long-Strategy,PUB;ff0808918b2446fd99bc06526ec079d8,3Commas,strategy,1,1,8,0,0,2026-06-14T07:43:58+00:00,20," EURUSD Grid Bot - Long Strategy  🔷 What it does: This is a long-only price-grid strategy that harvests volatility on EUR / USD through repeated round-trips on a pre-defined ladder of price levels between two fixed bounds. Each level is an independent slot: when price crosses down through a level, the strategy opens one slot; when price subsequently crosses up through the level immediately above, that slot is closed for a fixed round-trip profit. The grid is generated geometrically by default, s"
https://www.tradingview.com/script/l0vbOeqn-Institutional-Trend-Strategy-v6-Auto-Profile/,"Institutional Trend Strategy v6,Auto Profile",l0vbOeqn-Institutional-Trend-Strategy-v6-Auto-Profile,PUB;5d1eeeb8672e49b4a161a9189aa83145,tomkarayil,strategy,2,1,4,0,0,2026-06-14T06:32:58+00:00,20,"It is a multi factor trend following strategy designed to identify high probability swing trades across Indices, ETF, Crypto, metals  energy markets"
https://www.tradingview.com/script/kzKGbMBB-My-Accurate-Buy-Sell/,My Accurate Buy/Sell,kzKGbMBB-My-Accurate-Buy-Sell,PUB;db47d5d91a1c4f1e976a0245f0101e12,contactkenny117s,strategy,2,3,42,0,0,2026-06-14T01:09:21+00:00,20,"My Accurate Buy/Sell An overlay strategy that generates Buy and Sell signals based on a higher-timeframe trend-confirmation method, with built-in session management, force-close controls, and an on-chart performance dashboard. Key Features  Buy / Sell Signals — Clear BUY and SELL labels plotted directly on the chart, driven by a higher-timeframe trend filter for smoother, swing-style entries. Trade Direction Toggle — Choose Buy Only, Sell Only, or Both, depending on how you want to trade. Sessio"
https://www.tradingview.com/script/4MKEckYn-Sina-Reversal-Pro-V7/,Sina Reversal Pro V7,4MKEckYn-Sina-Reversal-Pro-V7,PUB;1c50d7d75c014c3f8babfc058952e74a,sinakeshawarz,strategy,2,6,2,0,1,2026-06-13T15:12:28+00:00,20,"The Sina Reversal Pro V7 is a professional-grade reversal trading strategy designed to identify high-probability turning points in the market through a structured confluence-based approach. It integrates multiple technical components, including momentum oscillators, market structure analysis, and multi-timeframe confirmation, to generate well-vetted trading signals. The strategy employs dynamic volatility adaptation to adjust its sensitivity according to changing market conditions, enhancing its"
https://www.tradingview.com/script/3VLM19TH-3Commas-XRP-Grid-Bot-Long-Strategy/,[3Commas] XRP Grid Bot - Long Strategy,3VLM19TH-3Commas-XRP-Grid-Bot-Long-Strategy,PUB;112b8f7396804359bdf0860f12670365,3Commas,strategy,1,1,14,0,0,2026-06-13T09:11:00+00:00,20," XRP Grid Bot - Long Strategy  🔷 What it does: This is a long-only price-grid strategy that harvests volatility on XRP / USDT through repeated round-trips on a pre-defined ladder of price levels between two fixed bounds. Each level is an independent slot: when price crosses down through a level, the strategy opens one slot; when price subsequently crosses up through the level immediately above, that slot is closed for a fixed round-trip profit. The grid is generated geometrically by default, so "
https://www.tradingview.com/script/dUpQjue8-virtual-renko-strategy-web-hook-for-bybit/,Virtual Renko Strategy + Web Hook for Bybit,dUpQjue8-virtual-renko-strategy-web-hook-for-bybit,PUB;083d95e5b89b4523a53fb5489bc1a37d,Rodion7777,strategy,2,1,12,0,0,2026-06-13T08:45:54+00:00,20,"This is a robust, multi-layered algorithmic trading strategy built on a Virtual Renko engine. It uses Heikin Ashi price data to smooth out market noise and visualizes dynamic price channels (bricks) directly on the standard chart. The algorithm is heavily optimized for crypto markets, featuring strict repainting prevention and manipulation safeguards.  Core Mechanics & Filters:  Virtual Renko Engine: Calculates dynamic price steps based on ATR, Fixed points, or Percentages, effectively filtering"
https://www.tradingview.com/script/DBxn8Hk9-Super-Smart-Indicator-SMC-Concept/,Super Smart Indicator - SMC Concept,DBxn8Hk9-Super-Smart-Indicator-SMC-Concept,PUB;857813b16feb4a0f8a64a667845bb5a0,pal9508,strategy,2,1,9,0,0,2026-06-13T03:14:25+00:00,20,Core SMC Concepts 1. Market Structure Market structure is the foundation of SMC. Bullish Structure Higher High (HH) Higher Low (HL) Bearish Structure Lower High (LH) Lower Low (LL) HH→HL→HH→HL A bullish trend continues as long as higher highs and higher lows are maintained.  2. Break of Structure (BOS) A BOS occurs when price breaks a previous swing high or swing low in the direction of the trend. Bullish BOS Uptrend exists Price breaks previous high Bearish BOS Downtrend exists Price breaks pre
https://www.tradingview.com/script/E0INlHMr/,Unicorn + SMT + EMA Strategy,E0INlHMr,PUB;11ddc38f0fdf49e5842e81b9670699d8,MrLatte,strategy,2,2,16,0,0,2026-06-12T23:12:04+00:00,20,"English / Español  The Unicorn + SMT + EMA Strategy is a precision entry system built around one core idea: a single signal is an opinion, but three independent confirmations are a thesis. This strategy only fires when the most reactive setup in the ICT playbook, the Unicorn, aligns simultaneously with institutional divergence (SMT) and multi timeframe directional bias (EMA). Each layer filters out a different type of losing trade, and only the setups that survive all three make it to your chart"
https://www.tradingview.com/script/bajhb6V9-Trend-Structure-Scale-In/,Trend Structure Scale-In,bajhb6V9-Trend-Structure-Scale-In,PUB;bf9d8c11b64d4b42b265b951bd3b5ace,Tomukasss,strategy,1,1,205,0,3,2026-06-12T23:11:35+00:00,20,"👋 What's up traders,  Decided to finally share this one after a lot of testing, tweaking, and more chart staring than I'd like to admit.  Trend Mitigation Scale-In Pro is built around a simple idea: trade with the trend, wait for quality pullbacks, and let probabilities do the heavy lifting.  The strategy combines:  • EMA200 trend filtering • Pivot structure detection • Engulfing candle confirmation • Mitigation-based entries • Controlled scale-ins on pullbacks • Fixed basket take-profit managem"
https://www.tradingview.com/script/rSachA35-Trend-Pivot-Scale-In/,Trend Pivot Scale In,rSachA35-Trend-Pivot-Scale-In,PUB;f95f238e2b6c4bd387e45d6d2b975fdd,Tomukasss,strategy,1,1,20,0,1,2026-06-12T21:37:38+00:00,20,"Finally decided to publish this one.  A lot of testing, a lot of bad ideas thrown away, and more chart staring than I'd like to admit 😅  This strategy focuses on trading with the trend, scaling into pullbacks, and letting statistics do the heavy lifting instead of emotions.  No script is perfect, and I definitely encourage everyone to test it for themselves before using it anywhere near a live account.  If you give it a try, let me know what you think. Feedback is always welcome.  And if you fin"
https://www.tradingview.com/script/Lmw9Mnjx-Engulfing-Mitigation-Strategy/,Engulfing Mitigation Strategy,Lmw9Mnjx-Engulfing-Mitigation-Strategy,PUB;21cb86c3251c4978b29d59c7ac373ed3,Tomukasss,strategy,1,1,10,0,0,2026-06-12T21:29:39+00:00,20,"👋 What's up traders,  I've been developing Pine Script for about 3 years and enjoy building indicators, strategies, and automation tools for TradingView.  I'm not a professional trader, just a guy who likes testing ideas and creating tools that might help others.  Feel free to check out my scripts, and if you have any questions, ideas, or need help with Pine Script, shoot me a DM.  If you find my work useful, a 👍 Like or 🚀 Boost is always appreciated and helps me keep improving and sharing more "
https://www.tradingview.com/script/AgykABzD-UnifiedTimedStrategyCleaned/,UnifiedTimedStrategyCleaned ,AgykABzD-UnifiedTimedStrategyCleaned,PUB;f288b84938a348dbab6c71326343805d,yonatanh90,strategy,1,2,5,0,0,2026-06-12T19:41:27+00:00,20,"Main features:  Module A: Entry is based on the 16:40 candle in Israel time, so the trade enters on the next bar, around 16:45 / 16:50, depending on the chart timeframe. Direction by candle color: Green candle = Long, red candle = Short, doji = no trade. TP/SL for Module A: Default Stop Loss = 120 ticks, Take Profit = 60 ticks. Extra exit rule: Closes the trade at the close of the next bar after entry. Daily loss limit: Includes a daily loss limit for Module A. After losing day filter: Option to"
https://www.tradingview.com/script/iz6acv9B-VuManChu-WT-Zero-Cross-Strategy-V1-2-3/,VuManChu WT Zero Cross Strategy V1.2.3,iz6acv9B-VuManChu-WT-Zero-Cross-Strategy-V1-2-3,PUB;19bc6ab202d44ec3b3182548135695c3,Wayward_Bison,strategy,1,2,23,0,0,2026-06-12T19:28:10+00:00,20,"This is the final VuManChu WT Zero Cross using Green and Red circles as take-profit targets. If you decide to use this strategy, try changing the source to a Moving Average or any other type of smoothing indicator. That will filter out any rapid swings and make zero-line crosses more meaningful. Happy trading!"
https://www.tradingview.com/script/JuSjN9Vr-Liquidity-Sweep-Rejection-Strategy-CMD-Bast0x/,Liquidity Sweep Rejection Strategy - CMD Bast0x,JuSjN9Vr-Liquidity-Sweep-Rejection-Strategy-CMD-Bast0x,PUB;049e1df519b6423b9b57a7c3a5963958,OxCryptoGreekiexO,strategy,2,1,26,0,2,2026-06-12T18:55:26+00:00,20,"Crypto Macro Dose Strategy:  Liquidity Sweep Rejection (Bast Quant 0x)   Overview  This strategy combines systematic **Higher Timeframe (HTF) trend-following** with a **Lower Timeframe (LTF) liquidity-hunt execution**. Many retail traders get stopped out right before a massive market move because they place their stop-losses at obvious structural points. This strategy looks to capitalize on exactly that phenomenon by identifying when those stop-losses are ""swept"" or ""raided,"" waiting for institu"
https://www.tradingview.com/script/HDyWjiHT-XAUUSD-Triple-Confluence-Strategy/,XAUUSD Triple Confluence Strategy,HDyWjiHT-XAUUSD-Triple-Confluence-Strategy,PUB;e39f573feead4fcc95ed68affcda7759,avinashkumarsynergy,strategy,2,1,4,0,0,2026-06-12T17:54:39+00:00,21,"3 emas  =21 yellow ,50 blue,200 red plotted on chart.  buy labels  =green arrow below candle when all conditions align.  sell labels = red arrow above candle when all condition align. sl line=red dashed line auto spaced below/above signal candle. tp1/tp2/tp3 =green lines at 1:1,1:2,1:3 r/r automatically. session zones   s/r dots =pivot highs /low marks info table =live rsi,atr,trend bias,position status (top right) 4 alerts=buy signal,sell signal,rsi oversold,rsi overbought.  recommended setting"
https://www.tradingview.com/script/85naPMk3-VuManChu-WT-Zero-Cross-V1-1b/,VuManChu WT Zero Cross V1.1b,85naPMk3-VuManChu-WT-Zero-Cross-V1-1b,PUB;b3505665c30b47b79bf5e86fc6b37e81,Wayward_Bison,strategy,1,1,7,0,0,2026-06-12T16:05:02+00:00,21,VuManChu Wave Trend Zero crosses with Buy/Sell circle as take-profits.
https://www.tradingview.com/script/SvCTMOpB/,781 Institutional Pulse PRO ,SvCTMOpB,PUB;2090561a639440f88af61e1fa207a6ac,Institutional_781,strategy,2,2,3,0,0,2026-06-12T15:20:03+00:00,21,"781 Institutional Pulse PRO  781 Institutional Pulse PRO is a clean session-based trading strategy designed to identify high-probability long-side reaction points during a defined institutional time window.  The system focuses on market timing, controlled risk, and visual clarity. It is built to help traders see when price enters a potential exhaustion/reversal zone and where the related trade structure is placed: entry, stop, and target.  Core Idea  The strategy uses a structured session-pulse "
https://www.tradingview.com/script/sOGgrqph/,the 8th wonder of the world,sOGgrqph,PUB;9861a2ddae6540a9ae45ad91588fe571,max3869,strategy,3,12,24,0,0,2026-06-12T11:38:43+00:00,21," Hybrid Macro Trend Dashboard Strategy is a multi-layer intraday strategy built to organize trend-following entries through a structured combination of local signal timing, higher-timeframe alignment, range detection, macro filters, and risk management logic.  This script is designed for traders who want more than a simple crossover system. Rather than validating entries from a single trigger alone, it evaluates whether the market context supports continuation, whether higher timeframes agree, w"
https://www.tradingview.com/script/p1lreZG7/,XAUUSD Mean Reversion .,p1lreZG7,PUB;714cac2c5aba4cde956b6b7ea76d5bfd,max3869,strategy,3,9,14,0,0,2026-06-12T11:27:08+00:00,21,"XAUUSD Mean Reversion Light is an intraday mean reversion strategy built for traders who want to identify controlled reversal setups after short-term price overextension.The script is designed around a simple market idea: when price moves too far away from its short-term equilibrium, it may temporarily become imbalanced and then revert toward a more neutral area. Rather than attempting to trade every pullback, this strategy focuses on specific intraday contexts where exhaustion and location alig"
https://www.tradingview.com/script/krXwhYXS-Momentum-Wave-AI/,Momentum Wave AI,krXwhYXS-Momentum-Wave-AI,PUB;538e794e24054279b47192be79d79503,VikiSoh,strategy,2,1,2,0,0,2026-06-12T10:18:45+00:00,21,"This Indicator is a professional trend-following trading tool designed to help traders identify high-probability market opportunities with clarity and confidence. Built for active traders, this indicator combines price trend direction, momentum confirmation, and smart signal timing into one clean system.  It is suitable for major markets such as Gold, US30, NAS100, forex pairs, crypto, and other volatile instruments. Whether you are a scalper, day trader, or swing trader, the indicator is design"
https://www.tradingview.com/script/efrXbH8T/,0 %TRADE Strategy ,efrXbH8T,PUB;9c07d3fdb44242d5ad35ef8c2c6e519c,mdfe3757,strategy,2,3,3,0,0,2026-06-12T09:39:34+00:00,21,勝率超低 跟他反著做就對了
https://www.tradingview.com/script/qo43NaGV-BB-MACD-v6-1-5-Qing-Smart-Distribution/,BB + MACD v6.1.5 (Qing Smart Distribution),qo43NaGV-BB-MACD-v6-1-5-Qing-Smart-Distribution,PUB;e54a7c8ff8994acba4d0514c8fd5860d,Z8830,strategy,1,1,25,0,0,2026-06-12T09:26:11+00:00,21,"Strategy Summary: Qing BB + MACD v6.1.5 (Smart Distribution) Concept A long‑only momentum strategy that catches confirmed breakouts (Bollinger Basis + MACD) and actively manages exits by detecting distribution, trend exhaustion, or blow‑off tops. The goal is to ride the middle part of a trend while exiting before a major reversal.  📈 Entry – “ECU Confirming Solid Rise” Conditions (all required):  Price breakout – close crosses above the 20‑period SMA (Bollinger Basis) or MACD line crosses above "
https://www.tradingview.com/script/RAXMKw2a-3Commas-XAUT-RSI-Reversal-DCA-Short-Strategy/,[3Commas] XAUT RSI Reversal DCA - Short Strategy,RAXMKw2a-3Commas-XAUT-RSI-Reversal-DCA-Short-Strategy,PUB;fd1897470d2b46899e15c10a43c8a141,3Commas,strategy,1,1,10,0,0,2026-06-12T08:07:39+00:00,21," XAUT RSI Reversal DCA - Short Strategy  🔷 What it does: This is a short-only DCA strategy that fades overbought momentum on XAUT / USDT (Tether Gold). A short deal opens when the 3-minute RSI(9) crosses down through 80 — a momentum-exhaustion signal after a fast push higher. Up to three averaging orders then fill at fixed deviations ABOVE the base entry (+1%, +2%, +3%) with uniform sizing, pulling the average entry up if price keeps rising. Exit is a 1.3% Take Profit from the average entry with"
https://www.tradingview.com/script/d0RTyRY6/,82 TRADE Strategy v8.8 (Final Forge),d0RTyRY6,PUB;dc96ac1d8d414e2ea62286e6224bcc37,mdfe3757,strategy,2,2,1,0,0,2026-06-12T04:43:22+00:00,21,"這是一份非常經典的「高盈虧比、低勝率」趨勢突破（Sweep）策略。從你提供的截圖來看，勝率約落在 24% ~ 26%，但總獲利和最大獲利交易（551,102 USDT）非常驚人，這表示你的策略成功做到了「截斷虧損，讓利潤奔跑」。  不過，我完全理解你的疑慮。實盤交易中，長期忍受 25% 的勝率（意味著每 4 筆交易有 3 筆是停損）對交易心理是極大的折磨，很容易在連續虧損（Drawdown）期間放棄。  根據你的腳本原始碼（v8.3 移除止損緩衝、純靠 PA 與 K 線型態進場），以下是幾個導致低勝率的核心原因，以及具體的改善建議："
https://www.tradingview.com/script/RcF7t6Am/,TRADE Strategy v8.4 (Pine v6 Ready),RcF7t6Am,PUB;218f458c69744c5dae7f78d987e5d3e8,mdfe3757,strategy,1,1,37,0,0,2026-06-12T04:11:06+00:00,21,"這是一份非常經典的「高盈虧比、低勝率」趨勢突破（Sweep）策略。從你提供的截圖來看，勝率約落在 24% ~ 26%，但總獲利和最大獲利交易（551,102 USDT）非常驚人，這表示你的策略成功做到了「截斷虧損，讓利潤奔跑」。  不過，我完全理解你的疑慮。實盤交易中，長期忍受 25% 的勝率（意味著每 4 筆交易有 3 筆是停損）對交易心理是極大的折磨，很容易在連續虧損（Drawdown）期間放棄。  根據你的腳本原始碼（v8.3 移除止損緩衝、純靠 PA 與 K 線型態進場），以下是幾個導致低勝率的核心原因，以及具體的改善建議："
https://www.tradingview.com/script/CEMq1mdD/,[Ritchi] RTSIE v3.1.1,CEMq1mdD,PUB;cd0b3c18a155466aaf9347d2cbd54588,RTSIE_COMPANY_VN,strategy,3,1,3,0,0,2026-06-12T02:54:45+00:00,21,"SCM & Trend Matrix Trading Strategy Overview SCM (Smart Money Concept)  SCM, or Smart Money Concept, is a trading methodology that focuses on understanding how institutional investors, banks, and large market participants move the market. Instead of relying heavily on lagging indicators, SCM analyzes price action, market structure, liquidity, and order flow.  Trend Matrix Strategy  Trend Matrix is a trend-following strategy that combines multiple technical indicators to confirm market direction "
https://www.tradingview.com/script/WuGJWANv-Peak-Valley-Kernel-DAFE/,Peak/Valley Kernel [DAFE],WuGJWANv-Peak-Valley-Kernel-DAFE,PUB;9ee942875bed4edf9b409566947b97c4,DskyzInvestments,strategy,3,1,22,0,2,2026-06-12T02:06:42+00:00,21,"Peak/Valley Kernel     is an advanced, enterprise-grade quantitative execution strategy designed for the modern multi-asset trader. Integrating high-frequency order book microstructure, statistical regime detection, adaptive machine learning, and reinforcement learning position arbitration, this system represents a paradigm shift in systematic trend-following and structural reversal trading.   Rather than relying on lag-heavy lagging indicators,   fuses digital signal processing (DSP) kernels wi"
https://www.tradingview.com/script/AViiuAoi-Vishall-EMA-9-20-50-200-DMI-ADX-Strategy/,Vishall EMA 9/20/50/200 DMI/ADX Strategy,AViiuAoi-Vishall-EMA-9-20-50-200-DMI-ADX-Strategy,PUB;94e0e0eee2474aa0b2d0a5a79561cc9a,fondBird7020,strategy,1,1,6,0,0,2026-06-11T22:15:47+00:00,21,Vishall EMA 9/20/50/200 DMI/ADX Strategy  Vishall EMA 9/20/50/200 DMI/ADX Strategy  Vishall EMA 9/20/50/200 DMI/ADX Strategy
https://www.tradingview.com/script/M5m5VhZM/,Lander Alpha Fusion Universal - Estrategia,M5m5VhZM,PUB;3f8aa02b39bb4835a1494841ab07e527,landerMv,strategy,2,1,0,0,0,2026-06-11T20:11:27+00:00,21,es una joya una excelente estrategia con indicador de primera 
https://www.tradingview.com/script/rDATEVXH-SPX-1m-MACD-Perma-Bull-Momentum/,SPX 1m MACD Perma-Bull Momentum,rDATEVXH-SPX-1m-MACD-Perma-Bull-Momentum,PUB;30c1fc4e73914b7589eec47120198566,browsk,strategy,2,1,4,0,0,2026-06-11T17:46:13+00:00,21,"First attempt at actually trading strictly to a strategy so tried to keep it pretty basic. Ideally you are still manually executing orders and confirming if the signal the strategy is giving is one you should follow. Currently biggest issue with it is that it will buy during stalled out tops of the day, and that there is no stop loss settings. Just pure perma-bull momentum capture. Plans to develop this further, possibly as a new strategy just to preserve the simplicity here.  Ideally you pair t"
https://www.tradingview.com/script/cWJcmOVm-Ultimate-Strategy-Full-Financial-Scores-No-Repaint/,Ultimate Strategy - Full Financial Scores [No Repaint],cWJcmOVm-Ultimate-Strategy-Full-Financial-Scores-No-Repaint,PUB;3b158a37c0d64fd1b7aebc192a3bfdfa,topalloush,strategy,2,1,1,0,0,2026-06-11T17:06:00+00:00,21,"""A hybrid strategy combining advanced technical analysis with estimated financial strength scoring, designed to filter trades based on a stock's real health rather than price action alone.""  🎯 Primary Objective Avoid value traps and weak stocks by ensuring that both technical signals and financial strength are confirmed before entering any trade.  🧠 How It Works (Simplified) A BUY signal is generated only when three conditions are met simultaneously:  Condition	Role 1. Bandpass Entry	Technical s"
https://www.tradingview.com/script/QmvNQLJC-Craty-Evaluation-Account-Level-E8-Live-Execution-Setup/,Craty Evaluation Account Level E8 - Live Execution Setup,QmvNQLJC-Craty-Evaluation-Account-Level-E8-Live-Execution-Setup,PUB;11dfe966f59845b4a11a48b07df2d0e6,aristocratarivuchandran,strategy,1,1,6,0,0,2026-06-11T16:27:19+00:00,21,"Craty Evaluation Account Level E8 - Live Execution Setup is an intraday MNQ 1-minute evaluation trading strategy based on an Opening Range Breakout model.  The strategy uses London and New York AM sessions only, with no overnight holding. It waits for a confirmed opening-range breakout, applies a 3-bar human delay, checks VWAP alignment, breakout candle strength, stop validity, risk limits, and chase protection before entering.  Each trade uses a structural stop behind the breakout level, a capp"
https://www.tradingview.com/script/Wl9QUzkZ/,RKLB 5m ORB I3 VWAP Long,Wl9QUzkZ,PUB;3db63c626f004f11aa1e83244d0b967e,Myla_,strategy,1,1,18,0,0,2026-06-11T15:57:32+00:00,21,这是一套针对 RKLB 5 分钟 K 线的日内开盘区间突破策略。脚本以美股常规交易时段开盘后的第一根 5 分钟 K 线作为 Opening Range，使用其高低点定义当日关键突破区间；仅在盘中指定时间窗口内寻找向上突破机会，并通过 VWAP 方向过滤提高趋势一致性。策略采用单日最多一笔交易、固定风险回报比、开盘区间大小过滤、突破缓冲 tick、开盘区间低点止损和 2R 目标止盈机制。为避免隔夜风险，脚本会在收盘前强制平仓，并且不允许持仓跨越常规交易时段。
https://www.tradingview.com/script/fmPC9fWd-OBS-Volume-Spike-Reaction-Fade-NQ/,OBS Volume Spike Reaction Fade [NQ],fmPC9fWd-OBS-Volume-Spike-Reaction-Fade-NQ,PUB;b7ae954715c54a67bbe768dc06bc553d,TurkishTraderUsa_,strategy,1,1,250,0,3,2026-06-11T13:50:59+00:00,21,"OBS is a mean-reversion strategy that fades extreme volume-spike bars on NQ futures   (1-minute chart). When a bar prints with abnormally high volume AND an abnormally wide   range, price has usually overshot; this strategy places symmetric limit orders just   beyond both extremes of that ""reaction bar"" and trades the snap-back toward the middle   of the bar.    HOW IT WORKS    A reaction bar must pass every gate below before any orders are placed:    1. Volume spike — bar volume >= N x the 20-b"
https://www.tradingview.com/script/PdkwyHD4-scalping-strategy-2-0/,Scalping Strategy 2.0,PdkwyHD4-scalping-strategy-2-0,PUB;962f9069b1df47cc8445dae0f3507ae2,BD205,strategy,3,1,3,0,0,2026-06-11T12:50:01+00:00,21,Для проверки работы стратегии на том или ином ТФ или активе. Идеален вместе с тестером
https://www.tradingview.com/script/gZvnESmM-SinghRangePRO-SMC-BOT/,SinghRangePRO SMC BOT,gZvnESmM-SinghRangePRO-SMC-BOT,PUB;0cbc831dd1d04c1f9099d7fe9ceb3561,crypto_with_singh,strategy,3,3,3,0,0,2026-06-11T09:27:00+00:00,21,"SINGH RANGE PRO SMC BOT is a non-repainting market structure and range-based trading strategy designed to identify potential long and short opportunities using a multi-layer confirmation process. The strategy focuses on detecting areas where price repeatedly respects support and resistance within a defined range. Once a potential setup is identified, additional filters evaluate market conditions including trend strength, higher-timeframe alignment, volatility, momentum, and price structure befor"
https://www.tradingview.com/script/VPIQUHD7-3Commas-Dual-RSI-DCA-INJ-Long-Strategy/,[3Commas] Dual RSI DCA INJ - Long Strategy,VPIQUHD7-3Commas-Dual-RSI-DCA-INJ-Long-Strategy,PUB;a75e6578690046bcb1c3a0f6fd8e55cf,3Commas,strategy,1,1,74,0,0,2026-06-11T07:46:55+00:00,21,Dual RSI DCA — Long Strategy  🔷 What it does: This is a long-only DCA strategy that captures oversold-to-overbought rotations confirmed by two independent RSI conditions on a lower timeframe. A long entry opens only when the lower-timeframe RSI crosses up out of an oversold zone; the take profit fires only when the lower-timeframe RSI crosses down out of an overbought zone AND a minimum profit threshold from average entry has been reached. Five safety orders form a deviation ladder for adverse d
https://www.tradingview.com/script/oPHhrxiZ/,MES ORB v6 - Santi,oPHhrxiZ,PUB;2fce4da67bfb4834b8a10f1af74c6218,santiagomunoz00,strategy,1,1,5,0,0,2026-06-11T06:37:17+00:00,21,orb strat jfshfhunbgjdmjj gdjnbfhnd jndwsjcf vdg hjf rs
https://www.tradingview.com/script/SBFz8vXU-3Commas-NOT-Grid-Bot-Long-Strategy/,[3Commas] NOT Grid Bot - Long Strategy,SBFz8vXU-3Commas-NOT-Grid-Bot-Long-Strategy,PUB;3242c4d4250a4a4a88ee6124026fb906,3Commas,strategy,1,1,25,0,0,2026-06-10T14:27:09+00:00,22," NOT Grid Bot - Long Strategy  🔷 What it does: This is a long-only price-grid strategy that harvests volatility on NOT / USDT through repeated round-trips on a pre-defined ladder of price levels between two fixed bounds. Each level is an independent slot: when price crosses down through a level, the strategy opens one slot; when price subsequently crosses up through the level immediately above, that slot is closed for a fixed round-trip profit. The grid is generated geometrically by default, so "
https://www.tradingview.com/script/Fkg3eJaw/,FloatGrid [AlgoBotApp],Fkg3eJaw,PUB;1dfa25cc809d4454a31fae46bb883ca5,Mr_Rakun,strategy,2,3,267,0,3,2026-06-10T13:23:34+00:00,22,"Professional Grid Trading & Automation Strategy FloatGrid   is a fully-featured, highly optimized Grid Trading strategy designed to capture profits from both sideways ranges and trend expansions across global financial markets (Crypto, Stocks, Forex, and Futures).  This strategy serves a dual purpose: providing beautiful on-chart visualizations of grid networks for manual traders, and generating dynamically populated JSON payloads for automated copy-trading via webhooks (compatible with AlgoBotA"
https://www.tradingview.com/script/BLBio7xt-dca-martingale-rsi-bb-final/,DCA Martingale RSI+BB [FINAL],BLBio7xt-dca-martingale-rsi-bb-final,PUB;2801c4bb63f4480b8df45da0e76ef295,ol161ru,strategy,2,1,5,0,0,2026-06-10T10:08:00+00:00,22,# DCA Martingale RSI+BB Strategy — Description & Working Principle  ## 📖 Overview  **DCA Martingale RSI+BB** is an automated long-only trading strategy that combines Dollar-Cost Averaging (DCA) with a Martingale position-sizing model. The strategy enters positions on oversold market conditions detected by the RSI oscillator and exits either at the upper Bollinger Band or at a fixed profit target — always guaranteeing a minimum profit percentage on every closed trade.  The bot replicates the beha
https://www.tradingview.com/script/m1JDhFR9-Velocity-Breakout-Strategy-VBS/,Velocity Breakout Strategy (VBS),m1JDhFR9-Velocity-Breakout-Strategy-VBS,PUB;69b0ce5169ea4cb59a0e8c91b63ebfa1,vasanth_mvk,strategy,1,1,238,0,0,2026-06-10T04:40:17+00:00,22,"Overview The Velocity Breakout Strategy (VBS) is a comprehensive, institutional-grade swing trading system designed to identify high-probability momentum shifts. Rather than relying on a single lagging indicator, VBS synthesizes five distinct dimensions of market data: Macro Trend, Market Structure, Smart Money Concepts (SMC) valuation, Volatility (ATR/ADX), and Intrabar Volume Delta. The goal of VBS is to filter out low-probability ""chop"" and only trigger entries when structural momentum aligns"
https://www.tradingview.com/script/RMcUhU0v-Swing-Zone-Signals-NAZRA-v2-Strategy/,Swing Zone Signals - NAZRA v2 [Strategy],RMcUhU0v-Swing-Zone-Signals-NAZRA-v2-Strategy,PUB;03e86a65bccc4b5b8fcd6d6672087920,FIbokey,strategy,2,1,17,0,0,2026-06-10T04:17:24+00:00,22,"Swing Zone Signals — NAZRA v2  OVERVIEW Swing Zone Signals automatically maps the market's swing structure. It detects each swing leg (the move between a swing high and a swing low), shades it as a colored zone (""triangle""), draws an auto‑Fibonacci on it, and tracks the average swing levels to generate optional Buy/Sell signals. The goal is to make the rhythm of the swings — and where price tends to react — easy to see at a glance.  THE SWING TRIANGLES (main feature) Every completed swing leg is"
https://www.tradingview.com/script/ThGiwG6k-Chameleon-Adaptive-Engine-v1-1-by-YunSuz/,Chameleon Adaptive Engine v1.1 by [YunSuz],ThGiwG6k-Chameleon-Adaptive-Engine-v1-1-by-YunSuz,PUB;3b2ff0b14cf0418196561910b201d29c,YunSuz,strategy,2,3,8,0,1,2026-06-09T20:18:57+00:00,22,"Experimental, tweak some of the parameters for optimal results. I prefer using it in the 5-10min timeframe."
https://www.tradingview.com/script/s8NYoQF9-NAS100-EMA-Scalper/,NAS100 EMA Scalper,s8NYoQF9-NAS100-EMA-Scalper,PUB;a6c63d9d105a4936968b8cbd2a7bf95e,wtomala75,strategy,1,1,5,0,0,2026-06-09T19:11:26+00:00,22,Nas100 Zone Trading. Follow the 50 / 200 and the 10/20 trend 
https://www.tradingview.com/script/GHpYZ1eM-Dark-Bands-Strategy/,Dark Bands Strategy,GHpYZ1eM-Dark-Bands-Strategy,PUB;d08ae2395bfc47e186efff50294ceb86,AmegaTeam,strategy,2,1,4,0,0,2026-06-09T18:04:46+00:00,22,Dark Bands is a mean-reversion and breakout strategy that combines  VWMA-based volatility bands with an exhaustion pattern filter and  ADX trend strength validation.  ─── HOW IT WORKS ───  The strategy plots dynamic bands using a Volume-Weighted Moving  Average (VWMA) with Standard Deviation multiplier. Price touching  the outer bands signals potential exhaustion of the current move.  Three entry modes (select in inputs):   • Mode 1 — Pure band breakout: enter on candle crossing the band   • Mod
https://www.tradingview.com/script/63F0vLg1-YunSuz-Sniper-Elite-v3-3/,YunSuz Sniper Elite v3.3,63F0vLg1-YunSuz-Sniper-Elite-v3-3,PUB;b88e1f7efb3f45da8443b44b73de6221,YunSuz,strategy,2,1,6,0,0,2026-06-09T17:45:22+00:00,22,"Experimental strategy, Adjust the Cross over for optimal results. Free to use, not replicate, nor distribute. Fibbo Profit Zone% of gain. Neatly shown entries, tp and sl. "
https://www.tradingview.com/script/9EfIsXWW-Nifty-Supertrend-CE-Strategy-Alice-Blue/,Nifty Supertrend CE Strategy - Alice Blue,9EfIsXWW-Nifty-Supertrend-CE-Strategy-Alice-Blue,PUB;cd045681aef2461e97b29b939c276822,mohammedimranpoc14,strategy,1,1,11,0,0,2026-06-09T10:54:15+00:00,22,Supertrend-based trend-following strategy with configurable stop-loss and profit target. Designed for directional analysis and educational backtesting on NIFTY and other liquid markets.  Strategy Logic Generates a Buy Signal when the Supertrend changes from bearish to bullish. Closes the position when the Supertrend reverses to bearish. Includes configurable Stop Loss and Profit Target parameters for risk management. Suitable for intraday and short-term trend-following approaches.  Risk Disclaim
https://www.tradingview.com/script/zxvKhFL7-smartflow-liquidity-signals-engine/,SmartFlow Liquidity Signals Engine,zxvKhFL7-smartflow-liquidity-signals-engine,PUB;f588fb745d344bfcbd28df7762a7c01a,vladimir_nezgoda,strategy,3,2,0,0,0,2026-06-09T09:05:49+00:00,22,"Multi-Asset Smart Money Portfolio (3-Timeframe Architecture)  This institutional-grade algorithm is designed for conservative capital growth across major crypto assets, utilizing a sophisticated Multi-Timeframe (MTF) analysis cascade to ensure high-probability execution.  How the 3-Timeframe Engine Works:  🌐 4H Timeframe (Global Filter): Utilizes a robust confluence of Trend, RSI, ADX, and Stochastic to gauge macro market strength, ensuring the algorithm never takes a trade against the instituti"
https://www.tradingview.com/script/9ht1ea8N-3Commas-XLM-Grid-Bot-Long-Strategy/,[3Commas] XLM Grid Bot - Long Strategy,9ht1ea8N-3Commas-XLM-Grid-Bot-Long-Strategy,PUB;e55cefdfd1054c97b032416ac7dd1c75,3Commas,strategy,1,1,24,0,0,2026-06-09T08:56:08+00:00,22," XLM Grid Bot — Long Strategy  🔷 What it does: This is a long-only price-grid strategy that harvests volatility on XLM / USDT through repeated round-trips on a pre-defined ladder of price levels between two fixed bounds. Each level is an independent slot: when price crosses down through a level, the strategy opens one slot; when price subsequently crosses up through the level immediately above, that slot is closed for a fixed round-trip profit. The grid is generated geometrically by default, so "
https://www.tradingview.com/script/UUfbUinq-CMR-EMA-Cross-Strategy/,CMR EMA Cross Strategy,UUfbUinq-CMR-EMA-Cross-Strategy,PUB;398ca03476664de8bbc23409a1307949,Rajeshverma88,strategy,3,1,0,0,0,2026-06-09T06:28:02+00:00,22,Main Components VAR Moving Average  The strategy uses a Variable Adaptive Moving Average (VAR) based on CMO momentum calculations.  Benefits:  Adapts to market volatility Reduces lag Responds faster during strong trends
https://www.tradingview.com/script/zCcxXtsi-Renko-Sniper-Scalper/,Renko Sniper Scalper,zCcxXtsi-Renko-Sniper-Scalper,PUB;c59719262c684e40b5d256f38ffc554e,pankajeager4u,strategy,2,1,83,0,3,2026-06-09T02:34:09+00:00,22,"AI Renko Pro V6 is a multi-layer trend-following intraday trading strategy built around a custom Renko engine, dynamic SuperTrend confirmation, ADX trend-strength filtering, OBV momentum confirmation, EMA cloud analysis, and institutional market structure zones.  The strategy is designed to identify high-probability trend opportunities while filtering market noise through multiple confirmation layers."
https://www.tradingview.com/script/dCJzOnPR-Poseidon-WIN-Trading-Strategy/,Poseidon WIN Trading Strategy,dCJzOnPR-Poseidon-WIN-Trading-Strategy,PUB;d7114e56dc6b4a66bbc3a2444b3a8599,kyeboah51,strategy,3,1,3,0,0,2026-06-09T01:58:54+00:00,22,"WIN-TPH is a trend-following swing strategy designed to do one thing most strategies fail at - let winners run while consistently banking small profits along the way. It keeps your core position intact and working, while trimming gains at key levels so you are never giving everything back to the market.  Built for traders who want a rules-based, emotion-free system with crystal-clear entry and exit signals directly on the chart.  This is a strategy for disciplined traders who want consistent, co"
https://www.tradingview.com/script/dKz1Ympl-PropDesk-Automation-Test-Strategy/,PropDesk Automation Test Strategy,dKz1Ympl-PropDesk-Automation-Test-Strategy,PUB;719ea91f654f49719931aa724b2b8f36,PropDesk_trade,strategy,3,5,2,0,0,2026-06-08T22:23:13+00:00,22,"Invite-only PropDesk strategy template for validating TradingView alert delivery into PropDesk Automation.  Use this script to test alert routing, webhook payloads, entries, exits, and account execution settings from TradingView into PropDesk. This is a platform integration tool, not trading advice.  After access is granted, add it to a chart and create alerts using the webhook URL and alert message provided inside PropDesk. Keep your webhook token private."
https://www.tradingview.com/script/bszUbCWj-ProfitBot-Gold-S21-Frozen-Stress-Research-v6/,ProfitBot Gold S21 Frozen Stress Research v6,bszUbCWj-ProfitBot-Gold-S21-Frozen-Stress-Research-v6,PUB;e1c1d6d6b594477ca7c8c17655b96e79,ettett7,strategy,3,4,2,0,0,2026-06-08T19:51:23+00:00,22,"Gold futures strategy designed for signal generation and backtesting on TradingView.  The strategy uses predefined entry and exit conditions, risk management logic, and trade filters. It is intended for educational, research, and signal-tracking purposes only.  Past performance does not guarantee future results. Use at your own risk."
https://www.tradingview.com/script/3k4TWbWm/,China A-Share Long Trend Resonance System (CLR System),3k4TWbWm,PUB;b5c87aa5478d43b3a6f4d6f1b061ae25,p181342x,strategy,1,1,81,0,2,2026-06-08T18:10:06+00:00,22,"Description (for TradingView public release)  The China A-Share Long Trend Resonance System (CLR System) is a long-only trend-following strategy designed specifically for A-share equities, where short selling is not assumed in practical retail conditions.  This system focuses on capturing sustained bullish trends by combining multi-factor trend confirmation and momentum resonance across different market conditions. It is built around the principle that strong trends in A-shares are typically dri"
https://www.tradingview.com/script/0QQRJbcN-Ultimate-Pattern-Engine-EMA-Stochastic-by-rony/,Ultimate Pattern Engine (EMA + Stochastic) by rony ,0QQRJbcN-Ultimate-Pattern-Engine-EMA-Stochastic-by-rony,PUB;6a822cdf8fac47ca9c911a4d9b15104d,teabit168,strategy,1,1,62,0,0,2026-06-08T17:49:07+00:00,22,"The Multi-Timeframe Structure Engine is an advanced, institutional-grade trading system built for TradingView (Pine Script v6). It seamlessly merges Smart Money Concepts (SMC) market structure with classic candlestick patterns, momentum, and dynamic multi-timeframe Support and Resistance (S/R) levels.  Instead of treating technical patterns as isolated signals, this strategy ensures execution only when macro market structure, trend direction, and local price action perfectly align."
https://www.tradingview.com/script/Z6vWub2M/,Algoritmo gratuito,Z6vWub2M,PUB;8307e5f447c44763ac2848cd0a3b10f6,Alessio_Cattaneo,strategy,3,1,3,0,0,2026-06-08T16:36:29+00:00,22,"Algoritmo gratuito che utilizza alcuni parametri di volatilità per cercare operazioni. Per la versione ottimizzata, consultare il mio sito (tradinglab.me/lab) "
https://www.tradingview.com/script/FClLHJwa/,Turtle 6-Pattern 4H ATR Dynamic Position Bull-Bear,FClLHJwa,PUB;4a67e951012a41ee9f9e0a16ad40989e,gakuchuuwa,strategy,2,1,6,0,0,2026-06-08T16:22:44+00:00,22,"Strategy Description (English) Turtle 6-Pattern 4H ATR Dynamic Position Bull-Bear is a trend-following system for BTC (4H) that combines market structure (6 SSL patterns), dual Donchian breakouts, momentum filters (MACD / OBV), and ATR-based position sizing.  Core Concept Instead of relying on a single indicator, the strategy layers multiple frameworks:  Bull regime: focus on longs (P1, P2, P3, P5 long, P6 long); probe shorts only in P4 Bear regime: focus on shorts (P4, P5 short, P6 short) Posit"
https://www.tradingview.com/script/FTvQe2If/,TF Signal Strategy - v1b,FTvQe2If,PUB;edcb1c7980a94ec1ab20d6637899fcfa,nguyenthelong76162,strategy,3,4,48,0,1,2026-06-08T13:46:15+00:00,22,TF Signal v1b 是一套用于数字资产合约市场的趋势跟随信号策略。  标的：BTCUSDT 合约 时间周期：1h  信号基于多维条件综合生成，并带风控不会爆仓  脚本支持 TradingView 策略回测，并可通过 web hook 输出结构化信号，用于 cex 交易所信号接入，自动交易。  祝大家发财
https://www.tradingview.com/script/ZNXTGgKN-3Commas-SOL-RSI-Reversal-DCA-Short-Strategy/,[3Commas] SOL RSI Reversal DCA - Short Strategy,ZNXTGgKN-3Commas-SOL-RSI-Reversal-DCA-Short-Strategy,PUB;d3cfd83035a54fbf95b0172d28ee5856,3Commas,strategy,1,1,17,0,0,2026-06-08T10:12:41+00:00,22,"SOL RSI Reversal DCA — Short Strategy  🔷 What it does: This is a short-only DCA strategy that fades overbought momentum on SOL / USDT. A short deal opens when the 3-minute RSI(9) crosses down through 80 — a momentum-exhaustion signal after a fast push higher. Up to three averaging orders then fill at fixed deviations ABOVE the base entry (+1%, +2%, +3%) with uniform sizing, pulling the average entry up if price keeps rising. Exit is a 1.3% Take Profit from the average entry with a 0.3% trailing "
https://www.tradingview.com/script/ngrVt8D8/,Strategie Bougies Englobantes - Multi-Filtres,ngrVt8D8,PUB;ba4eb61caa5540748e49c5c24bf59296,quenotte070,strategy,1,1,17,0,1,2026-06-08T07:32:19+00:00,23,Stratégie utilisant les bougies englobantes avec plusieurs filtres. Faire des essais de filtres pour améliorer le profit factor
https://www.tradingview.com/script/ItOlo8wg-tradecast-nifty-ema-5min/,tradecast_nifty_ema(5min),ItOlo8wg-tradecast-nifty-ema-5min,PUB;61e47d083f224ee797ce995d0280d84c,tiwariaman9528,strategy,2,1,11,0,1,2026-06-08T06:00:33+00:00,23,"A combination of Fast moving and Slow moving EMAs of different periods and time frames for a multi dimensional analysis clubbed with the historical deep-tested Nifty candlesticks price action coded to point out entries and exits. Not your usual 9,20 EMA strategy, its something way better."
https://www.tradingview.com/script/UUBAwgqI-Zach-s-Quantum-Harmonic-Oscillator/,Zach's Quantum Harmonic Oscillator,UUBAwgqI-Zach-s-Quantum-Harmonic-Oscillator,PUB;18bc9a27412c43faba55836da524be29,Capitalist_Zach,strategy,1,5,29,0,0,2026-06-08T02:00:45+00:00,23,"The Quantum Harmonic Oscillator script models market momentum by applying the mechanical principles of a physical spring to asset data.  Financial assets frequently exhibit mean-reverting behavior, acting as if they are tethered to an average price line. Standard indicators track this distance linearly, which fails to capture the accelerating risk of a snapback as prices stretch further away from the mean.  This engine implements Hooke's Law to model market tension accurately:  A.  The Spring Co"
https://www.tradingview.com/script/dEvnTCc5-Mech-Model-Strategy-v3-1/,Mech Model - Strategy v3.1,dEvnTCc5-Mech-Model-Strategy-v3-1,PUB;f6b6c7d4d7a949f287767162301ac2ca,MaxMakesInternetMoney,strategy,2,1,4,0,0,2026-06-07T23:47:54+00:00,23,"Money Printer im testing, this model is based off PB Blake's Mech Model."
https://www.tradingview.com/script/fQsFcqK4-PM-Range-Breakout-Retest-Fade/,PM Range Breakout Retest Fade,fQsFcqK4-PM-Range-Breakout-Retest-Fade,PUB;4c37f270f7654afa9c534f4957dce2e6,Bradseaton05,strategy,1,1,9,0,0,2026-06-07T22:10:11+00:00,23,Pre market levels set break and retest of this levels As well as break and failure of this level
https://www.tradingview.com/script/xXVTG0YS-Asia-Range-Fibonacci-Reversal-UTC-Early-Entry/,Asia Range Fibonacci Reversal - UTC Early Entry,xXVTG0YS-Asia-Range-Fibonacci-Reversal-UTC-Early-Entry,PUB;253789c0ed314d63ba9a638955b50016,PrincessMelis,strategy,3,1,3,0,0,2026-06-07T21:44:53+00:00,23,"**Asia Range Fibonacci Reversal Strategy**  This strategy is designed to trade reversal setups from the Asia session range using Fibonacci extension levels.  The script marks the high and low of the selected Asia range, then calculates upper and lower trade zones based on Fibonacci extensions. It is built to look for price extending away from the Asia range and entering a predefined TR pocket area, with entries placed slightly early using a custom point offset.  The default setup uses:  * Asia R"
https://www.tradingview.com/script/v3YecLEB/,ALKHAFAJEE,v3YecLEB,PUB;4edac50ac06d4fc999580db41c36ca44,ALKHFAJEE,strategy,2,1,15,0,9,2026-06-07T20:43:17+00:00,23,"Al-Khafajee"" (الخفاجي) Trading Strategy is a multi-timeframe quantitative trading system built for Pine Script v6. It uses advanced moving averages alongside an automated Supply and Demand market structure engine to identify high-probability Points of Interest (POI).Key FeaturesAdvanced Trend Filtering: Powered by custom Moving Average selections (including ALMA, TEMA, and HullMA) to isolate true trend direction while filtering out market noise.Automated Market Structure: Dynamically identifies "
https://www.tradingview.com/script/KX7AgFeB-ORB-Fib-Breakout-Signals-Strategy/,ORB + Fib Breakout Signals (Strategy),KX7AgFeB-ORB-Fib-Breakout-Signals-Strategy,PUB;347f9936852d4070bff703d94cc65a53,chadsingh,strategy,1,1,66,0,0,2026-06-07T18:38:44+00:00,23,"ORB + Fib Breakout Signals (Strategy)  An opening-range breakout (ORB) strategy combined with Fibonacci levels and a defined risk model. It marks the session's opening range, goes long on a break above the range high and short below the range low, then manages the trade with an ATR-based stop, an R-multiple target, and an optional breakeven move.  How it works  - Opening range — builds the high/low of the first 15/30/60 minutes of your   chosen session (timezone configurable). - Entry — long on "
https://www.tradingview.com/script/uCzKmIDR-200MA-BOS-MTF-By-RK/,200MA BOS - MTF By RK,uCzKmIDR-200MA-BOS-MTF-By-RK,PUB;7a2e6b540eae4fa2a7c12a0aacfdac2e,mukto5032,strategy,1,1,6,0,0,2026-06-07T18:14:35+00:00,23,"Multi-factor BOS strategy combining EMA trend alignment, higher timeframe confirmation, and volume-based participation filter. Entries are triggered on structural breakouts following swing formation with risk defined using swing-based invalidation and fixed 1:2 reward-to-risk targeting. The system includes adaptive market regime awareness via HTF EMA and volatility filtering to avoid low-quality chop conditions. Performance is most consistent in high-liquidity trending assets, with reduced relia"
https://www.tradingview.com/script/xm59Vb70-XAUUSD-Adaptive-Strategy-trend-following/,XAUUSD Adaptive Strategy trend following,xm59Vb70-XAUUSD-Adaptive-Strategy-trend-following,PUB;0e20b030988d426cb5bb66dbb10a39f0,aunnapaas,strategy,2,2,3,0,0,2026-06-07T17:53:45+00:00,23,trend following based on 3 EMAs / Stop loss by ATR / can use as trend analysis for daily bias suggest M30
https://www.tradingview.com/script/114kHsD8-XAUUSD-30m-Adaptive-Strategy-Precise-SL-Bar-Alerts/,XAUUSD 30m Adaptive Strategy (Precise SL Bar + Alerts),114kHsD8-XAUUSD-30m-Adaptive-Strategy-Precise-SL-Bar-Alerts,PUB;45fdf525a8a4430f8ce615af3ca519fd,aunnapaas,strategy,2,1,2,0,0,2026-06-07T17:42:05+00:00,23,cross ema strategy / following trend based / ATR for adaptive stop loss / by anp
https://www.tradingview.com/script/GoJr2kE4-Continuous-Market-Grid-bot/,Continuous Market Grid bot,GoJr2kE4-Continuous-Market-Grid-bot,PUB;628d386b3ee74e6a81aef3577118f8ca,pointalgo,strategy,1,1,41,0,3,2026-06-07T17:18:52+00:00,23,"The Continuous Market Grid Bot is a high-frequency, range-bound algorithmic market-making strategy. It bypasses conventional directional forecasting by dividing a master price bracket into symmetrical, mathematically spaced price corridors. Utilizing dynamic status arrays to maintain structural awareness, the engine systematically scaling-in long inventory via micro-dips and liquidating positions for explicit, compounding cash-flow gains upon immediate cyclical rotations.   Core Algorithmic Arch"
https://www.tradingview.com/script/X8XKyR9O-PropFirm-Gideon/,PropFirm Gideon ,X8XKyR9O-PropFirm-Gideon,PUB;caffdcc98a84401b84b64744d53c0a5f,PropFirmGideon,strategy,3,8,7,0,1,2026-06-07T15:24:42+00:00,23,"Overview  The Gideon Execution Engine is a systematic strategy based on Auction Market Theory (AMT) and price action mechanics. It is designed to identify institutional interest zones, specifically focused on Value Area High (VAH) and Value Area Low (VAL) interactions.   The strategy utilizes a multi-factor filter system to identify liquidity traps, breakout retests, and trend-following momentum signals.  Key Components  AMT Structural Filter: The core of the strategy relies on manual structural"
https://www.tradingview.com/script/iRQCt9Me/,Jessica_man,iRQCt9Me,PUB;cd52e02423f14888b48a30d31dfc9344,Jessica_man,strategy,3,2,1,0,0,2026-06-07T14:05:02+00:00,23,"본 전략은 1개 봉 전의 변동률과 이격도(Disparity), 그리고 터틀(Turtle) 추세 라인을 결합하여 급등락 시 발생하는 가격 왜곡을 공략하는 역추세(Mean Reversion) 기반의 분할 진입(물타기) 및 다기능 청산 전략입니다.  포아(POA) 자동매매 라이브러리를 연동하여 업비트, 바이낸스 등의 거래소와 실시간 신호 연동이 가능하도록 설계되었습니다.  짚고 넘어가야 할 핵심 메커니즘 1. 이격도(Disparity) 필터링 및 동적 진입 조절 EMA 120과 SMA 30의 간격(이격도)을 실시간으로 추적하여 차트에 보라색 밴드로 시각화합니다.  두 이평선의 간격이 설정한 경계값보다 좁아지면 수렴 상태로 판단, '이격도 좁을 때 강제 진입%' 기능이 발동하여 진입 조건을 동적으로 자동 조절합니다.  2. 터틀(Turtle) 추세 기반 가변 진입 장벽 지정한 타임프레임의 터틀 추세선(K2)을 참조하여 현재 시장이 롱 추세(상승)인지 숏 추세(하락)인지 판단합니다.  추세 "
https://www.tradingview.com/script/g5O1YSxp-RSI-Exact-Divergence-Strategy-Extreme-Zones/,RSI Exact Divergence Strategy (Extreme Zones),g5O1YSxp-RSI-Exact-Divergence-Strategy-Extreme-Zones,PUB;8cb6df68456e4be3a9ea7a6f6ec4906a,Abhivish,strategy,1,1,16,0,0,2026-06-07T13:34:03+00:00,23,"The RSI Exact Divergence Strategy is an institutional-grade, momentum-based mean-reversion trading framework built completely in native Pine Script v6. It systematically scans for mathematical discrepancies between price action and the Relative Strength Index (RSI), filtering setups via higher timeframe (HTF) trend compliance and localized overbought/oversold boundaries."
https://www.tradingview.com/script/25Ffpyo0-Surgical-Sweep-Original-Restored/,Surgical Sweep - Original Restored,25Ffpyo0-Surgical-Sweep-Original-Restored,PUB;44fd57b4ab1b4abcbde1e5d7a4cd0b99,Abhivish,strategy,1,1,217,0,0,2026-06-07T13:28:12+00:00,23,"The Surgical Sweep strategy is a high-probability mean-reversion trading framework designed to capture institutional liquidity sweeps at critical market structural turning points. Built completely in native Pine Script v6, this strategy monitors key historical pivot zones, filters out low-interest moves using advanced volume profiles, and executes systematic entries based on validated price rejection.  works better in 30min Time frame"
https://www.tradingview.com/script/c7V3XVUC/,QQE Channel Strategy,c7V3XVUC,PUB;5ede6181bb8f483bbdd262f723f1c91f,Shiroi-,strategy,1,1,8,0,0,2026-06-07T13:04:11+00:00,23,───────────────────────────────────────────── QQE Channel Strategy (QCS) — TradingView Description ─────────────────────────────────────────────  █ OVERVIEW  QQE Channel Strategy is a fully original trend-following strategy that combines two independently implemented components:  ① Trend Channel — Built from High/Low EMA bands. Price breaking above the upper band signals bullish trend; breaking below the lower band signals bearish. The inner band acts as an exit line.  ② Momentum Filter — A QQE-
https://www.tradingview.com/script/JkIYkizY/,MU Overnight Gap Capture,JkIYkizY,PUB;983b5aefe8c84fd49c12248ba24fc8a2,Delta-Crypto,strategy,1,1,20,0,0,2026-06-07T11:14:57+00:00,23,美光 MU隔日沖測試  Overnight Gap Capture 完全開源自行取用
https://www.tradingview.com/script/BR74LOKo-BTCUSDT-P-Grid-Bot-Long-Strategy/,BTCUSDT.P Grid Bot - Long Strategy,BR74LOKo-BTCUSDT-P-Grid-Bot-Long-Strategy,PUB;35b1d327d4ca474891884332f939b426,3Commas,strategy,1,1,13,0,0,2026-06-07T09:08:10+00:00,23,"BTC Grid Bot — Long Strategy  🔷 What it does: This is a long-only price-grid strategy that harvests volatility on BTCUSDT.P through repeated round-trips on a pre-defined ladder of price levels between two fixed bounds. Each level is an independent slot: when price crosses down through a level, the strategy opens one slot; when price subsequently crosses up through the level immediately above, that slot is closed for a fixed round-trip profit. The grid is generated geometrically by default, so sp"
https://www.tradingview.com/script/dnlM5L6z-Swing-Trend-Strategy-PRO-Sideways-Filtered-Nifty-500/,Swing Trend Strategy PRO (Sideways Filtered) | Nifty 500,dnlM5L6z-Swing-Trend-Strategy-PRO-Sideways-Filtered-Nifty-500,PUB;0a81c21e301a42fcb451fb226ab7959d,DrGunjanPUpadhyay,strategy,1,1,12,0,0,2026-06-07T07:22:59+00:00,23,"Swing trading Test strategy  It uses moving averages  20 day, 50 day , 200 day   20 aboe 50 above 200  price has to be above all the three moving averages  RSI has to go above 55  Trend has to be bullish"
https://www.tradingview.com/script/SOAx5kk3-Egan-s-Pure-Structure-S-D-Strategy-Backtest/,Egan's Pure Structure & S/D Strategy - Backtest,SOAx5kk3-Egan-s-Pure-Structure-S-D-Strategy-Backtest,PUB;5549b124ae8e48b98cfea4de0975d70c,briancurry,strategy,1,1,9,0,0,2026-06-07T02:54:11+00:00,23,"This strategy is a complete systematic approach to trading Market Structure and Supply/Demand (S/D) zones. It combines institutional price action concepts with advanced technical filters to identify high-probability reversal and continuation setups.  The strategy is designed to be fractal, performing exceptionally well on 15m, 1h, and 4h timeframes across Forex, Crypto, and Futures (including NQ/MNQ).  🚀 How It Works The engine follows a strict 4-step validation process before executing a trade:"
https://www.tradingview.com/script/wHwrp44a-Dragon-Oscillation-Reversal-v1-is-a-range-reversal-strategy/,Dragon Oscillation Reversal v1 is a range-reversal strategy,wHwrp44a-Dragon-Oscillation-Reversal-v1-is-a-range-reversal-strategy,PUB;1e33d57a7a974ba5981149b579b6a85e,richardgong1988,strategy,1,2,7,0,0,2026-06-07T02:06:27+00:00,23,"Dragon Oscillation Reversal v1 is a range-reversal strategy designed for sideways and oscillating market conditions.  The core idea is simple:  The strategy first looks for a flat Bollinger Band basis, which suggests that the market is not strongly trending. After the market enters this flat condition, the strategy waits for price to touch the upper or lower Bollinger Band. Once a valid band touch appears, it opens a configurable signal window and waits for a reversal signal.  Supported reversal"
https://www.tradingview.com/script/IaarC14f-Dragon-Oscillation-Reversal-v1-is-a-range-reversal-strategy/,Dragon Oscillation Reversal v1 is a range-reversal strategy,IaarC14f-Dragon-Oscillation-Reversal-v1-is-a-range-reversal-strategy,PUB;27e172e9d91649d08c7fa55b911fcbbd,richardgong1988,strategy,1,2,29,0,0,2026-06-07T02:05:14+00:00,23,"Dragon Oscillation Reversal v1 is a range-reversal strategy designed for sideways and oscillating market conditions.  The core idea is simple:  The strategy first looks for a flat Bollinger Band basis, which suggests that the market is not strongly trending. After the market enters this flat condition, the strategy waits for price to touch the upper or lower Bollinger Band. Once a valid band touch appears, it opens a configurable signal window and waits for a reversal signal.  Supported reversal"
https://www.tradingview.com/script/YVqGYMs7-Axiom-Strategy-Lab-Pro-Low-Code-Strategy-Builder/,Axiom Strategy Lab Pro (Low Code Strategy Builder),YVqGYMs7-Axiom-Strategy-Lab-Pro-Low-Code-Strategy-Builder,PUB;e76167fd0e0a4cc8b7bd5ab5446468a4,AxiomCharts,strategy,3,3,6,0,0,2026-06-06T20:52:36+00:00,23,"Axiom Strategy Lab Pro   The strategy setup used to deploy this script is just an example to showcase the actual usage of the Strategy Lab as a tool and is not intended to be a plug and play strategy.   Build, test, and refine TradingView strategies without writing Pine Script from scratch.   You already have trading ideas.  Maybe they live in a notebook. Maybe they come from a repeatable chart-reading process. Maybe they combine price action, custom indicators, volume tools, market structure, a"
https://www.tradingview.com/script/eWY7T2wr-Judas-Swing-Pro-FINAL-V1/,Judas Swing Pro  FINAL V1,eWY7T2wr-Judas-Swing-Pro-FINAL-V1,PUB;5795bf018f244069b2d139268d7350ca,charlesbatch94,strategy,2,1,5,0,0,2026-06-06T20:14:32+00:00,24,"JUDAS SWING PRO — Complete User Guide What is this strategy? Every day between NY midnight and 8:30am, institutional traders engineer a false move to sweep liquidity from retail traders. This is called the Judas Swing — a deliberate trap. Once the trap is set and confirmed, price reverses hard in the true direction. This indicator detects that trap and signals the reversal entry.  CHART ELEMENTS Background colours  🟣 Purple zone — Judas Zone building (NY midnight to 8:30am UTC). Market is buildi"
https://www.tradingview.com/script/lDGmh7ou-UT-Bot-v2-ATR-Trailing-Stop/,UT Bot v2 - ATR Trailing Stop,lDGmh7ou-UT-Bot-v2-ATR-Trailing-Stop,PUB;d51b224c4a994fa2bbe7165b17e46741,QuantNomad,strategy,1,2,1874,0,11,2026-06-06T18:06:06+00:00,24,"If you're familiar with the original UT Bot: the core logic is the same. This version focuses on cleaner visuals, improved code quality, better customization, built-in alerts, and integrated strategy support, while preserving the underlying ATR trailing stop methodology.  UT Bot v2 is a modernized implementation of the original UT Bot, built around the same ATR-based trailing stop logic that made the original popular.  The indicator uses an adaptive trailing stop based on the Average True Range "
https://www.tradingview.com/script/OdWZaAME/,REM Line Hunter GTR,OdWZaAME,PUB;7fe6d81194504645acf8e7d0de97b006,Ren-1904,strategy,3,2,31,0,1,2026-06-06T14:55:55+00:00,24,REM Line Hunter GTR  REM Line Hunter GTR は、従来の REM Line Hunter をベースに、ライン付近で発生する値動きの反応をより精密に捉えることを目的として改良した高性能バージョンです。  GTR は Grand Tuned Response の意味を持ち、重要ライン周辺で起こる反発・ブレイク・だまし・再反応などを、より実戦向けにチューニングしたモデルです。  相場では、水平線・サポートライン・レジスタンスライン付近で、買い手と売り手の攻防が発生しやすくなります。 本ストラテジーは、単純なライン到達だけを見るのではなく、価格の位置、勢い、反応の強さ、戻りやすさなどを総合的に判断し、優位性のあるポイントを検出することを目的としています。  通常版に比べて、GTR版では条件判定を強化し、不要なシグナルを抑えながら、より狙うべき場面を選別できるよう調整しています。 ライン際での反発狙い、ブレイク後の戻り、重要水準付近での短期的な反応確認など、短期売買やスキャルピングにおける判断補助として活用できます。  特に、ライン周辺の値動きを視覚的に確認し
https://www.tradingview.com/script/LY7UBGzV/,REM Bound Sniper PRO,LY7UBGzV,PUB;cf60ed82b78e4c4d9a3bf6fb46da30dc,Ren-1904,strategy,3,1,24,0,2,2026-06-06T14:42:41+00:00,24,REM Bound Sniper PRO  REM Bound Sniper PRO は、従来の REM Bound Sniper をベースに、相場の反発ポイントをより精密に捉えることを目的として改良した高性能バージョンです。  このストラテジーは、ボリンジャーバンド周辺で発生する価格の行き過ぎや反発の兆候に着目し、単純な逆張りではなく、相場の勢い・位置・戻りやすさを総合的に判断してエントリーポイントを検出します。  特に、急な伸びの直後やバンド外側付近での値動きに対して、反発が起きやすい場面を狙う設計となっており、無理な追いかけエントリーを避けながら、優位性のあるポイントを選別することを重視しています。  PRO版では、通常版よりも条件判定を強化し、不要なシグナルを抑えつつ、より実戦向けに使いやすい形へ調整しています。 短期売買やスキャルピングにおいて、反発ポイントを視覚的に確認したいトレーダー向けの補助ツールです。  本ストラテジーは、招待制による限定公開です。
https://www.tradingview.com/script/5GGPqApo-Swank-ORB-BOT/,Swank ORB BOT,5GGPqApo-Swank-ORB-BOT,PUB;53cfc8eb1e834ff8b9d5a5965b342e6b,JermSwank,strategy,3,7,6,0,0,2026-06-06T13:40:53+00:00,24,"# Swank ORB BOT — MNQ Opening Range Breakout  ## Overview  **Swank ORB BOT** is a fully automated Opening Range Breakout strategy built for **Micro E-mini Nasdaq-100 Futures** using **CME_MINI:MNQ1!** on the **5-minute chart**.  The strategy is designed to trade confirmed breakouts from the New York market open with a structured, rules-based approach. It uses fixed-dollar risk sizing, partial profit-taking, automatic break-even management, and optional trend filters to help reduce low-quality or"
https://www.tradingview.com/script/OAB1aq0g/,REM Pullback Rider NEO3,OAB1aq0g,PUB;3e01201dd317487bb82dc47f9d568c4e,Ren-1904,strategy,3,1,31,0,0,2026-06-06T11:08:37+00:00,24,REM Pullback Rider NEO Ⅲ  REM Pullback Rider NEO Ⅲは、REM Pullback Rider V3をベースに、エントリー精度・フィルター性能・相場判定力をさらに高めた進化版ストラテジーです。  従来のREM Pullback Rider V3が持つ「押し目買い・戻り売りを狙う設計思想」を継承しながら、相場の勢い、ボラティリティ、価格の位置関係をより細かく判定し、無駄なエントリーを抑えつつ、より優位性の高いポイントを狙うことを目的としています。  主な特徴は以下のとおりです。  ・REM Pullback Rider V3の進化版 ・押し目買い、戻り売りを重視したロジック ・相場の流れと勢いを考慮したエントリー判定 ・無駄撃ちを抑えるための各種フィルターを搭載 ・トレンド方向への追随と反転リスクの回避を意識 ・より厳選されたエントリーポイントを目指した高機能モデル  REM Pullback Rider NEO Ⅲは、単にサインを出すだけのツールではなく、相場の流れの中で「どこまで待つか」「どこで乗るか」を重視したモデルです。  本ストラテ
https://www.tradingview.com/script/7sl2yVzA/,REM Pullback Rider ZERO MAX,7sl2yVzA,PUB;ff0b69ddbc974368a0f825a2cd95f715,Ren-1904,strategy,3,3,18,0,1,2026-06-06T09:51:25+00:00,24,REM Pullback Rider ZERO MAX  REM Pullback Rider ZERO MAXは、REM Pullback Rider ZEROをベースに、判定精度・フィルター性能・エントリーポイントの選別力をさらに高めた次世代改良版ストラテジーです。  従来のZEROが持つ「押し目・戻り目を狙う設計思想」を継承しながら、より無駄なエントリーを減らし、相場の勢い・バンドの状態・価格の位置関係を総合的に判断することで、より厳選されたポイントでのエントリーを目指します。  主な特徴は以下のとおりです。  ・REM Pullback Rider ZEROの次世代改良版 ・押し目買い、戻り売りを重視したロジック ・相場の勢いと価格位置を考慮したエントリー判定 ・無駄撃ちを抑えるための各種フィルターを搭載 ・トレンド方向への追随と反転リスクの回避を意識 ・限定公開向けの高機能モデル  本ストラテジーは招待制・限定公開用です。
https://www.tradingview.com/script/YTf4Tncu-Trend-Sniper-version-2/,Trend Sniper version 2,YTf4Tncu-Trend-Sniper-version-2,PUB;e7390124c0fa47c0ac9d3f5f62283023,way2algotrade,strategy,3,1,0,0,0,2026-06-06T09:39:06+00:00,24,"This strategy is a trend-following trading method that uses the Supertrend indicator, which is calculated based on the ATR (Average True Range). When the price closes above the Supertrend line, it generates a buy signal, and when the price closes below the Supertrend line, it generates a sell signal. The indicator continuously trails the price, helping traders identify trend direction, ride trends, and manage stop-loss levels."
https://www.tradingview.com/script/f8HJ9TuJ-3Commas-JUP-Grid-Bot-Long-Strategy/,[3Commas] JUP Grid Bot - Long Strategy,f8HJ9TuJ-3Commas-JUP-Grid-Bot-Long-Strategy,PUB;ef8adefa88444401a54b1efa8759a49e,3Commas,strategy,1,1,7,0,0,2026-06-06T09:27:10+00:00,24,"JUP Grid Bot — Long Strategy  🔷 What it does: This is a long-only price-grid strategy that harvests volatility on JUP / USDT through repeated round-trips on a pre-defined ladder of price levels between two fixed bounds. Each level is an independent slot: when price crosses down through a level, the strategy opens one slot; when price subsequently crosses up through the level immediately above, that slot is closed for a fixed round-trip profit. The grid is generated geometrically by default, so s"
https://www.tradingview.com/script/RVO7tinx-MFI-Pullback-V1/,MFI Pullback V1,RVO7tinx-MFI-Pullback-V1,PUB;fa30d8d0c7434b43a34bec7b8a296403,jonathantradescrypto,strategy,2,1,7,0,0,2026-06-06T08:30:39+00:00,24,"MFI Pullback V1   is a mean-reversion trading strategy designed to identify and capture price reversals within structured market ranges. The strategy focuses on detecting when price reaches chop conditions and begins reverting toward its MFI extremes, allowing traders to capitalize on natural price movement within volatility bands.  MFI Pullback combines dynamic equity volatility-based levels with momentum confirmation and market condition filters to reduce low-quality entries. The strategy is d"
https://www.tradingview.com/script/KQgwWLNV/,REM Pullback Rider NEO2,KQgwWLNV,PUB;11ac16a927b742d58809b1e3a08e1a4c,Ren-1904,strategy,3,2,14,0,1,2026-06-06T07:57:14+00:00,24,REM Pullback Rider NEO2  REM Pullback Rider NEO2は、REM Pullback Rider V2をベースに、エントリー精度と相場選別力をさらに高めた高性能バージョンです。  V2が持つ「トレンド中の押し目・戻りを狙う」という基本コンセプトを継承しながら、価格の戻り方、バンドの状態、勢いの変化をより細かく判定し、より実戦向けに調整しています。  単純な飛び乗りではなく、価格が一度引きつけられた場面から、再び流れに乗るポイントを狙う設計です。  NEO2では、不要なエントリーを抑えつつ、質の高い押し目買い・戻り売りのポイントを狙うことを重視しています。短期足でトレンド方向へのエントリーを厳選したいトレーダー向けのモデルです。  本ストラテジーは招待制の限定公開です。 使用を希望される方は、事前にアクセス権限の付与が必要となります。
https://www.tradingview.com/script/W0djcryy/,REM Pullback Rider NEO,W0djcryy,PUB;61f8ed30f57d45e58e69080755a2b1e2,Ren-1904,strategy,3,2,15,0,1,2026-06-06T06:40:48+00:00,24,REM Pullback Rider NEOは、REM BB Pullback Rider V1をベースに改良した高機能バージョンです。  従来のV1の基本コンセプトである「トレンド中の押し目買い・戻り売りを狙う」という考え方を引き継ぎながら、エントリー条件、フィルター、シグナルの選別精度を見直し、より実戦的に使いやすい形へ進化させました。  主な特徴  ・REM BB Pullback Rider V1の高機能バージョン ・押し目買い・戻り売りを意識したロジック ・トレンド方向への再加速ポイントを検出 ・ボリンジャーバンドと移動平均線を活用 ・シグナルの選別精度を向上 ・不要なエントリーを減らすためのフィルターを強化  Invite-only strategy / 限定公開ストラテジー
https://www.tradingview.com/script/8LSSyeLc/,Europon Reversal FX Rush Ver2 Strategy,8LSSyeLc,PUB;ef41a85dfeda4cc987c11512ed5f7111,MasayanFX,strategy,1,1,10,0,0,2026-06-06T03:41:08+00:00,24,"Europon Reversal FX Rush Ver2 Strategy is an RSI reversal and averaging-entry strategy designed primarily for EURGBP on the 1-hour chart.  The strategy uses a 3-period RSI value from two bars ago. A long position is opened when the shifted RSI falls below 40. A short position is opened when the shifted RSI rises above 60.  When averaging entries are enabled, the strategy can add positions as RSI moves further into the reversal zone. Long additions require progressively lower RSI values and a bul"
https://www.tradingview.com/script/hwqqt1mA-Conviction-Stacker-Multi-Factor-BTC-Trend-Strategy-4H-L-S/,Conviction Stacker - Multi-Factor BTC Trend Strategy 4H (L&S),hwqqt1mA-Conviction-Stacker-Multi-Factor-BTC-Trend-Strategy-4H-L-S,PUB;91b4f385b9b349a98eea7446bdc6b009,cryptoscopeai30,strategy,2,1,4,0,0,2026-06-06T02:11:00+00:00,24,"=== Conviction Stacker — Multi-Factor BTC Trend Strategy   ===  OVERVIEW Conviction Stacker is a 4-hour trend-following strategy for Bitcoin. Most strategies stack more moving averages or oscillators on top of price. This one does the opposite: it keeps the entry trigger deliberately simple (a trend pullback) and instead stacks SIX independent confirmation factors — most of them NOT derived from the candle pattern itself. A trade only fires when enough of those factors agree, so signals are rare"
https://www.tradingview.com/script/G6jXOmkU-CryptoScopeAI-ATR-Bands-EMA-Trend-Predictor-LONG-SHORT/,"CryptoScopeAI - ATR Bands, EMA & Trend Predictor (LONG & SHORT)",G6jXOmkU-CryptoScopeAI-ATR-Bands-EMA-Trend-Predictor-LONG-SHORT,PUB;fc8460f1adbf43b390e07f688704531a,cryptoscopeai30,strategy,2,1,7,0,0,2026-06-06T01:46:14+00:00,24,"CryptoScopeAI — ATR Bands, EMA & Trend Predictor   (v12)  OVERVIEW  A trend-following strategy that combines ATR (Average True Range) volatility bands with EMA-based entry confirmation, now paired with a multi-timeframe ATR Trend Predictor that gives the strategy a directional regime to trade with.  It works on any asset and timeframe; the bundled defaults are tuned for BTCUSD. Treat the defaults as a starting point and re-tune for your own market.   WHAT'S NEW IN v12  * ATR Trend Predictor (mul"
https://www.tradingview.com/script/LYoqKIOf-Project-Pegasus-Participation-Model/,Project Pegasus - Participation Model,LYoqKIOf-Project-Pegasus-Participation-Model,PUB;fe3fd42816cb4e15ad02bdddde05f3db,Project_Pegasus,strategy,2,1,7,0,0,2026-06-05T22:40:42+00:00,24,"Project Pegasus • Participation Model is a structured strategy and visualization framework designed to detect strong market participation, map reaction zones, and combine participation-based entries with an optional scalping model.  At its core, the script identifies candles where volume, candle structure, close strength, trend alignment, and simulated delta pressure suggest meaningful participation from one side of the market. These candles are converted into visual zones that can act as potent"
https://www.tradingview.com/script/Sg2qyDDe-Smart-Trend-Strategy-julzALGO/,Smart Trend Strategy | julzALGO,Sg2qyDDe-Smart-Trend-Strategy-julzALGO,PUB;a1a8a949a1114dc589e717f3c47599f5,julzALGO,strategy,1,1,182,0,0,2026-06-05T20:49:42+00:00,24,"📘 Summary  Smart Trend Strategy | julzALGO is a trend-following strategy that combines adaptive trend analysis with market structure confirmation. The strategy uses a dual-stage smoothing engine to identify trend shifts while validating entries through Break of Structure (BOS) and Change of Character (CHoCH) events.  To improve adaptability across different market conditions, the strategy includes independent Risk:Reward settings for long and short positions, allowing bullish and bearish trades "
https://www.tradingview.com/script/6o64DaeW-Smart-Money-Range-8-Scalper-Short-Side/,Smart Money Range 8 Scalper Short Side,6o64DaeW-Smart-Money-Range-8-Scalper-Short-Side,PUB;acd85f013a664ce19ea93e55c872001a,Shemar11,strategy,3,1,1,0,0,2026-06-05T16:11:43+00:00,24,"Smart Money Structure is an advanced automated trading system designed around institutional price action, liquidity behavior, and multi-timeframe trend alignment.  The strategy combines Smart Money Concepts (SMC), market structure shifts, liquidity sweeps, momentum confirmation, and adaptive filtering to identify high-probability trade opportunities while reducing unnecessary drawdown and market noise.  Unlike basic signal systems, the strategy uses layered confirmation logic including:  • Liqui"
https://www.tradingview.com/script/KW2v4SNI-SMA-4-SMA-30/,SMA(4)/SMA(30),KW2v4SNI-SMA-4-SMA-30,PUB;4b4987c963a149d3a32b8636d2fc8bda,madereel,strategy,1,1,12,0,0,2026-06-05T15:55:45+00:00,24,Buy when SMA(4) > SMA(30) and Sell when SMA(4) < SMA(30) 
https://www.tradingview.com/script/LNgeMDZj-ORB-Retest-Strategy-50k/,ORB Retest Strategy 50k,LNgeMDZj-ORB-Retest-Strategy-50k,PUB;aff2b21b20cd429fba3f3afa4e0fedd1,isaiah_globalyt,strategy,2,1,2,0,0,2026-06-05T15:50:18+00:00,24,"ORB Retest Strategy — MNQ/NQ (Opening Range Breakout) This strategy marks the Opening Range High and Low based on the first 15 minutes of the trading session (9:30–9:45 AM ET) and generates trade signals when price breaks out of that range and comes back to retest the level. How it works:  The yellow shaded zone marks the opening range window as it forms Once the range locks, a green line (ORB High) and red line (ORB Low) extend across the chart for the rest of the trading day When price closes "
https://www.tradingview.com/script/zOmpx4bv/,Apex Flow Engine,zOmpx4bv,PUB;654888c68eec4023933be4f4d68fbfce,Gui-YW,strategy,3,3,2,0,0,2026-06-05T15:44:27+00:00,24,"Ini adalah versi beta early access dari script Apex Flow Engine. Dan ditawarkan dengan harga khusus early adaptor. Secara garis besar script ini dirancang untuk automatis trading dari TradingView ke Cornix, Cornix ke exchange. Jadi memiliki akun tradingview berbayar (minimal) untuk proses setup alerts, dan juga akun Cornix sangat dianjurkan. Kenapa beta? Karena script ini masih terus saya test dan kembangkan.  Dari hasil pengujian sejauh ini, ada setup yang sudah cukup clean antara List Trade da"
https://www.tradingview.com/script/O4kohk6y/,Daming Multi-Indicator Resonance Strategy v2.7,O4kohk6y,PUB;1f142df8d30d452fa1cdf73b8e8dd9c7,i2780790,strategy,3,1,2,0,0,2026-06-05T15:31:48+00:00,24,ema macd rsi 多指标共振策略 1、自动出开平仓信号 2、自动根据K线数据和盈亏比设置，计算tp和sl点位，并用红绿线标注 3、ETH年化稳定在100%+，19年-2026.6整个周期回测，收益高达6600%
https://www.tradingview.com/script/2xvsvZ6h-XAUUSD-Gold-Pullback-Pro-v2/,XAUUSD Gold Pullback Pro v2,2xvsvZ6h-XAUUSD-Gold-Pullback-Pro-v2,PUB;926e085ed13a4c17b6feb14b41cec79d,andresantoso212,strategy,2,1,6,0,0,2026-06-05T14:35:19+00:00,24,"XAUUSD Gold Pullback Pro v2 is an institutional-grade, multi-timeframe trading system designed to capitalize on Gold’s trending phases during high-volume sessions. Rather than chasing breakouts, the script patiently waits for macro-trend alignment (Daily/4H) and executes only when price pulls back into densely packed technical clusters (EMAs, VWAP, session liquidity).  It is heavily defensive, utilizing an ADX filter to keep the user out of low-probability, choppy ranging markets. Once in a trad"
https://www.tradingview.com/script/QzHv3I9d-Smart-Money-Structure-Standalone-Strategy/,Smart Money Structure | - Standalone Strategy,QzHv3I9d-Smart-Money-Structure-Standalone-Strategy,PUB;47f0d86aa5f74ae89760ee666659a007,Shemar11,strategy,3,1,0,0,0,2026-06-05T14:19:49+00:00,25,"Smart Money Structure is an advanced automated trading system designed around institutional price action, liquidity behavior, and multi-timeframe trend alignment.  The strategy combines Smart Money Concepts (SMC), market structure shifts, liquidity sweeps, momentum confirmation, and adaptive filtering to identify high-probability trade opportunities while reducing unnecessary drawdown and market noise.  Unlike basic signal systems, the strategy uses layered confirmation logic including:  • Liqui"
https://www.tradingview.com/script/TA2bxlOj-Smart-Money-Structure-Standalone-Strategy/,Smart Money Structure | - Standalone Strategy,TA2bxlOj-Smart-Money-Structure-Standalone-Strategy,PUB;c5ba1857830f4d2683974810fa729a2d,Shemar11,strategy,3,1,3,0,0,2026-06-05T14:17:59+00:00,25,"Smart Money Structure is an advanced automated trading system designed around institutional price action, liquidity behavior, and multi-timeframe trend alignment.  The strategy combines Smart Money Concepts (SMC), market structure shifts, liquidity sweeps, momentum confirmation, and adaptive filtering to identify high-probability trade opportunities while reducing unnecessary drawdown and market noise.  Unlike basic signal systems, the strategy uses layered confirmation logic including:  • Liqui"
https://www.tradingview.com/script/kuuXl2Gc-3Commas-AMZN-RSI-Oversold-Doubling-DCA-Long-Strategy/,[3Commas] AMZN RSI Oversold Doubling DCA - Long Strategy,kuuXl2Gc-3Commas-AMZN-RSI-Oversold-Doubling-DCA-Long-Strategy,PUB;b71e656412da42cba8dbe20475ed9f67,3Commas,strategy,1,1,23,0,0,2026-06-05T14:06:23+00:00,25,"AMZN RSI Oversold Doubling DCA — Long Strategy  🔷 What it does: This is a long-only DCA strategy with a selective oversold entry and an aggressive martingale safety-order ladder. A long entry opens only when the 4-hour RSI falls below 28 (deep oversold). Five safety orders then fire at fixed deviations from base entry (−2%, −5%, −9.5%, −16%, −25%) with sizes doubling on every rung ($1,000 → $2,000 → $4,000 → $8,000 → $16,000). Exit is a fixed 3% Take Profit from average entry. No trailing, no St"
https://www.tradingview.com/script/AuknbPLW-Tectonic-Regime-Protocol-JOAT/,Tectonic Regime Protocol [JOAT],AuknbPLW-Tectonic-Regime-Protocol-JOAT,PUB;1e84872e525c4d9aa740b778089950a2,officialjackofalltrades,strategy,1,1,28,0,0,2026-06-05T13:54:21+00:00,25,"Tectonic Regime Protocol     Introduction   Tectonic Regime Protocol is an open-source Pine Script v6 strategy that combines four analytical modules into a single rule-based trading system: a four-state regime classifier, a three-layer trend filter, a six-pillar confluence entry engine, and an adaptive exit module using ATR-based partial take-profit and a regime-adaptive trailing stop.  The strategy is designed for traders who want a fully automated systematic framework to study how regime-gatin"
https://www.tradingview.com/script/jIfrIPW0-Institutional-OB-Entry-Exit-SL-Strategy/,Institutional OB Entry Exit SL Strategy,jIfrIPW0-Institutional-OB-Entry-Exit-SL-Strategy,PUB;5fef1fb95aa946d299c95ff5de7a01ca,ARUN_RAJAN,strategy,1,1,22,0,0,2026-06-05T12:39:54+00:00,25,"This strategy is designed to identify possible institutional-style entries using order blocks, market structure, and momentum confirmation.  The strategy first looks for a break of structure. A bullish structure break happens when price closes above the recent swing high. A bearish structure break happens when price closes below the recent swing low. After this break, the script marks a possible order block zone: for bullish setups, it uses the most recent bearish candle before the bullish break"
https://www.tradingview.com/script/nhBt14Xl/,END,nhBt14Xl,PUB;9089c1cce1404594ba83ba9febae3d5a,suran2000,strategy,2,1,12,0,0,2026-06-05T11:41:09+00:00,25,測試使用，盈虧不負任何責任，ＧＯＯＤＬＵＣＫ
https://www.tradingview.com/script/yeyaRAzQ-ORB-Breakout/,ORB Breakout,yeyaRAzQ-ORB-Breakout,PUB;d2c6232e468c49a9bcc49bebc1508d0b,trendlinelaura,strategy,2,3,16,0,0,2026-06-05T10:33:59+00:00,25,"🚀  ORB Breakout 1.0   📈 Professional Opening Range Breakout Strategy for Futures Traders  ORB Breakout 1.0 is a highly configurable Opening Range Breakout strategy designed for intraday futures trading.  The strategy defines a price range during the opening minutes of a selected session, then looks for price to break above or below that range.  It was developed and tested primarily on: ✅ NQ — E-mini Nasdaq 100 ✅ MNQ — Micro E-mini Nasdaq 100  Since MNQ tracks the same underlying market as NQ, be"
https://www.tradingview.com/script/iOxqnyIv-DCA-Grid-15-Orders-1-1-Step-1-8-TP/,DCA Grid 15 Orders - 1.1% Step - 1.8% TP,iOxqnyIv-DCA-Grid-15-Orders-1-1-Step-1-8-TP,PUB;85b6cb6f9c244283816833d905344d46,Tijara123,strategy,1,1,5,0,0,2026-06-05T10:07:34+00:00,25,Parameters Maximum number of orders: 15 Distance between buys: 1.1% Take Profit: 1.8% above the average position price Position size multiplier: 1.2x Long only positions
https://www.tradingview.com/script/A6Xspyhd/,Larry Williams Ultimate Sniper Strategy v6,A6Xspyhd,PUB;2e6bb449568d4757a7b664238d973ba9,vidinozyer,strategy,3,1,1,0,0,2026-06-05T09:22:31+00:00,25,"Larry Williams Ultimate Sniper Strategy v6 (Optimized & Filtered)  This strategy is an advanced, highly optimized algorithmic trading system based on **Larry Williams' classic Volatility Breakout concepts**. By combining short-term momentum mechanics with robust institutional filters and strict risk management, this algorithm significantly eliminates false breakouts (fakeouts) and maximizes the **Profit Factor** across multiple asset classes like Gold (XAUUSD), Crypto (BTCUSD), and Forex (EURUSD"
https://www.tradingview.com/script/KM4wOmrL/,QQE Trend Strategy [Long/Short],KM4wOmrL,PUB;42ad5868c8e04732afc1bb711667122e,Shiroi-,strategy,1,1,4,0,0,2026-06-05T06:19:54+00:00,25,"QQE Trend Strategy    A dual-band QQE (Quantitative Qualitative Estimation) strategy built on Pine Script v6. Two independently tuned QQE bands — Fast and Slow — provide both responsive and filtered trend signals, with an optional 50-line direction filter and percentage-based stop loss.  ━━━━━━━━━━━━━━━━━━━━━━━ 🔹 HOW IT WORKS ━━━━━━━━━━━━━━━━━━━━━━━ QQE transforms RSI into a smoothed oscillator, then applies a double-EMA ATR trailing band to detect trend reversals.  When the QQE line crosses its"
https://www.tradingview.com/script/ZV6yfF87/,SuperTrend Strategy [Long/Short],ZV6yfF87,PUB;a87c55ddec7a4c5ba694754dc039eaad,Shiroi-,strategy,1,1,15,0,0,2026-06-05T06:08:54+00:00,25,"SuperTrend Strategy    A clean SuperTrend-based strategy with dynamic stop-loss, built on Pine Script v6. Automatically flips between Long and Short on trend reversals, with SuperTrend acting as both entry trigger and trailing stop.  ━━━━━━━━━━━━━━━━━━━━━━━ 🔹 HOW IT WORKS ━━━━━━━━━━━━━━━━━━━━━━━ SuperTrend is calculated using ATR (Average True Range) and a multiplier factor. When the trend direction flips, the strategy closes the current position and opens the opposite — a full reversal (flip) s"
https://www.tradingview.com/script/pIdVZEJY-Alphamojo-Supertrend-Strategy-HA-with-Buffer/,Alphamojo - Supertrend Strategy HA with Buffer,pIdVZEJY-Alphamojo-Supertrend-Strategy-HA-with-Buffer,PUB;22ba3916eb3045e69e964da4d687184a,jaysharmaofficial,strategy,1,1,2,0,0,2026-06-05T05:36:25+00:00,25,"**Title: SuperTrend Heikin Ashi Buffer  **  **Overview** Welcome to the **SuperTrend Heikin Ashi Buffer**! This indicator is designed for trend-following traders who want to filter out market noise and pinpoint high-probability zones. By combining the proven trend-detection capabilities of the SuperTrend with the smoothing effect of Heikin Ashi candles, this tool goes a step further by introducing a dynamic **Price Buffer** to help confirm breakouts and manage risk.  **How It Works** This indica"
https://www.tradingview.com/script/EmvVsgot/,MACD Crossover Strategy [Long/Short],EmvVsgot,PUB;aaff60a90e4b4044bfbb56a2f91572f8,Shiroi-,strategy,1,1,2,0,0,2026-06-05T03:41:17+00:00,25,"MACD Crossover Strategy    A clean, fully configurable MACD-based strategy built on Pine Script v6. Supports two entry modes, independent Long/Short toggles, and four alert conditions — ready for both backtesting and live trading.  ━━━━━━━━━━━━━━━━━━━━━━━ 🔹 ENTRY CONDITIONS (selectable) ━━━━━━━━━━━━━━━━━━━━━━━ - MACDxSignal — Enter when the MACD line crosses the Signal line.   Fast, reactive. Suitable for trending markets.  - HistCross0 — Enter when the Histogram crosses zero.   Slightly smoothe"
https://www.tradingview.com/script/WSezZglY/,Xetra DAX Opening Range PRO V3.0,WSezZglY,PUB;ac53a17d29cb4945821a6b02c0d45c5e,Steffen_Schubert,strategy,3,3,8,0,5,2026-06-04T23:57:56+00:00,25,"Xetra DAX Opening Range PRO V3.0  Rule-Based Opening Range Strategy for GER40 / DAX  Xetra DAX Opening Range PRO V3.0 is a systematic trading strategy developed around the Opening Range concept of the German Xetra market session. The purpose of this strategy is to provide a structured, rule-based trading framework with predefined conditions for market analysis, entries, exits and risk management. The system does not attempt to predict future price movements. Instead, it reacts to predefined mark"
https://www.tradingview.com/script/58gjAJCi-Golden-Cross-MA-200-Long-Only-v6/,"Golden Cross, MA 200 Long Only (v6)",58gjAJCi-Golden-Cross-MA-200-Long-Only-v6,PUB;cb3a5c592c404728a191fd3381eb512f,Dann1el,strategy,2,1,1,0,0,2026-06-04T17:28:23+00:00,25,"MA Cross with some other features. You can choose between different MA's like EMA, SMA or VWMA, as well as the instrument, MA values, etc. "
https://www.tradingview.com/script/u5R6y8cl-Session-King-ALMA-with-Session-Filter/,Session King - ALMA with Session Filter,u5R6y8cl-Session-King-ALMA-with-Session-Filter,PUB;03dbf471af274d198ec75c53a0677a19,backtestbay,strategy,1,1,12,0,0,2026-06-04T17:10:04+00:00,25,"A session-gated trend strategy that restricts entries to high-liquidity session windows using ALMA direction bias, with standardised ATR exits (3 ATR stop, 6 ATR take profit — 2R fixed).  WHAT MAKES THIS ORIGINAL Most trend strategies fire entries continuously throughout the trading day. This strategy gates every entry through two independent filters before a signal is accepted: a directional bias filter (ALMA) and a session timing filter. Neither filter alone is the edge — the combination is. A"
https://www.tradingview.com/script/uMHceUfi/,expma analysis,uMHceUfi,PUB;a3fb9b0934cd487ab6b38d74951f424b,MieMomo3,strategy,1,1,10,0,0,2026-06-04T16:29:52+00:00,25,expma analysis K find the boom side vesion 1.0 watting upddet
https://www.tradingview.com/script/PaLW1Zno-5-Major-Signal-Strategy-7-Candlestick-Patterns/,5 Major Signal Strategy / 7 Candlestick Patterns ,PaLW1Zno-5-Major-Signal-Strategy-7-Candlestick-Patterns,PUB;6a698952749f4755bf90a408b5401167,richardgong1988,strategy,1,1,14,0,0,2026-06-04T12:42:54+00:00,25,## 5 Major Signal Strategy / 7 Candlestick Patterns  This strategy is based on the `HanJinSignals26` signal library and is designed to detect multiple independent candlestick reversal and momentum patterns on the chart.  The strategy currently supports the following signal groups:  1. Pinbar 2. Engulfing Pattern 3. Fractal Top 4. Fractal Bottom 5. Single Harami 6. Double Harami 7. Big Body Candle  Each signal can be enabled or disabled independently from the input panel. When a signal is disable
https://www.tradingview.com/script/neQ6iZoX-3Commas-POL-Grid-Bot-Long-Strategy/,[3Commas] POL Grid Bot - Long Strategy,neQ6iZoX-3Commas-POL-Grid-Bot-Long-Strategy,PUB;90815f0cfb8b43959bed21e14551a39d,3Commas,strategy,1,1,17,0,0,2026-06-04T12:25:00+00:00,25," POL Grid Bot — Long Strategy  🔷 What it does: This is a long-only price-grid strategy that harvests volatility on POL / USDT through repeated round-trips on a pre-defined ladder of price levels between two fixed bounds. Each level is an independent slot: when price crosses down through a level, the strategy opens one slot; when price subsequently crosses up through the level immediately above, that slot is closed for a fixed round-trip profit. The grid is generated geometrically by default, so "
https://www.tradingview.com/script/xQU2tpSp-GENIUS-ABBAS-AL-HOUSSAYNI/,GENIUS ABBAS AL HOUSSAYNI,xQU2tpSp-GENIUS-ABBAS-AL-HOUSSAYNI,PUB;a5ede2da0ccb434e9437d5a97aee1c53,abbas_genius_repair,strategy,3,4,6,0,0,2026-06-04T12:11:12+00:00,25,"GENIUS ABBAS AL HOUSSAYNI  Professional trend-following strategy designed for Gold, Forex, Indices and Crypto markets.  Features: • Adaptive Trend Engine • Dynamic TP/SL Management • Trend Quality Index (TQI) • Smart Market Regime Detection • Institutional-Style Risk Management • Multi-Asset Compatibility • Clean Dashboard & Performance Statistics  Built for traders seeking disciplined trend-following execution with adaptive market intelligence.  For access and support: Telegram: @GeniusAbbas"
https://www.tradingview.com/script/7dfdNqto-Quick-shot/,Quick shot,7dfdNqto-Quick-shot,PUB;814f81419f984c268b3a4323d6783e1b,kakya_py,strategy,3,1,0,0,0,2026-06-04T07:36:44+00:00,25,Quick Shot | Renko Scalping Strategy  A high-frequency scalping strategy engineered specifically for Renko charts on sub-1 minute timeframes. Designed for Nifty/BankNifty index scalping with precision entries and quick exits.   How It Works  This strategy combines multiple confluence factors to identify short-term momentum shifts:   Stochastic RSI Filter  — Entries are filtered using Stochastic RSI crossover zones (overbought/oversold) to confirm momentum direction.  50 EMA Trend Bias  — Trades 
https://www.tradingview.com/script/UDX2FXu2/,SOXL StableRunner v3 GuardIncome,UDX2FXu2,PUB;18f6512ad02c429c8a718b31dd770efc,gaoman100,strategy,3,1,0,0,0,2026-06-04T06:19:41+00:00,25,"This is a long-only, split-entry strategy designed for SOXL. The main goal is to capture strong upside trends while reducing the risk of staying fully exposed during major drawdown periods.  The strategy is not a simple buy-and-hold system. It combines staggered core entries, partial profit-taking, runner positions, daily EMA band protection, and strict reset-mode safety logic.  Backtest Summary  The main preset, v3 Main Income B, produced approximately:  Final return: about +537% Peak cumulativ"
https://www.tradingview.com/script/ONGNUJaQ/,MACD Gold Hunter Strategy,ONGNUJaQ,PUB;b07963f467574ab29770f703b0178c8c,xiaoheige,strategy,2,1,20,0,0,2026-06-04T06:12:04+00:00,25,"English Version: Strategy Name: MACD Gold Hunter Strategy  Overview: The MACD Gold Hunter Strategy is a quantitative trading system that combines multi-timeframe trend filtering with price-action-based counter-trend scaling (averaging down). It leverages a higher-timeframe (default: Weekly) MACD golden cross to identify the macro bull market. Within this trend, it utilizes ""inclusion-processed"" (noise-filtered) Candlestick Bottom Fractals to scale into long positions. To prevent premature capita"
https://www.tradingview.com/script/nuqVC5F7-3Commas-BCH-Heikin-Ashi-RSI-Fade-Short-Strategy/,[3Commas] BCH Heikin Ashi RSI Fade - Short Strategy,nuqVC5F7-3Commas-BCH-Heikin-Ashi-RSI-Fade-Short-Strategy,PUB;3cbfea7c15004d60a79fb6ce6ed6db02,3Commas,strategy,1,1,22,0,0,2026-06-03T09:55:04+00:00,25,"BCH Heikin Ashi RSI Fade — Short Strategy  🔷 What it does: This is a short-only strategy that fades an extended Heikin Ashi bullish streak, confirmed by a long-window RSI bias filter on the same timeframe. A short entry is opened when the 15-minute Heikin Ashi prints a defined number of consecutive bullish candles AND the smoothed RSI is above a soft-bias threshold — the combination targets exhausted bullish thrusts on BCH that have run far enough to invite a pullback. The exit is a fixed Take P"
https://www.tradingview.com/script/yK5180DE/,Scalping London New York Strategy,yK5180DE,PUB;9983f69c46c142a6b69bfcf6827f9837,MasayanFX,strategy,1,1,19,0,0,2026-06-03T09:17:11+00:00,26,"Scalping London New York SMA Nanpin Strategy is a short-term forex backtesting strategy based on moving average trend direction, candle direction, session filtering, and averaging-down entries.  The strategy uses a fast and slow Simple Moving Average to determine the market direction. A long entry is generated when the previous confirmed candle is bullish and the fast SMA is above the slow SMA. A short entry is generated when the previous confirmed candle is bearish and the fast SMA is below the"
https://www.tradingview.com/script/MQXJ3Qfq-NO-LIMIT-TRADING-LLC-MECH-MODEL/,NO LIMIT TRADING LLC MECH MODEL,MQXJ3Qfq-NO-LIMIT-TRADING-LLC-MECH-MODEL,PUB;4e4c0f7a174e4ffca06183d5fa88aed9,profitfactor55,strategy,2,1,9,0,0,2026-06-03T01:54:18+00:00,26,"  **NO LIMIT TRADING LLC** is a precision‑built price‑action engine designed for traders who want clarity, confidence, and consistency.   This strategy cuts through market noise by combining higher‑timeframe imbalance zones with a powerful confirmation model that identifies high‑probability turning points with surgical accuracy.  If you want a system that tells you **exactly when the market is ready**, this is it.  ---  ## 🚀 **Trade Only When the Market Is Ready** Most traders guess.   NO LIMIT "
https://www.tradingview.com/script/GeSMvbtD-TraderStash-MES-15M-CRT-with-Filters/,TraderStash MES 15M CRT with Filters,GeSMvbtD-TraderStash-MES-15M-CRT-with-Filters,PUB;953ad21ba19c4b4392e7709230185e55,traderstash,strategy,3,1,0,0,0,2026-06-03T01:12:33+00:00,26,"This strategy focuses on high-probability intraday price action during the New York session while using built-in trend filtering, risk controls, and automated trade management. The model is designed to identify select trade opportunities based on specific market behavior, while avoiding overtrading through a one-trade-per-day max structure.  Key Features:  Built specifically for MES Designed for the 15-minute timeframe Uses a trend-based market filter Includes automatic risk-based position sizin"
https://www.tradingview.com/script/phKgte24-Monti-Opening-Range-Breakout-Volatility-Targeting/,Monti Opening Range Breakout + Volatility Targeting,phKgte24-Monti-Opening-Range-Breakout-Volatility-Targeting,PUB;5004b5eee4724c2faa8db3cc97ed4389,gtj_fx,strategy,3,1,0,0,0,2026-06-03T00:35:40+00:00,26,"📈 Monti ORB — Opening Range Breakout + Volatility Targeting  Trade the institutional edge of the first 30 minutes.  ━━━━━━━━━━━━━━━━━━━━━━━━━━━ WHAT IS THIS? ━━━━━━━━━━━━━━━━━━━━━━━━━━━ This strategy captures the Opening Range Breakout (ORB) — one of the most researched intraday patterns in quantitative finance. Based on ""Market Intraday Momentum"" (Journal of Financial Economics, 2018), which shows that the first 30 minutes of the NY session predict the direction of the remaining 4 hours.  The e"
https://www.tradingview.com/script/fFMjoP25-Andy-MrUnlimited/,Andy - MrUnlimited,fFMjoP25-Andy-MrUnlimited,PUB;474d8160fbcd4c578b5b740b569a09fd,MrUnlimited1,strategy,3,1,5,0,0,2026-06-02T23:38:48+00:00,26,"It's a disciplined pullback system — it waits for the big trend (15-min), confirms the structure (5-min EMAs), then hunts for a precise entry when price pulls back to the fast EMA and the 1-min momentum turns back in the trend direction. The 3-split TP structure lets winners run on the final portion while protecting capital on the first two targets."
https://www.tradingview.com/script/QK2FNhOB-ORB-AVWAP-Retest-Strategy/,ORB AVWAP Retest Strategy,QK2FNhOB-ORB-AVWAP-Retest-Strategy,PUB;33511f6bb2d44d9490724efd37ce647d,LukeBorgerding,strategy,1,1,35,0,0,2026-06-02T17:51:10+00:00,26,Orb indicator based on breakout of academic paper. Will take trades.
https://www.tradingview.com/script/GNHHhu6J/,Golden Master Strategy vdn1,GNHHhu6J,PUB;b133866a2b9543ceaa96c6d09962b903,vidinozyer,strategy,3,1,2,0,0,2026-06-02T17:34:19+00:00,26," 🚀 Golden Master Strategy v1: MACD + EMA 200 Institutional Algorithm (Pine Script v6)   Golden Master Strategy v1 is a highly optimized, systematic trend-following algorithm built on the latest Pine Script v6 architecture. It is specifically engineered for Gold (XAUUSD) on the 1-Hour (1H) timeframe to capture structural macro trends while enforcing strict institutional risk mitigation.  By combining the structural trend direction of the 200 EMA with micro-momentum MACD triggers—fully decoupled f"
https://www.tradingview.com/script/an9mru39-DhanAlgo-AI-Strategy/,DhanAlgo AI Strategy,an9mru39-DhanAlgo-AI-Strategy,PUB;c373de98ed2a4d44b67dda887d6de931,dhanalgoofficial,strategy,3,1,11,0,0,2026-06-02T17:26:30+00:00,26,"════════════════════════════════════════                                DhanAlgo AI  |  V1.0                    AI-Powered Market Intelligence Tool ════════════════════════════════════════  DhanAlgo AI is a next-generation AI-powered trading indicator built exclusively for Indian equity index traders. Designed for precision, speed, and clarity — it removes the noise and delivers only what matters: clear directional signals with intelligent candle-level visual confirmation.  No cluttered settings"
https://www.tradingview.com/script/kVP3PQ5F/,Golden Master Strategy v1,kVP3PQ5F,PUB;ff682839b5fe4ebc816b616fd7367ca6,vidinozyer,strategy,3,1,0,0,0,2026-06-02T17:08:57+00:00,26,"🚀 Golden Master Strategy v1: MACD + EMA 200 Institutional Trend Follower   Golden Master Strategy v1  is a highly optimized, systematic trend-following algorithm engineered specifically for Gold (XAUUSD) on the 1-Hour (1H) timeframe. It combines the macro trend filtering of the 200 EMA with the micro-momentum triggers of the MACD, heavily filtered by algorithmic volume expansion logic.  Unlike common retail indicators that rely on pure guesswork, this strategy has been rigorous mathematically mo"
https://www.tradingview.com/script/xPxcH13s/,Gate Breaker T-L,xPxcH13s,PUB;07ce19371d274e898ea055600bf5a961,yuzu_fx_trade,strategy,2,1,60,0,0,2026-06-02T13:40:38+00:00,26,# Gate Breaker T→L  東京レンジを「ゲート（境界）」として、ロンドン時間のブレイクを狙うセッションブレイクアウト戦略です。  ## コンセプト  東京セッション（09:00-15:00 JST）に形成された高値・安値は、欧州勢が参入時に意識する流動性ゾーンです。本ストラテジーは **ロンドン時間中の 15分足実体ブレイク** を確認後、次足で順張りエントリーし、ロンドンクローズで手仕舞いします。  「アジアレンジブレイク」の最もシンプルな型を、トレールストップ付きで実装しました。  ## エントリー条件  - **ロング**：ロンドン時間中、15分足の終値が東京High超え → 次足オープン成行買い - **ショート**：ロンドン時間中、15分足の終値が東京Low割れ → 次足オープン成行売り - 1日1エントリー（SL後の逆方向再エントリー禁止／設定でOFF可）  ## イグジット条件  | 種別 | トリガー | ラベル | |---|---|---| | TP | ロンドンクローズ時に含み益 | `TP` | | SL | 東京の反対サイドにヒット／ロンドンクロ
https://www.tradingview.com/script/O4PX6w2i/,NTR: NASDAQ M1 - Trend Runner,O4PX6w2i,PUB;016c8e87585b418296ce0a76900f3a36,Peter_n_n,strategy,1,1,55,0,0,2026-06-02T12:29:37+00:00,26,"NASDAQ M1 - MACD Trend Runner is a systematic trend continuation strategy specifically designed and optimized for the NASDAQ index on the 1-minute timeframe.  The strategy was developed around a simple observation:  Strong directional movements in NASDAQ often emerge after temporary pullbacks toward key moving averages while underlying momentum remains intact.  Instead of attempting to predict reversals or market turning points, the objective of this framework is to identify favorable re-entry o"
https://www.tradingview.com/script/9pHwOZsM-BNB-Grid-Bot-Long-Strategy/,BNB Grid Bot - Long Strategy,9pHwOZsM-BNB-Grid-Bot-Long-Strategy,PUB;7e2df6c874c24d84aa444c2a304e8623,3Commas,strategy,1,1,29,0,0,2026-06-02T11:33:57+00:00,26,"BNB Grid Bot — Long Strategy  🔷 What it does: This is a long-only price-grid strategy that harvests volatility on BNB / USDT through repeated round-trips on a pre-defined ladder of price levels between two fixed bounds. Each level is an independent slot: when price crosses down through a level, the strategy opens one slot; when price subsequently crosses up through the level immediately above, that slot is closed for a fixed round-trip profit. The grid is generated geometrically by default, so s"
https://www.tradingview.com/script/6vkVhVYW-ASC-DAX-Pulse-Pyramid/,ASC - DAX Pulse Pyramid,6vkVhVYW-ASC-DAX-Pulse-Pyramid,PUB;4c403784aa7e4e1b96dfa251154b18d1,AndyDemi,strategy,3,3,8,0,0,2026-06-02T09:34:33+00:00,26,"DAX40 Pulse Strategy is a structured momentum and trend-following strategy designed for DAX / GER40 / DE40.  The strategy uses a proprietary Pulse Engine to detect potential shifts in momentum, then applies multiple confirmation layers before allowing a trade. These include directional trend alignment, adaptive trend confirmation, trend strength, compression filtering, optional momentum filtering, day/time controls, and optional price-action confirmation.  Risk management is volatility-based, wi"
https://www.tradingview.com/script/wwPk60dp-ICT-ELITE-V2-0/,ICT ELITE V2.0,wwPk60dp-ICT-ELITE-V2-0,PUB;4b679b378e39455299788a3a2765b2ab,PRECISION_ALGO,strategy,2,1,8,0,0,2026-06-02T08:35:43+00:00,26,"This indicator has been designed of the ict silver bullet trading strategy, have modified it to where you now get precise signal's of the FVGs as well as entries during ict kill zones,the default times are set to South African times, Visuals you will see are entry points as well as potential liquidity pools Green identifying buyside liquidity and red sell side  The FVGs will provide added confirmations to enable you to spot potentially reversals "
https://www.tradingview.com/script/KO7Qe4Xb-Strategy-Validation-Framework-Standardised-ATR-Exits-1-Ris/, Strategy Validation Framework - Standardised ATR Exits & 1% Ris,KO7Qe4Xb-Strategy-Validation-Framework-Standardised-ATR-Exits-1-Ris,PUB;a91a5f1ba7ff4e28886bbb581ee78434,backtestbay,strategy,1,1,6,0,0,2026-06-02T07:19:33+00:00,26,"A reusable backtesting template that applies consistent exit conditions to any entry signal, allowing fair comparison between strategies.  HOW IT WORKS Exits are driven entirely by ATR (Average True Range). Stop loss is placed at a configurable multiple of ATR from entry (default: 3x ATR-14). Take profit is set at a fixed multiple (default: 6x ATR, giving 2:1 R). Position size is calculated so that the maximum loss on any trade equals a fixed percentage of current equity (default: 1%), normalisi"
https://www.tradingview.com/script/9ZHBzpRZ/,SERHAN1-WMA + RSI + Trailing Scalp (Date Filter),9ZHBzpRZ,PUB;cbec1807073f4c2fad89c47913e3465a,boztilkiserhan,strategy,1,1,25,0,0,2026-06-02T06:20:18+00:00,26,WMA  kesişmelerinden elde edilen alım satım ptratejisini RSI ile filtre ederek kuvvetlendirdim. Performans analizi için de tarih filtresi koydum
https://www.tradingview.com/script/iwTENxZ2/,Multi Time Score Strategy,iwTENxZ2,PUB;d9bfe0ad458a4780b506b19331cabb8c,MasayanFX,strategy,1,1,3,0,0,2026-06-02T04:18:45+00:00,26,"Multi Time Score Strategy is a multi-timeframe backtesting strategy designed for USDJPY on the 5-minute chart.  The strategy measures price position across several timeframes: 5-minute, 15-minute, 1-hour, 4-hour, daily, and weekly. Each timeframe score is based on where the current price is located within its recent high-low range. The scores are combined using configurable importance weights, giving higher-timeframe conditions greater influence by default.  A long entry is generated when the we"
https://www.tradingview.com/script/RHN63RZT-FVGC-E-Strategy-Lite/,FVGC-E Strategy Lite,RHN63RZT-FVGC-E-Strategy-Lite,PUB;23c4932deeaf4d6daf84281e8a9e9f89,crandalljf,strategy,3,4,1,0,0,2026-06-01T17:08:27+00:00,26,This is the strategy version of the FVGC-E indicator build.
https://www.tradingview.com/script/2feYqJtO-ORB-v2-2-ORBAlpha-Free/,ORB v2.2 [ORBAlpha] - Free,2feYqJtO-ORB-v2-2-ORBAlpha-Free,PUB;f3b73c760a6a404ca47d2da74fdc1f9f,ORBAlpha,strategy,2,1,6,0,0,2026-06-01T15:35:10+00:00,26,"WHAT THIS SCRIPT DOES This indicator defines an Opening Range from a configurable session start and end time, then identifies Opening Range Breakout (ORB) conditions: a signal is generated when price closes outside the defined range boundary, in the direction of the break. The session window, range definition, entry logic, exit targets, and stop placement are all configurable. The opening range adapts to whatever session timing is relevant for the instrument being charted.  WHAT IS INCLUDED Conf"
https://www.tradingview.com/script/DT41oLbW-ORB-ORF-v2-4-ORBAlpha-Pro/,ORB/ORF v2.4 [ORBAlpha] - Pro,DT41oLbW-ORB-ORF-v2-4-ORBAlpha-Pro,PUB;3e3d43fa163445ca98502c87c487e628,ORBAlpha,strategy,3,1,5,0,0,2026-06-01T15:00:22+00:00,26,"WHAT THIS SCRIPT DOES This indicator defines an Opening Range (OR) from a configurable session start and end time, then identifies two distinct trade conditions that emerge from that range: ORB — Opening Range Breakout: a trade signal generated when price closes outside the defined opening range, in the direction of the break. ORF — Opening Range Fade: a trade signal generated when a breakout attempt fails and price reverses back through the range boundary. This is tracked via an armed/triggered"
https://www.tradingview.com/script/JBDWeA0T-Market-Breadth-Trend-Strategy/,Market Breadth Trend Strategy,JBDWeA0T-Market-Breadth-Trend-Strategy,PUB;5313ec78d92e4f1a9511b865dbe14907,AIScripts,strategy,1,1,12,0,0,2026-06-01T12:46:32+00:00,26,"Overview  Many traders focus on major indexes such as the S&P 500 or Nasdaq when evaluating market conditions. While indexes show overall price movement, they do not always reflect how broadly that movement is supported across the market. Market breadth is a way of studying participation. It can help traders understand whether strength or weakness is concentrated in a small group of stocks or spread across a wider portion of the market. A market move supported by broad participation may provide "
https://www.tradingview.com/script/9pcMZDu9/,Serhan 1 - WMA + ADX + Trailing + Date Filter,9pcMZDu9,PUB;59f98df777e3401386d7abe4618b7ed3,boztilkiserhan,strategy,1,1,8,0,0,2026-06-01T12:42:04+00:00,26,Nasdaq scalping  için bir deneme. Hareketli ortalamaları optimize ettikten sonra ADX filtresi ile performansı güçlendirdim. Bir de back tesing için  tarih filtresi koydum.
https://www.tradingview.com/script/kDx4fasy/,BTC 50% Drawdown + Bullish Divergence Long ,kDx4fasy,PUB;5bbe95fd1101460b8d48a734f69026e3,songlixia,strategy,2,3,8,0,0,2026-06-01T10:05:39+00:00,26,"**✅ Here is a well-written, professional English description** for your strategy that you can directly copy and paste into the description box:  ---  **Strategy Description:**  This is a long-only BTC cycle strategy that focuses on buying during significant drawdowns in Bitcoin's halving cycles.  ### Core Logic: - **Entry Condition**: After Bitcoin drops **50% or more** from its recent high (within the last 730 bars), the strategy arms itself. - **Long Entries**: Once armed, it enters long posit"
https://www.tradingview.com/script/1AzSHSZK-RivetAlgo-IFVG-Liquidity-Strategy/,RivetAlgo IFVG Liquidity Strategy,1AzSHSZK-RivetAlgo-IFVG-Liquidity-Strategy,PUB;0c1c771e1c174bc6b5d5f0a563360d64,RivetAlgo,strategy,3,1,3,0,0,2026-06-01T08:55:32+00:00,27,"Unlike standalone liquidity sweep or IFVG indicators, this strategy requires multiple conditions to align in a defined sequence before generating a signal. The objective is not to identify every market reversal, but to focus on situations where liquidity, structure, and imbalance conditions support the same directional bias.  Core components include liquidity sweep detection, MSS confirmation, IFVG entry zones, session filtering, and predefined stop-loss / take-profit management.  This strategy "
https://www.tradingview.com/script/ADx8qrBK-SOL-RSI-DCA-Long-Strategy/,SOL RSI DCA - Long Strategy,ADx8qrBK-SOL-RSI-DCA-Long-Strategy,PUB;08999818aee74c64980c609186cb8f58,3Commas,strategy,1,1,22,0,0,2026-06-01T08:32:10+00:00,27,"SOL RSI DCA - Long Strategy  🔷 What it does: This is a long-only DCA strategy that opens a base long while SOL's higher-timeframe momentum is depressed, then averages down on a geometric price-deviation ladder if the dip extends. A long entry arms whenever the 1-hour RSI(14) sits below a configurable level (default 44). Up to three averaging orders ladder the position deeper on widening deviation steps and growing order sizes. Exit is a fixed Take Profit from the running average entry. No traili"
https://www.tradingview.com/script/50mvLf3z-MA-Cross-Strategy/,MA Cross Strategy,50mvLf3z-MA-Cross-Strategy,PUB;7a3493d562d0418c96a5a86f4091ef38,Orotsal,strategy,2,3,14,0,0,2026-06-01T07:59:12+00:00,27,MA Cross Strategy. Only open BUY/SELL trades when they align with the trendline. Use the trendline from my V13 script.
https://www.tradingview.com/script/KmzqWloV-TWE-2-Bar-Break-Strategy/,TWE 2-Bar Break Strategy,KmzqWloV-TWE-2-Bar-Break-Strategy,PUB;af1f614d755040b4b08eceb79257f709,madue2014,strategy,1,1,10,0,0,2026-06-01T06:56:59+00:00,27," The TWE 2-Bar Break Strategy is a trend-filtered breakout system that enters trades when price breaks the range of the previous two candles in the direction of a 50 EMA trend and exits when price breaks the opposite side of that range. It is designed to capture directional momentum while remaining simple, objective, and suitable for automation."
https://www.tradingview.com/script/7uyKJC1E-15M-NIFTY-Multi-Day-Swing-Target-Engine-v1-0/,15M NIFTY Multi-Day Swing Target Engine v1.0,7uyKJC1E-15M-NIFTY-Multi-Day-Swing-Target-Engine-v1-0,PUB;6ba9d185208e49618c672eb175530cb7,milindvinkar,strategy,1,1,11,0,0,2026-06-01T05:52:49+00:00,27,15M NIFTY Multi-Day Swing Target Engine v1.0  Uses pullbacks after swings for entry and uses exhaustion for exit. Works for NIFTY BUY CE OR PE.
https://www.tradingview.com/script/j0YMJIlm-Morning-Evening-Star-Strategy-With-TP-SL/,Morning & Evening Star Strategy (With TP/SL),j0YMJIlm-Morning-Evening-Star-Strategy-With-TP-SL,PUB;0976aac527894bb8822f015c5c870a7b,williamcleves,strategy,2,1,2,0,0,2026-06-01T05:28:42+00:00,27,Recommended trading hours NY session - 9:30–11:30 Power hour - 2:00–4:00  This indicator works best when used alongside: • Support and resistance • Higher timeframe trend direction • Volume or momentum confirmation  Disclaimer: This indicator is for informational purposes only. It does not provide financial advice or trade recommendations. All trading involves risk. Always use proper risk management and confirm signals with your own analysis before entering any trade.
https://www.tradingview.com/script/IvwhOfjg/,Vercellino Apex Metals Strategy,IvwhOfjg,PUB;deb6121a0c7d4f1992e5e8db8ce94d61,rodrigovercellino81,strategy,3,1,2,0,0,2026-06-01T05:16:41+00:00,27,"Vercellino Apex Metals Strategy is the core strategy engine of the Vercellino Quantum Metals Suite, designed for structured analysis of Gold and Silver markets.  This strategy combines multiple analytical layers into one decision framework:  - Higher-timeframe macro alignment - Adaptive 5D AI-style directional model - Markov transition probability filter - Kernel regression trend engine - Institutional liquidity and order block context - ATR-based dynamic risk and trailing exit logic - Configura"
https://www.tradingview.com/script/VW9vfhSF-FVG-Suite-w-Full-Control-1R-2R-Strategy/,FVG Suite w/Full Control + 1R/2R Strategy,VW9vfhSF-FVG-Suite-w-Full-Control-1R-2R-Strategy,PUB;2c54d4aa05934cdc89346df5b719e221,williamcleves,strategy,2,1,3,0,0,2026-06-01T05:14:07+00:00,27,"Pre-Market, Daily FVG's w/color toggles  This indicator works best when used alongside: • Support and resistance • Higher timeframe trend direction • Volume or momentum confirmation  Disclaimer: This indicator is for informational purposes only. It does not provide financial advice or trade recommendations. All trading involves risk. Always use proper risk management and confirm signals with your own analysis before entering any trade."
https://www.tradingview.com/script/BNkaBmC8-Sistema-PRO-Adaptativo-FVG-Confirmado/,Sistema PRO Adaptativo + FVG Confirmado,BNkaBmC8-Sistema-PRO-Adaptativo-FVG-Confirmado,PUB;8721f854cd69431abd039fe96f89d5da,williamcleves,strategy,2,1,2,0,0,2026-06-01T05:08:03+00:00,27,"Hourly FVG w/EMA's 20, 40, 100, 200  This indicator works best when used alongside: • Support and resistance • Higher timeframe trend direction • Volume or momentum confirmation  Disclaimer: This indicator is for informational purposes only. It does not provide financial advice or trade recommendations. All trading involves risk. Always use proper risk management and confirm signals with your own analysis before entering any trade."
https://www.tradingview.com/script/IwtgRucS-Double-Tap/,Double Tap ,IwtgRucS-Double-Tap,PUB;a5ec1503eff5457089031565cda81159,williamcleves,strategy,1,1,20,0,0,2026-06-01T04:12:38+00:00,27,(Neckline BOS + Reversal + Dynamic Stops/TP + Auto RR)  Recommended trading hours  NY session - 9:30–11:30 Power hour - 2:00–4:00  This indicator works best when used alongside: • Support and resistance • Higher timeframe trend direction • Volume or momentum confirmation  Disclaimer: This indicator is for informational purposes only. It does not provide financial advice or trade recommendations. All trading involves risk. Always use proper risk management and confirm signals with your own analys
https://www.tradingview.com/script/yg5UFYha-ORB-PRO-v2/,ORB PRO v2,yg5UFYha-ORB-PRO-v2,PUB;0ce7f84f01dd4149a7c47ad8b884b865,williamcleves,strategy,2,1,3,0,0,2026-06-01T04:08:40+00:00,27,15 ORB indicator w/EMA9 & VWAP  This indicator works best when used alongside: • Support and resistance • Higher timeframe trend direction • Volume or momentum confirmation  Disclaimer: This indicator is for informational purposes only. It does not provide financial advice or trade recommendations. All trading involves risk. Always use proper risk management and confirm signals with your own analysis before entering any trade.
https://www.tradingview.com/script/n7w6dnFO-UnifiedTheory/,UnifiedTheory,n7w6dnFO-UnifiedTheory,PUB;6c768a0ec49b409b89884ea24235ab0c,breakout39,strategy,3,1,0,0,0,2026-06-01T02:47:26+00:00,27,"Title: Unified Dynamic Strategy Engine (The ""Grand Unification"" Theory)  Overview: The Unified Dynamic Strategy Engine is a powerful, all-in-one algorithmic trading sandbox designed for traders who want to build, test, and deploy complex strategies without writing a single line of Pine Script code. By offering a dynamic condition engine, it allows you to freely mix and match top-tier technical indicators, logical operators, and risk management modules directly from the user interface.  Key Featu"
https://www.tradingview.com/script/0EIrk0Vm-Shooting-Star-Reversal-XAUUSD-15m/,Shooting Star Reversal [XAUUSD 15m],0EIrk0Vm-Shooting-Star-Reversal-XAUUSD-15m,PUB;e3dc58209e6b45608262d1fdaae8e848,SAVIOR_HERO,strategy,1,1,7,0,0,2026-05-31T20:34:33+00:00,27,"Just tested it so far so decent, i hope we can even make it better"
https://www.tradingview.com/script/xeMt3ucD-manoj-betrayed-me/,manoj betrayed me,xeMt3ucD-manoj-betrayed-me,PUB;d41d2821c55a432e82cb43cd353018c1,vasudevshenoy,strategy,1,1,20,0,0,2026-05-31T18:55:26+00:00,27,its a beautiful script coded for manoj who betrayed me. he didnt teach me the strategy prolperly and always betrayed me. works good on stocks and all related entitties. pls dont betray me manoj
https://www.tradingview.com/script/iNrppl4K/,Bi-Directional Fortress Strategy v7,iNrppl4K,PUB;29a75d7c41024bc18fc4fa273c10db53,maolonp,strategy,3,1,2,0,0,2026-05-31T18:39:21+00:00,27,🚀 ETHUSDT 雙向策略  v7 / ETHUSDT Bi-Directional Fortress Strategy v7 【中文簡介 / Chinese Description】這是一套專為以太幣（ETHUSDT）量身打造的高級市場結構量化交易系統。本策略徹底屏棄了傳統均線金叉死叉在盤整期的頻繁刷單弊端，引入了獨創的「多空大環境結構判定」與「RSI 深度回撤動能共振鎖」。本策略已完全升級至 Pine Script v6 引擎，並在底層內嵌了嚴格的固定合約部位管理，完美解決了長線回測的計價精度死結，兼具極致的防守與強悍的單邊波段收割能力。 🌟 兩大時區實戰神級表現 (2026年6月最新數據)：   1小時 (1H) 級別 — 短線抗噪防護罩：在最近 90 天全市場高位劇烈洗盤的惡劣橫盤期中，逆勢斬獲 Total PnL +10.08%，最大資金回撤被死死鎖在不可思議的 4.43%，獲利因子高達 1.642！   1小時 (1H) 級別 — 短線抗噪防護罩：在最近 2年半全市場高位劇烈洗盤的惡劣橫盤期中，逆勢斬獲 Total PnL +62.31%，最大資金回撤被死死鎖在不可思議
https://www.tradingview.com/script/UgSKhW3D-ST-Fusion-OrderReady-Strict-Strategy/,ST Fusion OrderReady Strict Strategy,UgSKhW3D-ST-Fusion-OrderReady-Strict-Strategy,PUB;8c170440111b4e32b6d5588bc948da2d,Johnny_2254,strategy,3,3,1,0,0,2026-05-31T16:38:46+00:00,27,"ST Fusion OrderReady Strict Strategy is the backtest version of ST Fusion OrderReady Strict. It is designed for testing the historical performance of the stricter OrderReady logic in TradingView Strategy Tester.  The strategy creates real TradingView strategy orders from the strict entry conditions and supports partial profit-taking, SuperTrend-based stops, and opposite-signal exits. It is intended for researching trend-trading logic, not as an unvalidated automated trading system.   Key Feature"
https://www.tradingview.com/script/7TeaYKjp-Trend-Energy-Dashboard-Strategy/,Trend Energy Dashboard Strategy,7TeaYKjp-Trend-Energy-Dashboard-Strategy,PUB;d6decbdb11bf40b9853f2e5cdbfded81,Johnny_2254,strategy,3,3,0,0,0,2026-05-31T16:28:26+00:00,27,"Trend Energy Dashboard Strategy is the backtest version of Trend Energy Dashboard. It is designed for testing structure breaks, volume triggers, trend-energy filters, and staged trade-plan logic in TradingView Strategy Tester.  The strategy keeps the same trend energy, market structure, and volume-trigger logic from the visual indicator, then converts the automatic trade plan into real TradingView strategy orders. This makes it easier to study historical performance, win rate, reward/risk behavi"
https://www.tradingview.com/script/ZEWe6IKf-Volt-Analytics-MGC-NY-Unified-Striker-Alpha-Test-1-0/,Volt Analytics: MGC NY Unified Striker (Alpha Test 1.0),ZEWe6IKf-Volt-Analytics-MGC-NY-Unified-Striker-Alpha-Test-1-0,PUB;cda3a327ad4b40c088e5df064bbc570c,BWare321,strategy,3,29,4,0,0,2026-05-31T14:39:12+00:00,27,"Welcome to the Phase 1 Alpha Test of the Volt Analytics Unified Striker engine (MGC Build).   This is a multi-timeframe, systematic execution algorithm optimized specifically for the NY Cash Session. It utilizes a 15-minute macro validation layer paired with a 3-minute execution layer to dynamically manage entries, trailing stops, and scaling exits for Micro Gold contracts.  ⚠️ ALPHA VERSION NOTICE This specific build is time-locked for our initial testing phase. It will automatically expire, bl"
https://www.tradingview.com/script/WhxmHc8H-ETH-Grid-Bot-Long-Strategy/,ETH Grid Bot - Long Strategy,WhxmHc8H-ETH-Grid-Bot-Long-Strategy,PUB;81b30a5ad41946fca4e6ed9392b86665,3Commas,strategy,1,1,19,0,0,2026-05-31T14:28:57+00:00,27,"ETH Grid Bot — Long Strategy  🔷 What it does: This is a long-only price-grid strategy that harvests volatility on ETH / USDT through repeated round-trips on a pre-defined ladder of price levels between two fixed bounds. Each level is an independent slot: when price crosses down through a level, the strategy opens one slot; when price subsequently crosses up through the level immediately above, that slot is closed for a fixed round-trip profit. The grid is generated geometrically by default, so s"
https://www.tradingview.com/script/6FMD7JLy-Volt-Analytics-MES-NY-Unified-Striker-Alpha-Test-1-0/,Volt Analytics: MES NY Unified Striker (Alpha Test 1.0),6FMD7JLy-Volt-Analytics-MES-NY-Unified-Striker-Alpha-Test-1-0,PUB;d53b908fc50940a9ab3cf9808e467a12,BWare321,strategy,3,25,3,0,0,2026-05-31T14:27:41+00:00,27,"Welcome to the Phase 1 Alpha Test of the Volt Analytics Unified Striker engine (MES Build).   This is a multi-timeframe, systematic execution algorithm optimized specifically for the NY Cash Session. It utilizes a 15-minute macro validation layer paired with a 3-minute execution layer to dynamically manage entries, trailing stops, and scaling exits for Micro E-mini S&P 500 contracts.  ⚠️ ALPHA VERSION NOTICE This specific build is time-locked for our initial testing phase. It will automatically "
https://www.tradingview.com/script/1N95Jhxn-4H-Swing-Edge-Strategy-Pro/,4H Swing Edge Strategy Pro,1N95Jhxn-4H-Swing-Edge-Strategy-Pro,PUB;745adc0b0f624a67b0ebd57e646249c3,sim_24365,strategy,3,1,2,0,0,2026-05-31T10:38:35+00:00,27,4H Swing Edge Pro is a trend-following swing trading tool designed for the 4-hour timeframe.  Features: • Buy and sell signals • Trend confirmation • Risk management framework • Market structure filtering  This script is invite-only and intended for educational purposes.
https://www.tradingview.com/script/50OFe8zR-RSI-Div-Volume-Refined-v3/,RSI Div + Volume Refined v3,50OFe8zR-RSI-Div-Volume-Refined-v3,PUB;82e1840320834ab8a2e53e080861f4dd,lastsithlord,strategy,2,1,3,0,0,2026-05-31T08:48:06+00:00,27,Test new RSI DIV + Volume  RSI DIVERGENCE + VOLUME REFINED  v2 // //  LONG  (bull regime only): //   1. Weekly RSI >= 40 AND price above weekly EMA20 //   2. RSI forms a pivot low that touched below 30 //   3. That RSI low > previous RSI low  (hidden strength) //   4. But price low < previous price low  (new price low = divergence) //   5. Recent volume average > prior volume average  (accumulation) //   => SL set once at entry (swing low). Exit when RSI >= 65 or bearish div. // //  SHORT (bear 
https://www.tradingview.com/script/PHRGVwxB-Asian-London-Continuation/,Asian-London Continuation,PHRGVwxB-Asian-London-Continuation,PUB;bacc51ff90f14eb0b926382af2fab5fd,JSchmarr,strategy,2,2,23,0,0,2026-05-31T07:52:37+00:00,27,"Trade the London open with structure, discipline, and zero guesswork. This strategy captures one of the most reliable intraday setups in futures trading — the Asian session range continuation into the London open. When price respects the Asian range and London opens in the same direction, momentum often follows. This script automates the entire process, from bias detection to entry, stop placement, and take profit. How it works The script analyses the Asian session to determine directional bias "
https://www.tradingview.com/script/PXeKfUhV-Advanced-EMA-Crossover-Strategy-by-Avish/,Advanced EMA Crossover Strategy by Avish,PXeKfUhV-Advanced-EMA-Crossover-Strategy-by-Avish,PUB;418aa0bdf8b44aa495b830ad007926d8,avishkarkumar000,strategy,2,1,1,0,0,2026-05-31T07:43:49+00:00,27,"# Advanced Trend & Momentum Strategy  ## Overview  This strategy is designed to identify high-quality market opportunities while maintaining a strong focus on risk management and trade efficiency. It combines multiple layers of market analysis and adaptive risk controls to help traders navigate changing market conditions.  Built for versatility, the strategy can be applied across Forex, Commodities, Indices, and Cryptocurrency markets and supports extensive customization through user inputs.  ##"
https://www.tradingview.com/script/2V7HE7xz-GMMA-Daily-Trend-Continuation-System-v2-0/,GMMA Daily Trend Continuation System v2.0,2V7HE7xz-GMMA-Daily-Trend-Continuation-System-v2-0,PUB;a63e53a5eb1a47bcb13f542b601807e1,rwhalestein,strategy,2,1,13,0,0,2026-05-31T00:14:05+00:00,28,"GMMA Daily Trend Continuation System — Full Description What It Is This is a rules-based, daily timeframe trend continuation strategy built around the Guppy Multiple Moving Average (GMMA) framework, developed by trader Daryl Guppy. It is designed to identify and ride established trends — not predict reversals, not scalp noise. Every trade requires unanimous confirmation across four independent analytical layers before an entry is permitted.  The Four Pillars 1. GMMA — The Core Signal Engine The "
https://www.tradingview.com/script/x3A55GhE/,Kaisen Delta RSI Session Strategy,x3A55GhE,PUB;cdfb8f545168439e9e79f5da70f9887c,KaisenAlgo,strategy,2,1,10,0,0,2026-05-31T00:05:07+00:00,28,"# Kaisen Delta RSI Session Strategy  The Kaisen Delta RSI Session Strategy is a momentum-based trading system designed to identify trend shifts and directional opportunities using the derivative of RSI rather than price alone.  Instead of relying on traditional RSI overbought and oversold levels, this strategy measures the rate of change of RSI through a polynomial regression model. By calculating the RSI Delta, traders can detect momentum acceleration, deceleration, and directional shifts earli"
https://www.tradingview.com/script/bcCiMjqu-Afrodite-Strategy/,Afrodite Strategy ,bcCiMjqu-Afrodite-Strategy,PUB;8f5afd86794640b7b762bcb4fedc8f8d,destiney_2,strategy,2,2,2,0,0,2026-05-30T22:37:56+00:00,28,This strategy helps traders know how to read the charts when it comes to pullbacks and reversals as well as giving entry and exits based on the EMAs. 
https://www.tradingview.com/script/nvPjBOft-Falcon-AI-BASIC/,Falcon AI | BASIC,nvPjBOft-Falcon-AI-BASIC,PUB;14b5add796a84bc5aaf911c1dae6762c,thefalconai,strategy,3,8,11,0,0,2026-05-30T19:23:42+00:00,28,"Falcon AI is an invite-only automated trading strategy built exclusively for MNQ futures. It combines momentum, structure, and session timing into a single confluence-based signal engine that tells you exactly when to enter and exit — no interpretation required. Signals fire during optimized session windows (8AM–2PM ET or 9AM–12PM ET), all positions force-close by 4:10PM ET, and the trailing stop manages every exit automatically. 3-Year Walk-Forward Validated (May 2023 → May 2026) Combined net p"
https://www.tradingview.com/script/42KEZDtj-Falcon-AI-ELITE/,Falcon AI | ELITE,42KEZDtj-Falcon-AI-ELITE,PUB;f515fc327574485e90310df509f8acdf,thefalconai,strategy,3,8,8,0,0,2026-05-30T19:18:22+00:00,28,"Falcon AI-Elite plan is an invite-only automated trading strategy for futures markets and major crypto pairs including BTC and ETH. The same confluence-based signal engine that powers the Basic plan — unlocked across all markets, with settings pre-loaded on Chart 1 so you can verify defaults and trade immediately. Run up to 4 independent chart configurations across 15-min and 30-min timeframes, OPTIMAL and PRIME session windows. For crypto, a dedicated 24/7 CRYPTO mode bypasses all futures-speci"
https://www.tradingview.com/script/HiXmjtul-NSE-Elite-Strategy-v6-Full-System/,NSE Elite Strategy v6 Full System,HiXmjtul-NSE-Elite-Strategy-v6-Full-System,PUB;2beaf51c49ad41f8afa419d580ec78f1,legalRice2697,strategy,1,5,20,0,0,2026-05-30T18:43:56+00:00,28,Works better on 30 Min TF. it is having idea of like 1% top traders is having. Do all your due diligence before implementing it. I am not Sebi registered RA.
https://www.tradingview.com/script/3uS01cPF-Sweep-SD-MA20-50-ATR/,Sweep + SD + MA20/50 + ATR,3uS01cPF-Sweep-SD-MA20-50-ATR,PUB;17b25b9676c0482c8a639762fa711e07,dobos_e_v_95,strategy,1,1,6,0,0,2026-05-30T18:21:43+00:00,28,mozgó átlagokat és sweep et figyel . majd ad jelet .
https://www.tradingview.com/script/TrHh6K6V-Bull-Trend-Breakout-Strategy-Long-Only-Trade-Logic1019/,"Bull Trend Breakout Strategy, Long Only [Trade_Logic1019]",TrHh6K6V-Bull-Trend-Breakout-Strategy-Long-Only-Trade-Logic1019,PUB;a7577fd46c5e4d21b8c1c67d3d16a318,Trade_Logic1019,strategy,2,1,5,0,0,2026-05-30T17:19:10+00:00,28,"Bull Trend Breakout Strategy, Long Only    Bull Trend Breakout Strategy, Long Only   is a trend-following breakout framework designed to identify bullish continuation opportunities when trend structure, momentum behavior, participation conditions, and risk management characteristics remain aligned.  The framework combines: • long-term trend qualification • short-term trend alignment • breakout confirmation • momentum validation • participation expansion • risk-based position sizing • dynamic tra"
https://www.tradingview.com/script/uTaDQWem/,MNQ M15 - Open Below 80% Prev Candle (1 pos) ,uTaDQWem,PUB;2f414fa3b9ba4613b87f933bf95e80bf,euryg1246,strategy,2,1,5,0,0,2026-05-30T15:50:07+00:00,28,A perfect indicator for M15—take the time to study it before using it.
https://www.tradingview.com/script/z9RbuI2J-Flow-Rider-AI-Smart-Crypto-Fast-Scalping-Strategy/, Flow Rider AI Smart Crypto Fast Scalping Strategy,z9RbuI2J-Flow-Rider-AI-Smart-Crypto-Fast-Scalping-Strategy,PUB;fb2ff93b05984dcd99df67149385c363,FlowRiderAI,strategy,2,1,9,0,0,2026-05-30T15:46:41+00:00,28,"🌊 Flow Rider AI - Crypto Hyper Scalp Strategy  Overview The Flow Rider AI Strategy is an advanced, high-frequency scalping framework designed specifically for the volatile crypto markets. By combining real-time order flow analysis with algorithmic volatility mapping, this strategy aims to capture rapid, high-probability micro-trends while dynamically mitigating risk through intelligent leverage and asset protection.  🚀 Key Features Dynamic Order Flow Analysis: Decodes market microstructure in re"
https://www.tradingview.com/script/itidZpuO/,NQ Session Edge Sun/Mon/Tue,itidZpuO,PUB;45be8c27602e4f94812f310bbc987c87,euryg1246,strategy,2,1,9,0,0,2026-05-30T15:35:15+00:00,28,"strategy for going through the entire section. If you are a disciplined trader, this system may be for you. Study it, test it, and if you adapt it, you won’t regret it."
https://www.tradingview.com/script/yzA3xPch-Mocha-Caffe-v2-1min-btc/,Mocha Caffe v2 1min btc ,yzA3xPch-Mocha-Caffe-v2-1min-btc,PUB;70b1da6a6a19489684a71d308f40f1a8,bytetechks,strategy,2,1,1,0,0,2026-05-30T12:26:15+00:00,28,Mocha caffe v2   script private  . . . . . . . . . .
https://www.tradingview.com/script/A0N8Yar4/,DarkKnight SOL 4H Strategy,A0N8Yar4,PUB;e3a090f5e8894de2823f0cded0ad1738,geoclassic83,strategy,3,1,1,0,0,2026-05-30T10:46:55+00:00,28,"DarkKnight SOL 4H Strategy is an invite-only systematic trend-following strategy designed for SOLUSDT perpetual futures on the 4-hour timeframe.  This strategy is part of the DarkKnight 4H strategy series.  Compared with DarkKnight ETH 4H, which is positioned as the more stable core strategy, DarkKnight SOL 4H is designed as a higher-volatility, higher-return companion strategy. SOL generally produces larger price swings than ETH, which may create stronger trend opportunities, but also requires "
https://www.tradingview.com/script/bmIiC79T/,BTC 4H RSI + Bullish Engulfing,bmIiC79T,PUB;967d8296161a4fee91b9488fb8ea883a,RumdopfStocks,strategy,1,1,33,0,0,2026-05-30T09:24:56+00:00,28,"Long-Einstieg  RSI ist überverkauft (< 30) Es bildet sich eine bullische Engulfing Candle Einstieg bei Kerzenschluss der Engulfing Candle  Stop Loss  Unter dem Tief der Engulfing Candle Zusätzlich kleiner Puffer (z.B. 0,5 %)  Take Profit  Nächstes relevantes Volume High Mindestens Risk/Reward 1:2"
https://www.tradingview.com/script/IvMdQJNW-XMR-Grid-Bot-Long-Strategy/,XMR Grid Bot - Long Strategy,IvMdQJNW-XMR-Grid-Bot-Long-Strategy,PUB;81e0aba3c9734b19b83a36771b032871,3Commas,strategy,1,1,26,0,0,2026-05-30T09:12:34+00:00,28,"XMR Grid Bot — Long Strategy  🔷 What it does: This is a long-only price-grid strategy that harvests volatility on XMR / USDT through repeated round-trips on a pre-defined ladder of price levels between two fixed bounds. Each level is an independent slot: when price crosses down through a level, the strategy opens one slot; when price subsequently crosses up through the level immediately above, that slot is closed for a fixed round-trip profit. The grid is generated geometrically by default, so s"
https://www.tradingview.com/script/TJDBQsXT/,JAOMAEMONE PRO.V1,TJDBQsXT,PUB;1b86e33e21cd4a2eb5c6e989ba37e4cd,Preem_tdv,strategy,3,1,11,0,0,2026-05-30T08:53:40+00:00,28, 🟢 BUY Signal เมื่อปรากฏสัญญาณ BUY สีเขียว สามารถพิจารณาเข้า Buy ตามแผนการเทรดของตนเอง  🔴 SELL Signal เมื่อปรากฏสัญญาณ SELL สีแดง สามารถพิจารณาเข้า Sell ตามแผนการเทรดของตนเอง  แนวทางการออกออเดอร์  ✅ เข้าเมื่อมีสัญญาณ BUY / SELL  ✅ เน้นเก็บกำไรระยะสั้น (Scalping)  ✅ สามารถปิดกำไรบางส่วนหรือปิดทั้งหมดเมื่อพอใจในกำไร  ✅ ใช้ Stop Loss ตาม Money Management ของแต่ละบุคคล  ✅ ไม่แนะนำให้เพิ่มไม้แก้ทาง (Martingale)  ⸻  เหมาะสำหรับ  * เทรดทองคำ (XAUUSD) * สาย Scalping * สาย Day Trade * ผู้ที่ชอบเข้าออกหลา
https://www.tradingview.com/script/Lyxzvbep-Sniper-Hybrid-3-Step-Scaling-Exit-Shivang/,Sniper Hybrid - 3-Step Scaling Exit- Shivang,Lyxzvbep-Sniper-Hybrid-3-Step-Scaling-Exit-Shivang,PUB;df60edff49254cb08e94d8016535fa37,senthimurugan,strategy,3,1,1,0,0,2026-05-30T04:37:34+00:00,28,"OverviewThe Sniper Hybrid is a trend-following momentum strategy designed for disciplined traders who want to capitalize on strong market extensions while systematically locking in profits. Instead of risking an all-or-nothing exit, this strategy utilizes a precise 3-step scaling take-profit matrix combined with a dual-layer risk management defense mechanism.How It Works1. Entry Logic (The Hybrid Filter)To prevent getting chopped up in sideways markets, the strategy uses a multi-indicator confir"
https://www.tradingview.com/script/scAHJlgx-Money-Mike-MACD-RSI-Watchlist-MTF-Strategy/,Money Mike MACD & RSI Watchlist (MTF) Strategy,scAHJlgx-Money-Mike-MACD-RSI-Watchlist-MTF-Strategy,PUB;9d081f17791842a991e5b45e761702d5,michaellitton16,strategy,1,1,22,0,0,2026-05-30T04:30:08+00:00,28,A scanner for your fav technicals for up to 10 tickers by Money Mike from SWJ Family 
https://www.tradingview.com/script/74HrzKo6-Gold-NY-Open-ORB-v11-Ahmed/,Gold NY Open ORB v11 Ahmed,74HrzKo6-Gold-NY-Open-ORB-v11-Ahmed,PUB;8b0850c2a21344839e52ed9ed109206a,YukozB,strategy,1,1,33,0,0,2026-05-29T23:26:28+00:00,28,"---  **Gold NY Open Range Breakout v11 — XAUUSD**  A higher-octane version of the NY ORB framework. Trades both directions, wider filters, higher position sizing — built for traders who accept larger drawdowns in pursuit of bigger monthly returns.  **Logic** - **13:00–14:00 UTC** — Builds the Open Range (OR) high/low - **14:00–18:00 UTC** — Extended entry window; enters long on breakout above OR high or short on breakdown below OR low - **Compression filter** — OR must be ≤ 3.5× ATR(14) — wider "
https://www.tradingview.com/script/FJZvYKaB-Gold-NY-ORB-v19-Close-20-00/,Gold NY ORB v19  Close 20:00,FJZvYKaB-Gold-NY-ORB-v19-Close-20-00,PUB;57a5448ea08448dfaf8208f8bdd1c388,YukozB,strategy,1,1,57,0,1,2026-05-29T23:17:18+00:00,28,"---  **Gold NY Open Range Breakout v19 — XAUUSD**  Captures Gold's directional expansion at the New York session open. Long-only, reflecting Gold's structural bullish bias. No overnight holds.  **Logic** - **13:00–14:00 UTC** — Defines the Open Range (OR) high/low during the London/NY overlap - **14:00–16:30 UTC** — Enters long on a confirmed breakout above the OR high with volume > 1.5× average - **Compression filter** — OR must be ≤ 2.5× ATR(14). Tight range = coiled spring - **Regime filter**"
https://www.tradingview.com/script/uBsmqY94-RSI-2-Mean-Reversion-NQ1/,RSI 2 Mean Reversion NQ1 ,uBsmqY94-RSI-2-Mean-Reversion-NQ1,PUB;6f75b47486ff4d18a772cfda10ee8789,tj_g,strategy,2,1,7,0,0,2026-05-29T22:16:25+00:00,28,"Claude made this:  The 2-period RSI is hypersensitive to short-term pullbacks. When NQ drops hard enough to push RSI(2) below 10, it's historically mean-reverted ~71% of the time. The 200 SMA filter is critical — it eliminates shorts that could be trending breakdowns and keeps you on the right side of the macro trend. The ATR stop and time-based exit (20 bars) were added on top of Connors' original rules to manage the ~29% of losers more tightly."
https://www.tradingview.com/script/jZkhTrFG-BTMM-Market-Maker-Cycle/,BTMM - Market Maker Cycle,jZkhTrFG-BTMM-Market-Maker-Cycle,PUB;f116ae4b3424421db52cd65e46cd1c06,genius-chart,strategy,3,1,12,0,5,2026-05-29T21:30:38+00:00,28,"Beat the Market Maker (BTMM) - Market Maker Cycle. A faithful Pine v6 build of Steve Mauro's BTMM method, distilled from the full Bootcamp.  The 3-phase market-maker cycle: accumulation in the Asian range, manipulation / stop-hunt at the London open, distribution and the New York reversal. The condiment EMAs (13 = ketchup trigger, 50 = mayo balance line, 200, 800 = Fred grade). ADR exhaustion zones (price meeting/exceeding the Average Daily Range = reversal zone). M and W formations (double top "
https://www.tradingview.com/script/oSV81CXs-VWAP-SD2-Reversion-Long/,VWAP SD2 Reversion (Long),oSV81CXs-VWAP-SD2-Reversion-Long,PUB;9311bedd3639483ca185a63f1f921571,jswapnil,strategy,1,3,36,0,1,2026-05-29T21:21:08+00:00,28,"A patient, momentum-confirmed dip buyer that fades stretches below the session VWAP and targets a return to the mean.  The idea Intraday price tends to oscillate around its volume-weighted average price (VWAP). When price extends a full two standard deviations below the session VWAP, it is statistically stretched and often springs back toward the average. This strategy is built to capture that snap-back, but it deliberately does not buy the dip blindly. A stretched market can keep falling, so th"
https://www.tradingview.com/script/rpJ2YBY4-Fair-value-gap-reversal/,Fair value gap reversal,rpJ2YBY4-Fair-value-gap-reversal,PUB;ec0bf412acc6497cac28794883ca904d,QuantByBoji,strategy,2,1,6,0,0,2026-05-29T19:58:05+00:00,28,"Fair Value Gaps, Order Blocks, and Smart Money Concepts have become extremely popular among traders in recent years. Rather than building a complex system with multiple confirmations, I wanted to create a simpler and more objective version focused solely on Fair Value Gaps.  This strategy is a multi-timeframe Fair Value Gap (FVG) fill reversal strategy. It identifies bullish and bearish Fair Value Gaps on the 15-minute timeframe and projects those zones onto the execution timeframe.  A bullish F"
https://www.tradingview.com/script/7VaVDKeE-Smart-Trader-Final-Episode-AI-Assisting-Geometric-Strategy/,"Smart Trader, Final Episode, AI-Assisting Geometric Strategy",7VaVDKeE-Smart-Trader-Final-Episode-AI-Assisting-Geometric-Strategy,PUB;eb6211064c824860a8205c2f3fabab1d,ata_sabanci,strategy,3,12,1498,0,131,2026-05-29T18:48:32+00:00,29,"Introduction   The triangle is one of the oldest and most fundamental shapes in geometry. With three sides, three angles, and an inherently stable structure, triangles have been used throughout history to study ratio, direction, balance, and the relationships between points in space. From early measurement techniques to classical geometry, the triangle became a simple yet powerful language for describing how points relate to one another. This strategy brings that geometric idea into a trading fr"
https://www.tradingview.com/script/id8IPHdu/,CASCADE DCA - Spot Long Strategy,id8IPHdu,PUB;e670ace2f0c64d6497d10194cfb01a8e,neurodoc,strategy,1,4,36,0,0,2026-05-29T18:17:16+00:00,29,"# CASCADE DCA 🌊 — Spot Long Strategy ### Intelligent accumulation with dynamic exits. No RSI. No guesswork.  ---  ## What is CASCADE DCA?  Most DCA strategies buy blindly at fixed intervals. CASCADE DCA is different — it only buys when the price is **consolidating at support**, not in free fall. It scales in with increasing position sizes as price drops, then exits when the bullish impulse is fully exhausted.  The result: high win rates, low drawdowns, and exits timed to capture the full bounce "
https://www.tradingview.com/script/VnjaAMUZ-Quick-Scalping-Stock-Picker-VWAP-RVOL-Breakout-v3/,Quick Scalping Stock Picker - VWAP RVOL Breakout v3,VnjaAMUZ-Quick-Scalping-Stock-Picker-VWAP-RVOL-Breakout-v3,PUB;13170b870a2946a8ba1470604df33618,yaserbakkar,strategy,1,1,9,0,0,2026-05-29T17:44:51+00:00,29,Great RSI Great RSIGreat RSIGreat RSIGreat RSIGreat RSI  Great RSIGreat RSI  Great RSI  Great RSI
https://www.tradingview.com/script/cOqdWYBd-TraderStash-MGC-2-Min-VWAP-Std-Dev-Zone-Breakout/,TraderStash MGC 2-Min VWAP Std Dev Zone Breakout,cOqdWYBd-TraderStash-MGC-2-Min-VWAP-Std-Dev-Zone-Breakout,PUB;6e5a7296ed424d71b219630ce5f90663,traderstash,strategy,3,1,0,0,0,2026-05-29T17:34:18+00:00,29,"Designed for 50k Funded Accounts. The MGC 2-Min VWAP Std Dev Zone Breakout is an invite-only TradingView strategy designed to help traders visualize VWAP-based standard deviation zones and identify potential breakout conditions on Micro Gold futures.  The script builds a VWAP and standard deviation zone from a custom session reset time, currently set around the 6:00 PM New York futures session open. It plots the VWAP, upper deviation band, lower deviation band, and zone midpoint directly on the "
https://www.tradingview.com/script/EwD8CKfj-TraderStash-MGC-15M-CRT-with-Filters/,TraderStash MGC 15M CRT with Filters,EwD8CKfj-TraderStash-MGC-15M-CRT-with-Filters,PUB;03ba42ceba194d07a274dd96de477eb7,traderstash,strategy,3,1,1,0,0,2026-05-29T17:25:13+00:00,29,"Designed for 50k Funded Accounts. The MGC 15M CRT Strategy with 20 EMA Trend Filter is designed for Micro Gold futures on the 15-minute chart. The strategy looks for candle range trap style setups during the New York morning session and uses a EMA trend filter to help avoid taking trades against the current short-term direction.  The script includes adjustable max dollar risk per trade, MGC point value, minimum risk/reward requirement, EMA length, entry session, and force-flat time. Position siz"
https://www.tradingview.com/script/TITImaWJ-MGC-2-Min-VWAP-Std-Dev-Zone-Breakout/,MGC 2-Min VWAP Std Dev Zone Breakout,TITImaWJ-MGC-2-Min-VWAP-Std-Dev-Zone-Breakout,PUB;76ca45ac8f0546cbb4bc90d5af2acb97,traderstash,strategy,3,1,1,0,0,2026-05-29T17:01:56+00:00,29,MGC 2-Min VWAP Filtered Std Dev Zone Breakout this Strategy Uses VWAP and STD DEV to find breaks out in the NY AM session only signaling trades when certain criteria is met.
https://www.tradingview.com/script/hIJ5hofN-NIFTY-PRO-ELITE-AI-STRATEGY/,NIFTY PRO ELITE AI STRATEGY,hIJ5hofN-NIFTY-PRO-ELITE-AI-STRATEGY,PUB;aa3eb29bb8c94a36bf796f890f726e45,kumbhanivishal,strategy,2,1,20,0,0,2026-05-29T16:55:02+00:00,29,"NIFTY PRO ELITE AI STRATEGY — Complete Strategy Description   This strategy is a trend-following breakout system designed for NIFTY Intraday and Swing Trading. It combines trend, momentum, volatility, and institutional participation filters to avoid low-quality trades."
https://www.tradingview.com/script/MyuUXFMc-BTCUSD-4H-EMA-Swing-Strategy/,BTCUSD 4H EMA Swing Strategy,MyuUXFMc-BTCUSD-4H-EMA-Swing-Strategy,PUB;b11a68b271d341b7baa65366da5d1e02,StockHunter2025,strategy,1,1,41,0,0,2026-05-29T14:03:20+00:00,29,"BTCUSD 4H Crypto Swing Strategy is a Bitcoin swing trading strategy designed for the 4H timeframe. It uses a 200-period EMA trend filter with an anti-whipsaw buffer to avoid false entries when price is moving too close to the EMA. The strategy enters long when Bitcoin confirms a bullish move above the EMA 200 buffer, and enters short when price confirms a bearish move below the EMA 200 buffer.  The strategy also includes RSI, MFI and MACD-based buy/sell signals from the original Crypto Swing ind"
https://www.tradingview.com/script/BmhiKSn5/,Strategy 3-5 M OFM vI,BmhiKSn5,PUB;6178ec47dee0428e9611ae2c519ffb8d,oscarfm100,strategy,3,1,1,0,0,2026-05-29T13:35:36+00:00,29,"Strategy 3-5 M OFM vI Estrategia de trading intradía diseñada para operar en gráficos de 3 a 5 minutos. Detecta automáticamente un patrón de velas consecutivas en la misma dirección, generando una señal de entrada en la dirección contraria al movimiento previo. La estrategia puede operar durante la sesión de Londres y Nueva York, siendo el horario de ambas sesiones completamente configurable por el usuario según su zona horaria o preferencias. Evita el ruido de las horas de baja liquidez y cierr"
https://www.tradingview.com/script/b3BoIanf/,DarkKnight ETH 4H Strategy,b3BoIanf,PUB;61fb37045f9b4b5e96b926785860b932,geoclassic83,strategy,3,3,2,0,0,2026-05-29T12:42:55+00:00,29,"DarkKnight ETH 4H Strategy is a trend-following strategy designed specifically for ETHUSDT perpetual futures on the 4-hour timeframe.  This strategy is built for traders who prefer a systematic, rule-based approach rather than emotional discretionary trading. It aims to capture meaningful ETH trend movements while filtering out low-quality signals and avoiding excessive overtrading.  Core Concept  DarkKnight ETH 4H is not a scalping system. It is designed to identify higher-quality long and shor"
https://www.tradingview.com/script/qZQbNrUO-Hidden-Whale-Flow-Strategy-IBIT-Tracker-Code-Master-AMNE/,Hidden Whale Flow Strategy IBIT Tracker Code Master AMNE,qZQbNrUO-Hidden-Whale-Flow-Strategy-IBIT-Tracker-Code-Master-AMNE,PUB;8d76b332edf340f58e8d8525c0c6a81b,C0de_Master,strategy,2,1,66,0,1,2026-05-29T10:41:01+00:00,29,"   🐋 HIDDEN WHALE FLOW   — IBIT Tracker © C0de_Master   ═══════════════════════════════════════════════════════════  A complete BTC trading strategy that detects hidden institutional accumulation through cross-market liquidity analysis between spot Bitcoin and BlackRock's IBIT ETF. Features automated entries, smart confirmed exits, trailing stop protection, and webhook support for bot automation.  ───────────────────────────────────────────────────────────  🧠 THE CORE IDEA  Most BTC strategies a"
https://www.tradingview.com/script/Ab8n9Rx5-LTC-RSI-Oversold-Doubling-DCA-Long-Strategy/,LTC RSI Oversold Doubling DCA - Long Strategy,Ab8n9Rx5-LTC-RSI-Oversold-Doubling-DCA-Long-Strategy,PUB;f6c5a331577547edb33e276f8abe82b8,3Commas,strategy,1,1,10,0,0,2026-05-29T09:27:35+00:00,29,"LTC RSI Oversold Doubling DCA — Long Strategy  🔷 What it does: This is a long-only DCA strategy with an extremely selective entry filter and an aggressive martingale safety-order ladder. A long entry opens only when the 4-hour RSI falls below 29 AND the close price is below a configurable ceiling ($61 by default). Four safety orders fire at fixed deviations from base entry (−2.5%, −5%, −10%, −20%) with sizes doubling on every rung ($2,000 → $4,000 → $8,000 → $16,000). Exit is a wide 35% Take Pro"
https://www.tradingview.com/script/sPNx5Z74/,Percent Supertrend Strategy (Long Only),sPNx5Z74,PUB;1d5fca01d060477e8c78baa26cc36bc9,MeinnameaufXYZ,strategy,1,1,17,0,0,2026-05-29T07:18:01+00:00,29,"Diese Strategie ist eine trendfolgende Trading-Logik, die sich optisch und strukturell am klassischen Supertrend-Indikator orientiert. Der entscheidende Unterschied besteht darin, dass statt der Average True Range (ATR) ein prozentualer Abstand zum Preis verwendet wird, um die Trendgrenzen zu berechnen.  Die Strategie bildet eine dynamische obere und untere Bandstruktur basierend auf einem festen prozentualen Abstand zum Mittelpreis (HL2). Diese Bänder wirken als adaptive Support- und Resistance"
https://www.tradingview.com/script/PDUqNlVa-BBWP-MACD-EMA-Trend-Strategy/,BBWP + MACD + EMA Trend Strategy,PDUqNlVa-BBWP-MACD-EMA-Trend-Strategy,PUB;e60f02a7fdaf427c8b0f939fb3f1916c,jayentriken,strategy,1,1,6,0,0,2026-05-29T06:38:22+00:00,29,"//  BBWP + Stoch RSI + EMA Trend LONG Strategy //  Designed for 4H timeframe - highly adjustable //  Entry - BBWP expansion (BBWP), Trend (slow/fast ema correlation), Momentum (Stoch RSI cross) //  Exit - BBWP extremes, Momentum OR trailing SL"
https://www.tradingview.com/script/KQWERKPi-Q-STS-Backtester/,Q-STS Backtester,KQWERKPi-Q-STS-Backtester,PUB;456a9ea8e477422a9cc1b7d150f0f883,TrendlineProject,strategy,3,7,9,0,0,2026-05-29T06:19:12+00:00,29,"📊 WHAT IS Q-STS BACKTESTER?  Q-STS Backtester is the strategy version of Quantum STS. It runs the same session fakeout logic on historical data so you can measure the edge before trading it live.  Price frequently sweeps beyond session highs and lows before reversing. Q-STS Backtester simulates entries at configurable offsets beyond each session's high and low, calculates results against your defined stop and take profit, and reports the outcome through TradingView's built-in strategy tester.  C"
https://www.tradingview.com/script/GDcSJIo9-EMA-Ride-V2-Strategy/,EMA Ride V2 Strategy,GDcSJIo9-EMA-Ride-V2-Strategy,PUB;d9377262ebf74acfbe5eedc1ada5c69e,ashishpearce23,strategy,1,1,6,0,0,2026-05-29T06:13:43+00:00,29,"Pull back on Momentum for centry and continuation. Enter in stage 2 when pull back to ema 9, SL breach of EMA 21 for short term, or tighten to previous day low candle if going ultra short-term. Move SL to cost / 9 EMA post 5-8% run. "
https://www.tradingview.com/script/5hKvRnkk-near-st-1h-by-ltgs/,NEAR ST 1h by LTGS,5hKvRnkk-near-st-1h-by-ltgs,PUB;f54bde305feb4b7e89b71d07fb0f2d99,ltgs,strategy,2,1,24,0,0,2026-05-29T04:44:29+00:00,29,"RUS\ENG Стратегия для Near, на таймфрейм 1 час. Стратегия основана на объёме продавца\покупателя.  ВАЖНО: 1. Использовать свечи хейкенаши 2. Использовать на графике Nearusdt spot Bybit 3. В настройках стратегии, выбрать пирамидинг 10  Strategy for NEAR on the 1-hour timeframe. The strategy is based on buyer/seller volume. IMPORTANT: Use Heikin Ashi candles. Use the NEARUSDT Spot chart on Bybit. In the strategy settings, set pyramiding to 10."
https://www.tradingview.com/script/FbxSjrcu-Ahlenaz/,Ahlenaz,FbxSjrcu-Ahlenaz,PUB;5c63d90db4d44309a831aabc962d0c3d,alirichh,strategy,1,1,5,0,0,2026-05-29T03:14:11+00:00,29,"Mr. Ramtin, how are you doing my brother? This indicator will help you analyze thhe market and grow your trading powers."
https://www.tradingview.com/script/cQKg31WV-ICT-IFVG-Futures-Strategy-RivetAlgo/,ICT IFVG Futures Strategy [RivetAlgo],cQKg31WV-ICT-IFVG-Futures-Strategy-RivetAlgo,PUB;bad1d400a8304eac815e271c65022065,RivetAlgo,strategy,3,1,7,0,3,2026-05-29T01:57:30+00:00,29,"ICT IFVG Futures Strategy   is a closed-source strategy built around liquidity sweeps, market structure shifts, and Inversion Fair Value Gap (IFVG) confirmation.  The strategy looks for price to sweep key intraday liquidity, confirm directional intent through market structure, and then use IFVG-based retracement logic to identify potential trade entries.  Core components include liquidity sweep detection, MSS confirmation, IFVG entry zones, session filtering, and predefined stop-loss / take-prof"
https://www.tradingview.com/script/pX2ZFAxS-Simple-Breakout-Strategy-santana/,Simple Breakout Strategy santana,pX2ZFAxS-Simple-Breakout-Strategy-santana,PUB;35d6b948bc484493ac107d5dce1d7729,rsantanabooking,strategy,1,1,1,0,0,2026-05-29T00:58:25+00:00,29,"Compiles cleanly, has fewer conditions, still captures breakout logic"
https://www.tradingview.com/script/iBDdbEvy-TImeframed-Variable-MA-Breakout/,TImeframed Variable MA Breakout,iBDdbEvy-TImeframed-Variable-MA-Breakout,PUB;1a6cd0abc4dd471b90283c79d4327101,AlgoPulse_Research,strategy,2,3,4,0,0,2026-05-28T21:13:19+00:00,29,"Timeframed Variable MA Breakout Strategy    This is a hybrid approach that combines pivot point reversal entries with a variable moving average for trend filtering and exits. It was originally developed for NAS100 on the hourly timeframe, but the parameters can be adjusted for other liquid markets. How It Works: The core is built around a Variable Moving Average that calculates directional movement indicators and applies exponential smoothing to create an adaptive trend filter. Unlike fixed peri"
https://www.tradingview.com/script/MFD0vKV1-perfect-trade-xauusd-pro-autoindicator-v11-0-strategy/,Perfect Trade XAUUSD PRO Autoindicator v11.0 Strategy,MFD0vKV1-perfect-trade-xauusd-pro-autoindicator-v11-0-strategy,PUB;b4edb4573188454889771bbe4f0a27e2,Andrey_Flow,strategy,3,4,4,0,0,2026-05-28T20:47:53+00:00,29,"Perfect Trade XAUUSD PRO Autoindicator v11 Strategy is a closed-source TradingView strategy created for GOLD / XAUUSD analysis, signal testing and historical performance review.  The strategy is based on the same logic as Perfect Trade XAUUSD PRO Autoindicator v11. It uses timeframe-specific models, market structure analysis, support and resistance zones, breakout and false breakout logic, pullbacks, liquidity sweeps, impulse detection, volatility filters and multi-timeframe confirmation.  The m"
https://www.tradingview.com/script/DZ81TJie/,AetherEdge - Triaxial Consensus Strategy,DZ81TJie,PUB;7d8a76efbdef4675942e8251baa7f968,AetherEdge,strategy,1,1,279,0,0,2026-05-28T19:00:03+00:00,29,"🖊️ Overview  AE-TRIAX-S is the full strategy version of AE-TRIAX's triaxial consensus engine. Three independent analysis axes (Trend, Momentum, Volatility) and five AI/ML/RL layers (adaptive axis weights, regime classifier, MTF alignment, Q-learning thresholds, Confidence%) self-tune per instrument, paired with a complete trade management stack: smart position sizing, 3-tier TP management, partial close + breakeven, intelligent trailing, drawdown protection, and webhook alerts. Optimized for hig"
https://www.tradingview.com/script/erQTjtzV-El-Roi-by-Dr-Sley/,El-Roi by Dr Sley,erQTjtzV-El-Roi-by-Dr-Sley,PUB;da327cea17c1421e88243f9bd870e36c,elroihadriel,strategy,2,1,1,0,0,2026-05-28T17:07:08+00:00,29,Professional NY Open Breakout Pullback Strategy V3 — Full Strategy Description Strategy Overview This Pine Script strategy is a professional intraday momentum trading system designed specifically for the New York market open using the 5-minute timeframe.  The strategy combines:  Opening Range Breakout Pullback Confirmation SMA Trend Filtering Dynamic Risk Management Partial Profit Taking Break-Even Protection Reversal Candle Exits The objective is to capture institutional momentum during the hig
https://www.tradingview.com/script/9YUg1eA2-VCGZ-BOT-CLEAN-v3-3-Stable-Scored/,VCGZ BOT CLEAN v3.3 - Stable Scored,9YUg1eA2-VCGZ-BOT-CLEAN-v3-3-Stable-Scored,PUB;3ebefcbe0e6b48d9a3b62fdb0643ec21,NQ370,strategy,1,1,33,0,1,2026-05-28T16:53:46+00:00,30,"VCGZ BOT CLEAN v3.3 is a Volume Confirmed Golden Zone strategy using 15m EMA/RSI bias with 5m execution. It detects impulse moves, waits for a 0.618–0.650 retrace, requires confirmation candle strength, rejection/sweep behavior, local trend alignment, and volume confirmation. Each setup is scored 1–5, with trades triggering only at the selected minimum score. Includes entry-only JSON alerts for bot execution and clean chart labels showing side, score, entry, stop, and TP1."
https://www.tradingview.com/script/7SSRGEbI-Drop-s-Opening-Range-Breakout-ORB/,Drop's Opening Range Breakout (ORB),7SSRGEbI-Drop-s-Opening-Range-Breakout-ORB,PUB;32d3f7c084634182b102099d13d4fe82,drop_trades,strategy,1,1,347,0,2,2026-05-28T15:03:23+00:00,30,"Overview   Drop's Opening Range Breakout (DORB)  is an institutional-grade intraday trading strategy built on classical Opening Range Breakout principles, but heavily upgraded with professional quant risk management and entry filters.   While standard ORB strategies suffer from high slippage, fakeouts, and afternoon chop, DORB solves these issues using a pullback limit-order mechanism, macro daily trend alignment, and dynamic risk parity sizing.   This strategy is shared  100% free  for the comm"
https://www.tradingview.com/script/LJ3CSvnn/,XAU Trend leaderV6,LJ3CSvnn,PUB;dc6726d7b12a4ff29164e21ca0780b8c,BGT888,strategy,3,1,3,0,3,2026-05-28T13:42:41+00:00,30,"""I use it to find intraday trading signals and share my knowledge with everyone. Thank you."""
https://www.tradingview.com/script/wH09xo7H/,Trend leaderV6,wH09xo7H,PUB;18c3d1d2c681464385aa1c2bf3d6bcc8,BGT888,strategy,3,3,0,0,0,2026-05-28T09:46:17+00:00,30,"""I use it to find intraday trading signals and share my knowledge with everyone. Thank you."""
https://www.tradingview.com/script/LBcj22se-Trend-Pulse-OBV/,Trend Pulse OBV,LBcj22se-Trend-Pulse-OBV,PUB;6ce04ee1c0354ccca19d20fa91e44397,ADXAE,strategy,1,1,21,0,0,2026-05-28T09:08:50+00:00,30,Trend Pulse OBV Strategy  Trend Pulse OBV is an educational long-only strategy designed to study trend-channel breakouts that are confirmed by volume flow and a higher-level regime filter.  The strategy combines three main ideas:  1. A Trend Pulse Channel breakout. 2. OBV confirmation using On-Balance Volume relative to its EMA. 3. A regime filter using price relative to an EMA.  The purpose of the script is to test whether upside breakouts above an adaptive channel are more selective when confi
https://www.tradingview.com/script/vJc6IOTz-Trend-Pulse-Channel-Strategy/,Trend Pulse Channel Strategy,vJc6IOTz-Trend-Pulse-Channel-Strategy,PUB;83d6be3cc9d84d35998c7326477049a2,ADXAE,strategy,1,2,295,0,0,2026-05-28T09:04:00+00:00,30,"Trend Pulse Channel Strategy  Trend Pulse Channel Strategy is an educational trend-following strategy designed to study breakout entries above an adaptive multi-pole price channel.  The strategy builds a smoothed trend filter from the selected source price and then creates an upper and lower channel using a filtered true-range calculation. The goal is to study whether price breaking above the upper channel can represent bullish trend expansion, and whether price falling back below the upper chan"
https://www.tradingview.com/script/Jrbbl8HM-bitcoin-vectorflow-htf/,Bitcoin VectorFlow HTF,Jrbbl8HM-bitcoin-vectorflow-htf,PUB;0890a7caee17451eb2bfe303a6c1e469,golovine1987,strategy,3,2,2,0,0,2026-05-28T08:56:19+00:00,30,"Bitcoin VectorFlow HTF is a trend-following strategy designed for Bitcoin and other high-volatility cryptocurrency markets using synchronized multi-timeframe analysis.  The strategy focuses on identifying directional continuation opportunities during established market phases by combining adaptive momentum filtering, higher-timeframe trend structure analysis, and dynamic pullback confirmation logic.  Its core architecture is optimized specifically for Bitcoin market behavior, liquidity flow, and"
https://www.tradingview.com/script/JtopWlYQ-RSI-Oversold-AO-Long-Strategy/,RSI Oversold AO - Long Strategy,JtopWlYQ-RSI-Oversold-AO-Long-Strategy,PUB;e4d6f6d4f28b4ec7a2e5a4810970d60c,3Commas,strategy,1,1,26,0,0,2026-05-28T07:02:55+00:00,30,RSI Oversold AO — Long Strategy  🔷 What it does: This is a long-only DCA strategy that buys oversold dips and continues averaging into them only while the asset stays in the oversold zone. A long entry opens on a lower-timeframe RSI crossing down through 30. Four safety orders then average the position on an aggressive 2× deviation × 2× size ladder — but each one fires only if the lower-timeframe RSI is still below 25 at that moment. No falling-knife averaging into recovering momentum. Exit is a
https://www.tradingview.com/script/cz5KaioF-EMA-40-Pullback-Pyramid-Strategy/,EMA 40 Pullback Pyramid Strategy,cz5KaioF-EMA-40-Pullback-Pyramid-Strategy,PUB;7afd09b42e734bf8b173975c0bd81aa0,ADXAE,strategy,1,1,37,0,0,2026-05-27T18:42:47+00:00,30,"EMA 40 Pullback Pyramid Strategy  EMA 40 Pullback Pyramid Strategy is an educational trend-following strategy designed to study long-side entries around a rising 40-period Exponential Moving Average, with optional pullback re-entry logic, ADX trend-strength filtering, and EMA cross-based entry/exit conditions.  This is a strategy script, not a prediction tool and not financial advice. It is intended for research, backtesting, and forward-testing only. Historical results are hypothetical and can "
https://www.tradingview.com/script/LpKcMw4W-Momentum-Continuation-ATR-Trade-Logic1019-v1/,Momentum Continuation ATR [Trade_Logic1019] v1,LpKcMw4W-Momentum-Continuation-ATR-Trade-Logic1019-v1,PUB;b026ecf32e484d2f9dcc9aa40d68cd2d,Trade_Logic1019,strategy,2,1,5,0,0,2026-05-27T18:18:53+00:00,30,"Momentum Continuation ATR   v1  Overview Momentum Continuation ATR (MCA) v1 is a long-only research strategy designed to study continuation behavior during directional market environments using breakout expansion, trend alignment, ATR-based risk management, dynamic trailing behavior, and controlled campaign management. Rather than treating every breakout as equivalent, the strategy evaluates whether price is participating within a supportive trend and market environment before allowing new expos"
https://www.tradingview.com/script/pMOjQJwT/,ITF26 BB Fade SOL 1m,pMOjQJwT,PUB;4c58e97f6f03435abe0159732e8d833d,mariellangsaez,strategy,1,2,97,0,2,2026-05-27T10:17:23+00:00,30,"ITF26 B1 — BB Fade SOL 1m ═════════════════════════════════════════════════════════════  Este es el sistema que llevé al ITF26 Ibiza (21 mayo 2026) y con el que quedé 1ª y 2ª  en las rondas 1 y 2 y de 5ª de la general.  Lo publico tal cual lo opero, sin retoques post-torneo.  ──────────────────────────────────────────────────────────── QUÉ HACE ────────────────────────────────────────────────────────────  Mean reversion intradía sobre BITGET:SOLUSDT.P en 1 minuto / 5 minutos.  Opera UN solo bloq"
https://www.tradingview.com/script/aovTOo6I-XAUUSD-RSI-Long-Short-Backtest/,XAUUSD RSI Long + Short Backtest,aovTOo6I-XAUUSD-RSI-Long-Short-Backtest,PUB;d25b89748f964557ac0dc8defa01ac53,sujonabushaid,strategy,1,1,23,0,0,2026-05-27T09:32:51+00:00,30,It will trade automatically with the RSI movement you can give a try 
https://www.tradingview.com/script/WTvOUjFA-Order-Block-Strategy/,Order Block Strategy,WTvOUjFA-Order-Block-Strategy,PUB;94dfed3d5a21403291948fc2fbeb77ee,vinay_poojary,strategy,1,1,59,0,0,2026-05-27T08:38:30+00:00,30,"Order Block Strategy  🎯  Overview  This strategy automates the detection of Order Blocks (Institutional Supply & Demand Zones) using swing pivot highs and lows. It provides clear visual zone plotting and executes trades when price mitigates these zones, protecting your capital via adaptive risk management tools.Unlike static strategies, this system includes dual risk management logic (ATR-based and Percentage-based), allowing you to trade safely across highly volatile crypto assets, forex pairs,"
https://www.tradingview.com/script/ABkXz6BY-LINK-Grid-Bot-Long-Strategy/,LINK Grid Bot - Long Strategy,ABkXz6BY-LINK-Grid-Bot-Long-Strategy,PUB;01584a3075df46bfa73d6727228234e4,3Commas,strategy,1,1,8,0,0,2026-05-27T08:08:58+00:00,30,"LINK Grid Bot — Long Strategy  🔷 What it does: This is a long-only price-grid strategy that harvests volatility on LINK / USDT through repeated round-trips on a pre-defined ladder of price levels between two fixed bounds. Each level is an independent slot: when price crosses down through a level, the strategy opens one slot; when price subsequently crosses up through the level immediately above, that slot is closed for a fixed round-trip profit. The grid is generated geometrically by default, so"
https://www.tradingview.com/script/zO9U9Ste-Wave-Extractor-X-Strategy/,Wave Extractor X Strategy,zO9U9Ste-Wave-Extractor-X-Strategy,PUB;5812caadba4b400cb39a2132454a96fd,AlgoChief,strategy,3,2,3,0,0,2026-05-27T07:40:49+00:00,30,"Wave Extractor X Strategy is a rule-based, session-driven trading  system designed for index derivatives and liquid instruments.  It is optimized for the 15-minute timeframe and performs best  on instruments with structured intraday price movement.   This script is published as an invite-only script to protect the  proprietary implementation developed exclusively for this strategy.  The underlying logic is original and not based on any publicly  available open-source code.  ─────────────────────"
https://www.tradingview.com/script/o9vI0na2-Dual-Supertrend-Strategy/,Dual Supertrend Strategy,o9vI0na2-Dual-Supertrend-Strategy,PUB;097cf3dbfa4d46f0ba099364cf1227ca,deepaknesarikar,strategy,2,2,3,0,0,2026-05-27T07:08:56+00:00,30,A systematic trading strategy built to capture directional moves in Indices and Stocks using two Supertrend indicators with different ATR factor settings. Designed for disciplined intraday and positional execution with defined risk management and automation-ready trade signals.  SUMMARY  •  Applied On:  NIFTY / SENSEX / MIDCAP SELECT / STOCKS •  Timeframe:  15 Minute •  Position Type:  Credit Spread / Equity / Option Buying •  Strategy Type:  Trend Following •  Trade Duration:  Intraday / Positi
https://www.tradingview.com/script/ARp2fNeO-New-Era-Strategy-1-0/,New Era Strategy 1.0,ARp2fNeO-New-Era-Strategy-1-0,PUB;a3d5981228784e3786b29d77c5d6aeae,bprakaash,strategy,1,1,21,0,0,2026-05-27T07:01:23+00:00,30,"Based on EMA, HMA, RSI and CCI levels, finding some patterns and give signals based on levels. also indicates SL and Target levels."
https://www.tradingview.com/script/DL6lcNpT-TradeEdge-Strategy/, TradeEdge Strategy,DL6lcNpT-TradeEdge-Strategy,PUB;7541dd3eddf34d929ce5374a276f3e71,AlgoChief,strategy,3,1,7,0,2,2026-05-27T06:16:50+00:00,30,"TradeEdge Strategy is a price-action-based systematic trading model  designed specifically for index derivatives. It identifies confirmed  directional phases using a proprietary structured price progression  framework — without relying on any conventional lagging indicators  such as moving averages, RSI, or oscillators.  This script is published as an invite-only script to protect the  proprietary price progression logic developed exclusively for this  strategy. The underlying calculation method"
https://www.tradingview.com/script/3lKV68yI-Leaderboard-Optimizer-Engine/,Leaderboard Optimizer Engine,3lKV68yI-Leaderboard-Optimizer-Engine,PUB;1b01a8daab794dbda7cd3ce8b9ec25f3,Hamza_2030,strategy,2,1,2,0,0,2026-05-27T05:03:05+00:00,30,Leaderboard Optimizer EngineLeaderboard Optimizer EngineLeaderboard Optimizer Engine
https://www.tradingview.com/script/BzZOiRfd-InstitutionalCryptoCompoundingDaily/,InstitutionalCryptoCompoundingDaily,BzZOiRfd-InstitutionalCryptoCompoundingDaily,PUB;80c3139691a9483195b4aa789059ab7c,Hamza_2030,strategy,2,1,1,0,0,2026-05-27T04:41:46+00:00,30,InstitutionalCryptoCompoundingDaily InstitutionalCryptoCompoundingDaily
https://www.tradingview.com/script/yhoK9cH4-LL-Momentum-and-Curl-Master/,LL: Momentum and Curl Master,yhoK9cH4-LL-Momentum-and-Curl-Master,PUB;561a4540b4d14f56b4c68cd3cecade24,ycelestine77,strategy,1,1,10,0,0,2026-05-26T22:28:59+00:00,30,"Overview The LL: Momentum and Curl Master is a high-performance, multi-asset algorithmic strategy designed to capture clean momentum expansion phases on intraday timeframes (optimized for the 15-minute chart). Rather than relying on standard lagging indicator crossovers that decay heavily during sideways market noise, this strategy combines a directional velocity smoothing engine (""Curl"") with volume filters to ensure capital is only deployed when institutions are actively pushing the market.  T"
https://www.tradingview.com/script/lmwQ401H-Egils-ATS-Cross-Indicator-BACKTEST/,Egils ATS Cross Indicator [BACKTEST],lmwQ401H-Egils-ATS-Cross-Indicator-BACKTEST,PUB;76bebd3d405a407f8dac500824772964,husbyegil4,strategy,3,1,1,0,0,2026-05-26T20:21:49+00:00,30,Backtester for ATS swing v1 to find the best settings for the indicator
https://www.tradingview.com/script/8xHFaSpZ-Fair-Value-Gap-Strategy/,Fair Value Gap Strategy,8xHFaSpZ-Fair-Value-Gap-Strategy,PUB;bb661a32fef444cba0f52a5d8a575865,SadTrader9,strategy,1,1,11,0,0,2026-05-26T19:54:56+00:00,30,"This strat is just a decent template but it needs some touch ups and some more backtests to improve the sharpe ratio, right now it's sitting at about 30-39% win rate... But with ml code injections it could possibly skyrocket up tooooo give or take 50-65% win rate :P"
https://www.tradingview.com/script/RpYf7zzh-Elliott-Corrective-Waves-MACD-Divergence-Visual-Backtester/,Elliott Corrective Waves + MACD Divergence Visual Backtester,RpYf7zzh-Elliott-Corrective-Waves-MACD-Divergence-Visual-Backtester,PUB;6e473195dc5547bfbe158b1047fb3806,shaeilshinde,strategy,2,1,5,0,0,2026-05-26T18:17:42+00:00,31,Helps backtest complex waves with possible entry points
https://www.tradingview.com/script/SFnKkOyk-Swing-Breakout-Strategy-quant-core/,Swing Breakout Strategy (quant-core),SFnKkOyk-Swing-Breakout-Strategy-quant-core,PUB;0dd42356cd144d5aab2ae1d5c46c36c3,BitFundamental,strategy,1,1,19,0,0,2026-05-26T17:40:30+00:00,31,"A trend-continuation system for swing trading. It buys volume-confirmed breakouts to new multi-week highs — but only when the broader trend structure agrees, which filters out the low-quality breakouts that tend to fail.  Entry (all must align):  Close breaks above the prior 50-day high Volume ≥ 1.5× its 50-day average (conviction) Uptrend filter: price above both the 50- and 200-day MAs, with the 50-day above the 200-day (golden cross) Orders fill at the next bar's open (no same-bar lookahead)."
https://www.tradingview.com/script/agvrW15a-Chanchian-Strategy/,Chanchian Strategy,agvrW15a-Chanchian-Strategy,PUB;764f3ef73f8048b2a960fe848327ef4b,ullwood,strategy,3,1,1,0,0,2026-05-26T17:38:39+00:00,31,"Chanchian Strategy | Built for MNQ Renko Traders  The Chanchian Strategy was designed around one goal: keeping traders aligned with momentum while reducing unnecessary noise and overcomplication. Built and optimized specifically around MNQ (Micro Nasdaq Futures) behavior, it combines Renko structure, Donchian trend filtering, and adaptive Chandelier exits into a streamlined approach focused on staying with directional moves while avoiding many of the false shifts that can happen during intraday "
https://www.tradingview.com/script/fXKynmp0/,TT SNIPER ENTRY VIP,fXKynmp0,PUB;2ec01b3f753241848cb8dbd3bdff8633,ttimevip,strategy,3,2,2,0,0,2026-05-26T17:01:56+00:00,31,"TT Sniper Entry Vip  What this script is TT Sniper Entry Vip is a strategy script for educational backtesting and execution planning. It combines Ichimoku triggers, multi-timeframe trend context, RSI, session filters, and volatility checks, then maps stop-loss and target levels on chart.  Why this strategy is useful and not just a mashup This strategy has one integrated purpose: accept entries only when direction, momentum, and execution context agree.  Component roles in the same workflow: - Ic"
https://www.tradingview.com/script/Uumt0LDc-NQ-ORB-v10/,NQ ORB v10,Uumt0LDc-NQ-ORB-v10,PUB;55c22f61848b486b823f6fa85c5b7803,MesattoCapital,strategy,2,1,15,0,0,2026-05-26T16:52:19+00:00,31,"NQ ORB v10 — Strategy Description   🏗️ Core Methodology Opening Range Breakout (ORB)  Captures the high/low of the first N minutes after the 9:30 AM EST open as the anchor range Breakouts above or below this range trigger directional entries  Multi-Timeframe Confirmation  Entry requires a confirmed close on a 1, 3, or 5-min timeframe Eliminates false breakouts caused by wicks and noise  Partial Exit + Breakeven Engine  50% of position closes at TP1 Remaining half rides to full target with stop a"
https://www.tradingview.com/script/kDIlKgzm/,JAOMAEMONE PRO,kDIlKgzm,PUB;a2f0b3b7fd4c429894f7e95cae462ebe,Preem_tdv,strategy,3,1,54,0,2,2026-05-26T16:34:33+00:00,31,วิธีใช้งาน  🟢 BUY Signal เมื่อปรากฏสัญญาณ BUY สีเขียว สามารถพิจารณาเข้า Buy ตามแผนการเทรดของตนเอง  🔴 SELL Signal เมื่อปรากฏสัญญาณ SELL สีแดง สามารถพิจารณาเข้า Sell ตามแผนการเทรดของตนเอง  แนวทางการออกออเดอร์  ✅ เข้าเมื่อมีสัญญาณ BUY / SELL  ✅ เน้นเก็บกำไรระยะสั้น (Scalping)  ✅ สามารถปิดกำไรบางส่วนหรือปิดทั้งหมดเมื่อพอใจในกำไร  ✅ ใช้ Stop Loss ตาม Money Management ของแต่ละบุคคล  ✅ ไม่แนะนำให้เพิ่มไม้แก้ทาง (Martingale)  ⸻  เหมาะสำหรับ  * เทรดทองคำ (XAUUSD) * สาย Scalping * สาย Day Trade * ผู้ที่ชอ
https://www.tradingview.com/script/MmD8f47g/,JAOMAEMONE PRO,MmD8f47g,PUB;eebdb4c8181e44dfbbb881cf9ca1d9b2,Preem_tdv,strategy,3,1,5,0,0,2026-05-26T16:22:55+00:00,31,วิธีใช้งาน  🟢 BUY Signal เมื่อปรากฏสัญญาณ BUY สีเขียว สามารถพิจารณาเข้า Buy ตามแผนการเทรดของตนเอง  🔴 SELL Signal เมื่อปรากฏสัญญาณ SELL สีแดง สามารถพิจารณาเข้า Sell ตามแผนการเทรดของตนเอง  แนวทางการออกออเดอร์  ✅ เข้าเมื่อมีสัญญาณ BUY / SELL  ✅ เน้นเก็บกำไรระยะสั้น (Scalping)  ✅ สามารถปิดกำไรบางส่วนหรือปิดทั้งหมดเมื่อพอใจในกำไร  ✅ ใช้ Stop Loss ตาม Money Management ของแต่ละบุคคล  ✅ ไม่แนะนำให้เพิ่มไม้แก้ทาง (Martingale)  ⸻  เหมาะสำหรับ  * เทรดทองคำ (XAUUSD) * สาย Scalping * สาย Day Trade * ผู้ที่ชอ
https://www.tradingview.com/script/DN91Zdfx-oDho-PRO-Max-Macro-Switch-Strategy-MT5-Webhook/,oDho PRO Max - Macro Switch Strategy - MT5 Webhook,DN91Zdfx-oDho-PRO-Max-Macro-Switch-Strategy-MT5-Webhook,PUB;ecc0b2336d6d4daeaf5af2b47b1b1657,dodanhao,strategy,3,3,6,0,0,2026-05-26T15:49:09+00:00,31,"🤖  oDho PRO Max: The Institutional Execution Engine    The oDho Ecosystem reaches a new milestone. The oDho PRO Max Strategy is not just an indicator; it is an institutional-grade, multi-threaded execution engine. Born from the proprietary logic of the oDho Insight Core (Master Edition PRO Max), this bot is engineered to transform raw momentum data into precise, emotionless execution.  🧠  WHY PRO MAX IS THE NEW STANDARD  Most bots fail because they are ""static""—they fight the market. The PRO Max"
https://www.tradingview.com/script/bgUGQPCF-Inside-Bar-Market-Entry/,Inside Bar Market Entry,bgUGQPCF-Inside-Bar-Market-Entry,PUB;be1d778dd9c7493f959409455267085f,forexcitypro_leemeenal,strategy,3,1,5,0,0,2026-05-26T15:28:41+00:00,31,my first script   Advanced market structure and candlestick behavior analysis tool designed for discretionary and systematic traders.  This indicator combines: • trend direction filtering • liquidity sweep detection • candle confirmation logic • volatility-based filtering • smart momentum evaluation • multi-timeframe bias alignment • dynamic support/resistance zones • optional signal confirmation alerts  Built for traders who prefer clean charts and high-quality confirmations instead of excessiv
https://www.tradingview.com/script/7RrrwlYf-CM-S-Condition-Manager/,[CM][S] Condition Manager,7RrrwlYf-CM-S-Condition-Manager,PUB;35ff37bfcaff4e64a47f7ac6aa84a520,CDZV_TOOLKIT,strategy,2,2,9,0,0,2026-05-26T15:01:07+00:00,31,"Condition Manager — Strategy (Code Zero Visual Trading / CDZV)  The backtester at the centre of CDZV: it turns signals from your indicator modules into trades, with full control over sizing, exits, and risk — no Pine Script required.  OVERVIEW Code Zero Visual Trading (CDZV) lets you build a trading strategy on TradingView by wiring indicators together instead of writing code. The rules live in small signal modules — Condition Manager, State Machine, Switch, If-Then-Else, Sessions, Timer, Interv"
https://www.tradingview.com/script/ib0sdKaW-Katana-V5-Pro-FVG-50-Model-SietzeKlaas/,Katana V5 Pro FVG 50% Model [SietzeKlaas],ib0sdKaW-Katana-V5-Pro-FVG-50-Model-SietzeKlaas,PUB;9e91d5aae7c3481d941d7769da43d6d9,SietzeKlaas,strategy,1,1,45,0,0,2026-05-26T13:56:31+00:00,31,Only for backtest purpose.  You can adjust setting to see where the PnL is going and used it on Nas100
https://www.tradingview.com/script/Tl9RRJAT-RSI-Dip-EMA-Trend-Long-DCA-Strategy/,RSI Dip + EMA Trend Long DCA - Strategy,Tl9RRJAT-RSI-Dip-EMA-Trend-Long-DCA-Strategy,PUB;4e21c751a380404f806aa9d2628c4fc9,3Commas,strategy,1,1,13,0,0,2026-05-26T10:40:15+00:00,31,"RSI Dip + EMA Trend Long DCA — Leveraged Strategy  🔷 What it does: This is a long-only DCA strategy on leveraged crypto perpetuals that buys oversold dips inside confirmed uptrends. A long entry opens only when the lower-timeframe RSI crosses down into oversold territory AND a higher-timeframe EMA cross confirms the larger trend is up. Four safety orders form a pure-price deviation ladder. Exit is a tight Take Profit with trailing, OR a hard Stop Loss, OR a forced close after a maximum holding p"
https://www.tradingview.com/script/HZhiMLXY-HS-SP500-1-6x-Long-Benchmark/,HS SP500 1.6x Long Benchmark,HZhiMLXY-HS-SP500-1-6x-Long-Benchmark,PUB;019c6293946440459e46b0533008bf98,HyperSignals,strategy,1,1,4,0,0,2026-05-26T10:35:27+00:00,31,"Long-only SP500 benchmark strategy using 160% notional exposure.  This is not a predictive trading signal. It is a transparent leveraged benchmark designed to compare 1.6x long SP500 exposure against TradingView’s Buy & Hold benchmark over the same historical window.  Backtest target used: VANTAGE:SP500, 4h, Mar 16, 2018 to May 26, 2026.  The strategy models: 160% of equity position sizing, 0.075% commission, 2 ticks slippage, and 50% long margin.  Expected behavior: if applied to the same SP500"
https://www.tradingview.com/script/SqKEKEEP-LUAN-15m-MACD-Div-FVG-15m-Stop/,LUAN: 15m MACD Div + FVG + 15m Stop,SqKEKEEP-LUAN-15m-MACD-Div-FVG-15m-Stop,PUB;0d94cf47b2864d7e9d4493c7102d4ddc,luannguyen08,strategy,2,1,4,0,0,2026-05-26T08:20:06+00:00,31,"Trading using 15m MACD Div and 5 mins FVG. 15m Stoploss, 2.5 times take profit!"
https://www.tradingview.com/script/bvt2DYny/,High-Frequency Momentum Strategy,bvt2DYny,PUB;712e8183e85241259b9ca356ec1ef771,xiao123123,strategy,3,1,3,0,1,2026-05-26T06:46:18+00:00,31,"This strategy is a medium-to-high frequency momentum strategy. Its historical annualized return ranges between 150% and 400%, with a win rate consistently above 65%. The strategy applies strict stop‑losses and keeps the maximum drawdown within 10%. Below is the full evaluation report for this strategy.  I. GLOBAL PERFORMANCE SUMMARY  | Metric                         | Value                     | Rating        | |--------------------------------|---------------------------|---------------| | Fina"
https://www.tradingview.com/script/HWSoWh22-Liquidity-Sweep-AI-Learning-Strategy-Active-Version/,Liquidity Sweep AI Learning Strategy - Active Version,HWSoWh22-Liquidity-Sweep-AI-Learning-Strategy-Active-Version,PUB;2991a6add966406791230a223ad3b8c8,techtrader_ravi,strategy,2,1,16,0,0,2026-05-26T06:25:27+00:00,31,"Liquidity Sweep AI Learning Strategy - Active Version   This strategy is designed to detect liquidity sweep behavior on XAUUSD and other volatile markets. It looks for price sweeping recent highs or lows, then uses an adaptive learning filter to evaluate whether similar sweep setups have historically produced favorable outcomes.   Core Logic:  The strategy identifies potential liquidity sweeps using a fixed lookback window. After a sweep is detected, the system evaluates price behavior over the "
https://www.tradingview.com/script/EZYn0iRr-GC-PRO-v4-PROPFIRM-STRATEGY/,GC PRO v4 PROPFIRM STRATEGY,EZYn0iRr-GC-PRO-v4-PROPFIRM-STRATEGY,PUB;6fe77f1303474a2eb6a17ab46c70f17b,genius-chart,strategy,3,1,1,0,0,2026-05-26T04:11:48+00:00,31,"The prop-firm-safe twin of Genius Chart PRO. Built for traders running funded accounts at Alpha Futures, FTMO, TPT, Apex, FundedNext, and similar evaluation programs.  INCLUDED: - 12-pillar Whale Order confluence engine (Kill Zone, Fresh Level, Volume Surge, Footprint, Finished Business, Delta Direction, Delta Strength, Multi-bar Push, VWAP, Round Number, Equal H/L, M1 Confirm) - ICT OTE Fibonacci auto-entry (Entry 62%, TP1/TP2/TP3 sorted by distance, SL beyond 100%+30%) - Hard kill-zone filter "
https://www.tradingview.com/script/q8uGKGN6-PSOL-02-Keltner-Breakout/,PSOL 02 Keltner Breakout,q8uGKGN6-PSOL-02-Keltner-Breakout,PUB;31305a0e86654fe4a7b1177b6ec5df85,Khanhtq26,strategy,1,1,9,0,0,2026-05-26T03:53:31+00:00,31,"PSOL 02 Keltner Breakout — TradingView Community Description  PSOL 02 Keltner Breakout is a Breakout strategy designed for VN30F1M (Vietnamese Stock Index Futures), built with Pine Script v5. 📌 Indicators used: Keltner Channel (EMA + ATR-based bands) + SMA(200) Trend Filter  📐 Entry Rules:  Long: Close crosses above the Upper Keltner Band → bullish breakout confirmed Short: Close crosses below the Lower Keltner Band → bearish breakout confirmed  Entry executes at the open of the next bar after s"
https://www.tradingview.com/script/iZoIPVS0-Momentum-Hold/,Momentum Hold,iZoIPVS0-Momentum-Hold,PUB;86554d2055844fb29ede65f7221f49f3,devilX93,strategy,2,2,1,0,0,2026-05-26T00:46:08+00:00,31,Entry/exit logic only; pick which symbol to trade by the chart you apply this to. Market preset drives all parameters at once (see Market dropdown).
https://www.tradingview.com/script/cUClKl5c-Quantora-Systems/,Quantora Systems,cUClKl5c-Quantora-Systems,PUB;faba2e1cf94f45069945a39c2e621d4a,Space_Ranger7,strategy,3,6,23,0,3,2026-05-26T00:03:25+00:00,31,"AUTOMATION IB BREAKOUT TRADE SIGNALS (15-MIN STRUCTURE)  The Initial Balance (IB) is the high and low of the first hour of regular trading (typically the first four 15-minute candles). Before trading the breakout, determine whether the day is likely to trend or remain balanced. Use the 15-minute chart to evaluate. The strongest IB breakouts occur when 15-minute market structure is already trending in the breakout direction.  HH/HL → Trade IB High breakouts LL/LH → Trade IB Low breakdowns  The IB"
https://www.tradingview.com/script/5mYzoPmD/,Range Breakout Session Strategy ,5mYzoPmD,PUB;e1df6bf39ab841198f045b0ba4bf9d4a,presbiterga,strategy,1,1,14,0,0,2026-05-25T22:33:30+00:00,31,"Range Breakout Session Strategy | Smart Session Box + Visual Risk Management  This strategy is designed to trade breakouts from a predefined session range with automatic execution logic and full visual risk management.  The script builds a trading range during a selected time window (example: 07:30–08:00), then waits for the session to finish before analyzing breakout conditions.  Once price closes outside the range:  ✅ Break above → Buy signal ✅ Break below → Sell signal  The entry is executed "
https://www.tradingview.com/script/il2eJJNA-THE-GREATEST-BOT-EVER-MADE-PMT-APEX-EDITION/,THE GREATEST BOT EVER MADE - PMT APEX EDITION,il2eJJNA-THE-GREATEST-BOT-EVER-MADE-PMT-APEX-EDITION,PUB;54e6ec1836934547b8fa109cd991cbe1,bladzehairsalon,strategy,1,1,13,0,0,2026-05-25T19:43:10+00:00,31,"Optimized strategy with FVG logic, 52-week breakout lines, and enhanced risk controls."
https://www.tradingview.com/script/3TPqnJu8-THE-GREATEST-BOT-EVER-MADE-PMT-APEX-EDITION/,THE GREATEST BOT EVER MADE - PMT APEX EDITION,3TPqnJu8-THE-GREATEST-BOT-EVER-MADE-PMT-APEX-EDITION,PUB;6db61312eba44947b875710b711a17e0,bladzehairsalon,strategy,1,1,7,0,0,2026-05-25T19:41:26+00:00,31,"Optimized strategy with FVG logic, 52-week breakout lines, and enhanced risk controls."
https://www.tradingview.com/script/R0hKtaEP/,mrvwap-svp-tdv,R0hKtaEP,PUB;f8d8b61efd8740ef88b35ea68bcbea6e,raape,strategy,1,1,4,0,0,2026-05-25T19:41:24+00:00,31,"gibt einen alarm aus, wenn vwap svp und tdv erfüllt sind "
https://www.tradingview.com/script/W6p4R9Nh-AMONK-BACKTEST/,AMONK BACKTEST,W6p4R9Nh-AMONK-BACKTEST,PUB;0cf3c29dd19f4d6282f78c4c633ad269,amonkshark,strategy,2,1,2,0,0,2026-05-25T18:42:01+00:00,32,ada 3 sinyal prioritas 1 (p1) prioritas 2 (p2) prioritas 3 (p3) masih dalam tahap back test 
https://www.tradingview.com/script/RUbAzilz/,ATM Adaptive Zone Momentum Scalper 1h,RUbAzilz,PUB;2f0c29c1bf94470ba7af708ea086d2c2,finnp17,strategy,1,1,9,0,0,2026-05-25T16:52:26+00:00,32,"Eine hybride Supply/Demand-Zone-Strategie mit automatischer Kerzenmuster-Erkennung, die für Spot- und Perpetual-Märkte (via Pionex Signal Bot) optimiert ist. Die Strategie identifiziert institutionelle Liquiditätszonen in Echtzeit und nutzt vier unabhängige Kerzen-Engines, um Entry-Punkte mit statistischem Edge zu filtern. 🎯 Strategie-Philosophie Anstatt auf fixe Indikatoren zu setzen, baut ATM ein dynamisches Zonen-Overlay auf, das sich aus dem Markt selbst speist. Jede identifizierte Zone (Dem"
https://www.tradingview.com/script/igxoVSvV-Asian-Box-Breakout-EDA-Tuned/,Asian Box Breakout - EDA Tuned,igxoVSvV-Asian-Box-Breakout-EDA-Tuned,PUB;00c164bfd59a428fa34df1c5e662b74b,waranyutrkm,strategy,1,1,12,0,0,2026-05-25T15:33:32+00:00,32,Asian Box Breakout    This strategy trades breakouts from the Asian session range and uses data-driven tuning (EDA) with adaptive risk management.  Features: • Asian session high/low breakout entries • Daily ATR-based stop loss sizing • Risk-based position sizing (% equity) • Daily EMA trend filter • Minimum box-width filter to avoid low-volatility ranges • Trailing stop activated by R-multiple movement • End-of-day position close option • Long only / Short only / Both modes • Webhook-ready aler
https://www.tradingview.com/script/TOwXgVQT/,Quanloki QQE System - Opposite Signal Only + Points,TOwXgVQT,PUB;66fbc0c92091439da6afa72ad177a0e8,spiritedCheeta2101,strategy,1,1,23,0,0,2026-05-25T15:18:13+00:00,32,Quanloki QQE System - Opposite Signal Only + Points
https://www.tradingview.com/script/ZVWV8a5L/,Adaptive Multi-Factor  v1 Update (9 Years),ZVWV8a5L,PUB;3a908310879b4a4fa059ed4a2066ec6f,ttagkoin,strategy,1,1,19,0,0,2026-05-25T14:18:10+00:00,32,"Experimental Update Added (V1)  A new optional variation has been tested:  • PSAR removed from entry conditions • PSAR exit protection remains active  This version produced:  * higher overall returns * higher CAGR * increased trade frequency  However, it also introduced:  * higher fee usage * higher drawdown * more aggressive behavior overall  Because of this, the original version remains unchanged as the default structure.  The V16 logic is considered an experimental/aggressive alternative for "
https://www.tradingview.com/script/ununtjrx/,ATM,ununtjrx,PUB;379cd430f6334002b0aa45931676aa3d,finnp17,strategy,1,1,21,0,0,2026-05-25T14:09:09+00:00,32,"🎯 Strategie-Philosophie ATM (Automation) ist eine hybride Trading-Strategie, die Price Action auf Kerzen-Ebene mit struktureller Zonen-Analyse verbindet. Statt auf klassische Indikatoren wie RSI oder MACD zu setzen, liest das System das Marktgeführ direkt aus vier spezialisierten Kerzenmustern aus und übersetzt diese in dynamische Demand- und Supply-Zonen. Kombiniert mit einer ATR-basierten Positionsgrößen- und Risikosteuerung sowie einer integrierten Pionex Webhook-Schnittstelle ermöglicht ATM "
https://www.tradingview.com/script/Z8eVxEaX/,Silver Surfer,Z8eVxEaX,PUB;caae97f7b32e479dabae6bfd71d40f2b,finnp17,strategy,1,1,4,0,0,2026-05-25T14:01:58+00:00,32,"Silver Surfer — MTF Smart Money Concept Strategy Version: 6 | Overlay: Ja | Timeframe-Empfehlung: 15m (H1 als Trend-Anchor) 🎯 Strategie-Philosophie Silver Surfer ist eine strukturbasierte Trading-Strategie, die klassische Smart Money Concepts (SMC) mit einer proprietären Trenddetektionslogik verbindet. Die Idee: Statt auf einzelne Indikatoren zu setzen, nutzt das System Multi-Timeframe-Konfluenz (MTF), Fair Value Gaps (FVG) als Momentum-Trigger und eine eigene CISD-Strukturerkennung zur Trendbes"
https://www.tradingview.com/script/TnVxP0uF-GrowWithCare-FINAL-5S-MASTER-STRATEGY/,GrowWithCare FINAL 5S MASTER STRATEGY,TnVxP0uF-GrowWithCare-FINAL-5S-MASTER-STRATEGY,PUB;972a11caa27d4c8a9f200c7e4c35f759,karmasantosh773,strategy,1,1,5,0,0,2026-05-25T13:00:03+00:00,32,"There's a strategy where you can capture momentum and your trend, and you can ride it for years. Simply update your stop loss, and a single trade can carry you for a long time. This will save you brokerage costs and allow you to find early trades. There will certainly be a couple of stop losses, but when you find a trend, it'll be a big one."
https://www.tradingview.com/script/dH8tupmF-Advanced-Neural-Predictor-5m/,Advanced Neural Predictor [5m],dH8tupmF-Advanced-Neural-Predictor-5m,PUB;855d4006834f4882be1a2355ada431b4,ramtin_gh,strategy,2,1,2,0,0,2026-05-25T12:27:12+00:00,32,🚀 Advanced Neural Predictor - AI Neural Network Strategy  An intelligent trading strategy that combines a custom Neural Network with market structure analysis (Fractal patterns) to identify high-probability entry points in real-time.  Key Features: - Advanced price prediction using a trained Neural Network model - Smart Stop Loss calculation (2x ATR) - Default Risk:Reward Ratio of 1:4 (fully adjustable) - Works on both Long and Short positions - Clean visualization with blue/red signals and clea
https://www.tradingview.com/script/dJppqY1R-autoPunisher/,autoPunisher,dJppqY1R-autoPunisher,PUB;ec0bdd0e395249fc823ba36eec1ebb95,ibalf,strategy,3,3,2,0,0,2026-05-25T09:27:59+00:00,32,"Autopunisher is a high-precision, rule-based trading strategy that combines mean-reversion entries with intelligent regime filtering and dynamic Fair Value Gap (FVG) take-profits. Designed for traders who want aggressive yet disciplined entries, this strategy waits for strong mean-reversion setups and only takes them when aligned with higher-timeframe structure. Key Features:  Punisher Entry System: Mean-reversion signals based on price crossing adaptive volatility bands (SMA + StDev), with opti"
https://www.tradingview.com/script/PnnQc7fs-BB-RSI-Overbought-DCA-Short-Strategy/,BB-RSI Overbought DCA - Short Strategy,PnnQc7fs-BB-RSI-Overbought-DCA-Short-Strategy,PUB;2d3e510ef9194c6a9e46ade8180bc676,3Commas,strategy,1,1,30,0,0,2026-05-25T08:41:35+00:00,32,BB-RSI Overbought DCA — Short Strategy  🔷 What it does: This is a short-only DCA strategy that fades overbought thrusts confirmed by two independent volatility-and-momentum filters on a lower timeframe. A short entry opens only when Bollinger Bands %B crosses up the upper band AND RSI crosses up an overbought threshold at the same lower-timeframe close — the dual confirmation requires both volatility-expansion and momentum-overheat to align. Nine safety orders form a wide deviation ladder for ad
https://www.tradingview.com/script/oobhvo2Q-PUNISHER/,PUNISHER,oobhvo2Q-PUNISHER,PUB;d8b82868ee0c400ba6057586418a6521,ibalf,strategy,3,1,2,0,0,2026-05-25T08:24:58+00:00,32,"Autopunisher is a high-precision, rule-based trading strategy that combines mean-reversion entries with intelligent regime filtering and dynamic Fair Value Gap (FVG) take-profits. Designed for traders who want aggressive yet disciplined entries, this strategy waits for strong mean-reversion setups and only takes them when aligned with higher-timeframe structure. Key Features:  Punisher Entry System: Mean-reversion signals based on price crossing adaptive volatility bands (SMA + StDev), with opti"
https://www.tradingview.com/script/09vHqvVW-Yasho-BTST-Stocks/,Yasho BTST Stocks,09vHqvVW-Yasho-BTST-Stocks,PUB;02ca8b006af847089a7ff87ce3861097,deepaknesarikar,strategy,3,1,3,0,0,2026-05-25T07:56:17+00:00,32,Uses distance from VWAP (Volume Weighted Average Price) to identify unusually strong end-of-day buying that may result in a gap-up opening the next day. This is a  Long Only BTST (Buy Today Sell Tomorrow)  strategy designed for systematic overnight momentum trades.  SUMMARY     Applied On: Stocks  Timeframe: 5 Minutes  Position Type: Equity / Futures / Bull Put Spread  Trade Duration: Overnight (BTST)  Direction: Long Only    CORE PRINCIPLE  Indian markets close at 3:30 PM. Strong institutional 
https://www.tradingview.com/script/EHADtuFr-EMA-9-VWAP-Strategy-with-ATR-Trailing-Stop-WIN-THE-TRADE/,EMA 9 + VWAP Strategy with ATR Trailing Stop - WIN THE TRADE,EHADtuFr-EMA-9-VWAP-Strategy-with-ATR-Trailing-Stop-WIN-THE-TRADE,PUB;877f6173c5f24fd48a963886c8e15590,winthetrade_,strategy,1,1,174,0,2,2026-05-25T06:47:48+00:00,32,"EMA 9 + VWAP Strategy with ATR Trailing Stop    A simple trend-following strategy that combines the power of the  9 EMA ,  VWAP , and an  ATR-based trailing stop  for cleaner entries and dynamic trade management.  This strategy is designed for traders who want a straightforward system with minimal discretion and clear buy/sell conditions.   Strategy Logic    Buy Conditions  A long position is opened when the 9 EMA crosses above VWAP.   Sell Conditions  A short position is opened when the 9 EMA c"
https://www.tradingview.com/script/RSIH1vf7-RaMeSh-First-Pullback-Strategy/,RaMeSh-First Pullback Strategy,RSIH1vf7-RaMeSh-First-Pullback-Strategy,PUB;97253b0bb0144f73b8afc53d930cbe46,R-AlgoAI,strategy,2,1,7,0,0,2026-05-25T05:31:36+00:00,32,"RaMeSh First Pullback PRO  A high-probability intraday pullback continuation strategy designed for index trading and options scalping using EMA trend structure, volatility expansion, and momentum confirmation.  This strategy focuses on capturing the first quality pullback after a trend establishes itself, helping traders avoid late entries and low-probability sideways market conditions.  Core Strategy Logic  The system identifies:  Strong directional trends Higher timeframe confirmation Momentum"
https://www.tradingview.com/script/nIL29TxS-WS30-v5-Normal-SL-Fixed-ATR-TP/,WS30 v5 - Normal SL + Fixed ATR TP,nIL29TxS-WS30-v5-Normal-SL-Fixed-ATR-TP,PUB;533433e31a1349e5aa6f7b1a6bee559b,waikhean,strategy,1,1,6,0,0,2026-05-25T03:43:32+00:00,32,"testing in progress. RSI crossover, scalping. US30, on specfic timezone"
https://www.tradingview.com/script/VO1vEJJW/,Adaptive Multi-Facto(9 years),VO1vEJJW,PUB;a5413098fe474251b505fb6ecb5f0203,ttagkoin,strategy,1,1,23,0,0,2026-05-25T03:33:48+00:00,32,Multi-factor swing strategy for higher timeframe trend capture.  Features: • Momentum + trend score system • Adaptive volatility filter • Chop-zone protection • Long / Short switching • Cooldown logic • Bar Magnifier enabled • Closed candle confirmation  Tested primarily on ETHUSDT 3D charts across multiple major exchanges.  Also showed strong performance on ETHU 4D charts.  Tested across approximately 9 years of historical market data.  Backtests were performed using 50% equity position sizing.
https://www.tradingview.com/script/nOqlAJrw-Fast-Scalper-with-Stops/,Fast Scalper with Stops,nOqlAJrw-Fast-Scalper-with-Stops,PUB;9bb68cb23f4a4c57b6b21590aedf8a58,stevenygabbyperez,strategy,1,1,6,0,0,2026-05-25T01:40:47+00:00,32,fast scalping strategy using EMA and MACD with stops.  
https://www.tradingview.com/script/SL3hUrJG-Fast-Scalper-with-Stops/,Fast Scalper with Stops,SL3hUrJG-Fast-Scalper-with-Stops,PUB;bc6ccb6a35744276ba9ce32fb1f12a23,stevenygabbyperez,strategy,1,1,8,0,0,2026-05-25T01:11:08+00:00,32,Simple  5 & 13 scalping strategy with stops using EMA & MACD. 
https://www.tradingview.com/script/CG3O8g9A-Fast-Scalper-with-Stops/,Fast Scalper with Stops,CG3O8g9A-Fast-Scalper-with-Stops,PUB;54f201108bf74b18a916134ccac92d64,stevenygabbyperez,strategy,1,2,2,0,0,2026-05-25T01:05:34+00:00,32,Simple EMA cross over scalping strategy using MACD and EMA with stops. 
https://www.tradingview.com/script/N8NUtk99-STtrend-TP-Lock-Added/,STtrend - TP Lock Added,N8NUtk99-STtrend-TP-Lock-Added,PUB;3da85f5c86c44fb6ade7f7c30ac9c78f,apkw82,strategy,1,1,16,0,0,2026-05-25T00:45:39+00:00,32,A nice little trend seeker that I ripped off of kyle and tweaked and seems golden so don't go broke fn
https://www.tradingview.com/script/Mcwal9oA-Fast-Scalper-with-Stops/,Fast Scalper with Stops,Mcwal9oA-Fast-Scalper-with-Stops,PUB;db50db92f8bc490386979ea14e8f1de0,stevenygabbyperez,strategy,1,1,2,0,0,2026-05-24T23:16:26+00:00,32,Fast scalping strategy using MACD and EMA crossovers with stop loss.
https://www.tradingview.com/script/9B71tHd8/,SKAlgoTradingSystem Strategy XAGUSD,9B71tHd8,PUB;d6d0ebd766654e569868534fb7a58d37,SKALGOSYSTEM,strategy,3,1,2,0,0,2026-05-24T22:11:16+00:00,32,"SKAlgoTradingSystem Strategy, TradingView üzerinde çalışan teknik analiz tabanlı bir trend takip ve alım-satım stratejisidir.  Stratejinin temel amacı, fiyat hareketlerini belirli kurallar çerçevesinde takip ederek LONG ve SHORT yönlü işlem sinyalleri üretmektir. Sistem, fiyatın trend çizgisiyle olan ilişkisini izler ve belirlenen teyit koşulları oluştuğunda pozisyon yönü hakkında sinyal üretir.  SKAlgoTradingSystem, yatırımcıların piyasa hareketlerini daha sistematik, kurallı ve disiplinli şeki"
https://www.tradingview.com/script/aGRJUeN6-Cobra-Spot-Strategy/,Cobra Spot Strategy,aGRJUeN6-Cobra-Spot-Strategy,PUB;91cd42613d4a4a8bb5a223b4dfcd10ae,subhan882,strategy,2,1,4,0,0,2026-05-24T21:26:05+00:00,32,It is perfect for spot trading with no SL and small TP. it allows large number of trades daily.
https://www.tradingview.com/script/fKEanLQ3-BO-Spike-Reversal/,BO Spike Reversal ,fKEanLQ3-BO-Spike-Reversal,PUB;94aae4a84f354c1690a7854d9ee6c026,Niels_official,strategy,2,1,28,0,0,2026-05-24T20:14:00+00:00,33,"This strategy backtests a spike-reversal entry system designed for binary options trading. It identifies abnormally large candles (spikes) that form at key pivot support/resistance zones and takes the opposing direction, expecting a short-term mean-reversion within a fixed expiry window.  HOW THE SIGNAL WORKS  Spike Detection A candle is classified as a spike when its full range (high − low) exceeds `ATR(14) × Spike ATR Multiplier` (default: 2.0×). This isolates candles that represent abnormal m"
https://www.tradingview.com/script/XoW6hMzM-Genius-Chart-Engine/,Genius Chart Engine,XoW6hMzM-Genius-Chart-Engine,PUB;189e811a4e1c4f3bae3ace469ba1cbfb,genius-chart,strategy,3,1,0,0,0,2026-05-24T20:08:45+00:00,33,"Genius Chart Engine is the foundational mean-reversion engine in the Genius Chart family. It is the unmodified Pine v5 entry framework rebranded under the Genius Chart Engine name with the cyan + amber Genius Chart palette so that traders can see exactly where the rare-fire alpha comes from before layering the v3 institutional pillars on top.  THE ENTRY ENGINE:  RSI-EMA crossover at extremes. A smoothed RSI (length 50, EMA 30) crosses its sticky-band slow line while in the rejection zone below 4"
https://www.tradingview.com/script/gmIqpbND-Naldo-Seed-STRATEGY-backtest/,Naldo + Seed STRATEGY (backtest),gmIqpbND-Naldo-Seed-STRATEGY-backtest,PUB;c659217c0dde407f92bd3801ffdc4d70,genius-chart,strategy,3,1,1,0,0,2026-05-24T19:37:10+00:00,33,"Naldo + Seed STRATEGY combines the BTMM (Beat the Market Maker) methodology with the GeniusChart Orderflow Seed companion indicator. Entries are driven by the canonical EMA stack (800/200/50/13), the TDI BTMM canonical (13/34/2/7), and the Whale Order hard pillar gate (TDI divergence plus Footprint plus Delta) when seed orderflow is connected.  ENTRY METHODOLOGY:  EMA stack alignment: long when EMA-13 over EMA-50 over EMA-200 over EMA-800, short when stack inverted. This produces the strongest i"
https://www.tradingview.com/script/irfb5dWX-GC-PRO-v3-STRATEGY-backtest/,GC PRO v3 STRATEGY (backtest),irfb5dWX-GC-PRO-v3-STRATEGY-backtest,PUB;245024c30cf946e8882f0ba39a49efbb,genius-chart,strategy,3,1,0,0,0,2026-05-24T19:23:22+00:00,33,"Genius Chart PRO v3 STRATEGY operationalises the 12-pillar Whale Order methodology. Every entry is gated by a confluence score across twelve institutional factors, with three designated as hard pillars that must all align for any non-A-grade fire.  THE 12 PILLARS:  Structural: Kill Zone (session window), Fresh Level proximity, Round Number proximity, Equal Highs and Lows. Pattern: Multi-bar Push (3 of last 4 bars directional), VWAP Side, Volume Surge. Orderflow (HARD): Fresh Level, Footprint Imb"
https://www.tradingview.com/script/CQr5uATb-Genius-Chart-Strategy/,Genius Chart Strategy,CQr5uATb-Genius-Chart-Strategy,PUB;39587f4f0dab4047886f69be72736494,genius-chart,strategy,3,1,1,0,0,2026-05-24T18:55:36+00:00,33,"Genius Chart Strategy is a short-biased mean-reversion gold engine built on the rare-fire principle: only enter when a 7-gate confluence is true. Backtested on XAUUSD H1 over 3.5 years it produced +14 percent net return with 60 percent win rate, profit factor 1.62, and max drawdown 9.90 percent over 60 trades.  THE 7-GATE ENTRY CONJUNCTION (every gate must pass):  1. RSI-EMA cross at extreme: a smoothed RSI crosses its sticky-band slow line while in the rejection zone below 45 for longs or above"
https://www.tradingview.com/script/3cxvWaf3-ES-1m-3m-Momentum-Signal-Flip-Exits/,ES 1m - 3m Momentum - Signal Flip Exits,3cxvWaf3-ES-1m-3m-Momentum-Signal-Flip-Exits,PUB;049b77949fa540219104e4cb2fd767cc,BuckDiesel,strategy,1,3,3,0,0,2026-05-24T17:52:10+00:00,33,"How the strategy works on both timeframes  The core logic is identical — four filters must all agree before a trade fires: the fast EMA (8) crosses the slow EMA (21), price is on the correct side of the 50 EMA, smoothed RSI is above or below 50, and volume is above its 20-bar average. When all four line up, you enter long or short. You stay in the trade until the opposite signal fires or the 1-point take profit is hit.  On the 1-minute chart the crossovers fire constantly — you could see 40–80 s"
https://www.tradingview.com/script/zpKLbjA0-Concordance-Execution-Model-JOAT/,Concordance Execution Model [JOAT],zpKLbjA0-Concordance-Execution-Model-JOAT,PUB;4078fd08fea4408c8133102c9a0a0dbe,officialjackofalltrades,strategy,1,1,13,0,0,2026-05-24T16:52:18+00:00,33,"Concordance Execution Model     Introduction   Concordance Execution Model is a strategy framework that integrates regime detection, trend bias, structure direction, pressure, relative volume, regression confidence, and ATR risk management.  This open-source strategy is a research framework, not a performance claim. It demonstrates how rule-based confluence, realistic costs, risk controls, and confirmed-bar execution can be organized in Pine Script v6.       Core Concepts    1. Regime Filter   A"
https://www.tradingview.com/script/XFLumEME/,Universelle Long-Strategie mit Makro-Exit und Flush-Schutz (DE),XFLumEME,PUB;569b7d76b2044613816a8077d4aeb983,ssam012,strategy,1,1,2,0,0,2026-05-24T16:24:27+00:00,33," Diese Strategie wurde als universelles Long-Framework entwickelt und kann auf verschiedene Märkte wie Silber, Gold, Indizes oder Bitcoin angewendet werden. Der Kernansatz ist bewusst einfach: Solange der Markt strukturell gesund ist, bleibt die Strategie investiert; bei Trendbruch, Makro-Stress oder außergewöhnlichen Volatilitätsschocks wird die Position geschlossen und erst bei bestätigter Beruhigung wieder eröffnet.  Das Skript verbindet drei Schutzebenen in einem System. Erstens prüft ein Tr"
https://www.tradingview.com/script/WhQK3Xhy-9-EMA-20-EMA-Retest-Strategy/,9 EMA + 20 EMA Retest Strategy,WhQK3Xhy-9-EMA-20-EMA-Retest-Strategy,PUB;b0a726721f504879878721235f87c06e,THEFOREXGUY0777,strategy,1,1,13,0,0,2026-05-24T12:11:45+00:00,33,Its a good one make sur u use this bro its good  .
https://www.tradingview.com/script/bXMbB82A-XAUUSD-15m-200-EMA-1h-UT-Bot-ADX-Strategy/,XAUUSD 15m - 200 EMA (1h) + UT Bot + ADX Strategy,bXMbB82A-XAUUSD-15m-200-EMA-1h-UT-Bot-ADX-Strategy,PUB;8a9469ca35ba46eabfaea0f8a5d4797b,r2keymoneymind,strategy,1,1,123,0,0,2026-05-24T10:16:11+00:00,33,"The Strategy Breakdown 1. The Trend Filter (1-Hour 200 EMA) The Rule: You only look for Buy signals on the 15-minute chart if the current price on the 1-hour chart is trading above its 200 EMA. Purpose: This keeps you trading in the direction of the macro trend, preventing you from buying into a heavy 1-hour downtrend. Note: Since the 1-hour chart isn't pictured, you must manually confirm this bias before looking at the 15-minute triggers. 2. The Trigger (UT Bot Alerts) The Rule: Wait for a gree"
https://www.tradingview.com/script/jLKPS0lF-NVDAX-Grid-Bot-Long-Strategy/,NVDAX Grid Bot - Long Strategy,jLKPS0lF-NVDAX-Grid-Bot-Long-Strategy,PUB;4f9c1748ea0f43c2bef6308b97df76a1,3Commas,strategy,1,1,15,0,0,2026-05-24T06:52:50+00:00,33,"NVDAX Grid Bot — Long Strategy  🔷 What it does: This is a long-only price-grid strategy that harvests volatility on NVDAX / USDT through repeated round-trips on a pre-defined ladder of price levels between two fixed bounds. Each level is an independent slot: when price crosses down through a level, the strategy opens one slot; when price subsequently crosses up through the level immediately above, that slot is closed for a fixed round-trip profit. The grid is generated geometrically by default, "
https://www.tradingview.com/script/rncCBFXC/,Good luck!,rncCBFXC,PUB;3e3889b14ae04cea903bd52c691f2d30,ColasBreugnon,strategy,1,1,28,0,1,2026-05-24T06:02:33+00:00,33,"This script is only a compilation and reinterpretation of many well-known trading concepts and publicly available indicators used by the TradingView community. It combines popular tools such as EMA trend analysis, VWAP, ATR risk management, Fair Value Gaps and Supply & Demand zones into one strategy.   Huge thanks and respect to all original authors, traders, coders, and educators whose ideas inspired this project and helped the trading community grow .  This script was created for educational p"
https://www.tradingview.com/script/XaKS6iYO-BTC-Trend-Strategy-Prop-Firm-Ready-30m-Daily-Filter/,BTC Trend Strategy | Prop Firm Ready | 30m + Daily Filter,XaKS6iYO-BTC-Trend-Strategy-Prop-Firm-Ready-30m-Daily-Filter,PUB;321013e6915b4310944c4d1c69636429,MykSher,strategy,3,2,6,0,0,2026-05-24T02:11:23+00:00,33,A disciplined trend-following strategy built specifically  for Bitcoin prop firm challenges ($5K–$100K accounts).       ─── HOW IT WORKS ─── Entries on 30-minute timeframe with Daily EMA200 trend  filter. Only trades in the direction of the higher  timeframe trend. Avoids sideways markets using ADX filter.  ─── RISK MANAGEMENT ─── • Fixed risk per trade (0.4–0.5% of account) • Auto position sizing based on ATR stop loss • Daily loss limit & max drawdown protection • Pause after consecutive losse
https://www.tradingview.com/script/qPXMv5X4-Clean-VWAP-ZL-Scalper-Single-Trigger-by-david/,Clean VWAP ZL Scalper [Single Trigger] by david,qPXMv5X4-Clean-VWAP-ZL-Scalper-Single-Trigger-by-david,PUB;59aea1dd4bb64552bca2509b12f9fb18,sandip_jha,strategy,1,1,28,0,0,2026-05-24T00:06:04+00:00,33,"This setup is a pullback scalper built around trend bias and value zones. It tries to catch entries only when price is aligned with the zero-lag trend line and VWAP, then waits for a retracement into a better entry area before triggering."
https://www.tradingview.com/script/HX0mUjm3-Clean-VWAP-ZL-Scalper-Single-Trigger-by-Sandip/,Clean VWAP ZL Scalper [Single Trigger] by Sandip ,HX0mUjm3-Clean-VWAP-ZL-Scalper-Single-Trigger-by-Sandip,PUB;3dd1dfbfaf75418c905b408cbbd0425c,sandip_jha,strategy,1,1,11,0,0,2026-05-23T23:50:04+00:00,33,"This setup is a pullback scalper built around trend bias and value zones. It tries to catch entries only when price is aligned with the zero-lag trend line and VWAP, then waits for a retracement into a better entry area before triggering."
https://www.tradingview.com/script/sQ0X2XtY/,Multi-Indicator Buy Alert,sQ0X2XtY,PUB;48374ad0a94048c4a0e6ef335b929e82,Rodrigo_ok00,strategy,2,1,9,0,0,2026-05-23T20:56:17+00:00,33,"Overview This indicator generates buy signals on the daily timeframe for stocks by combining four moving averages, RSI, MACD, and a Koncorde-based oscillator. Each condition serves a specific and non-redundant role. The signal fires only when all components align simultaneously, filtering out low-conviction setups.  Why this combination Moving average crossovers alone generate excessive false signals. RSI and MACD alone cannot confirm institutional participation. The Koncorde oscillator adds a v"
https://www.tradingview.com/script/lEtgcQDT-Fast-Scalp-Gold-V2/,Fast Scalp Gold V2,lEtgcQDT-Fast-Scalp-Gold-V2,PUB;617acda4682d408598e5e293561f3462,progre5555,strategy,2,2,5,0,0,2026-05-23T19:55:20+00:00,33,"  Fast Scalp Gold V2 is a confluence-based scalper for XAUUSD on the M5   timeframe. It combines momentum, volume, VWAP positioning, and proximity   to key intraday levels (daily pivots, session VWAP, ±1σ bands; optional   prior-session swings and sweep zones) into a single per-bar entry decision,   gated by a higher-timeframe directional bias derived from M15 EMAs.    Position management uses an ATR-anchored stop with a two-tier take-profit   (partial close at the first target, runner to the se"
https://www.tradingview.com/script/1NkAereF/,ZR Grizzly,1NkAereF,PUB;e6091985b17b4b20b695757be6369c0e,Grizzly2797,strategy,1,1,10,0,0,2026-05-23T18:00:04+00:00,33,"Señales basadas en niveles de fibonacci confirmando entradas, sirve solo como indicador de apoyo, no como entrada oficial siempre confirma con un analisis previo del activo  "
https://www.tradingview.com/script/8pUGH47d/,Spike EA Trade Strategy,8pUGH47d,PUB;11abbaf191e54230a2dc397ff8efb1a0,MasayanFX,strategy,1,2,2,0,0,2026-05-23T13:16:50+00:00,33,"Spike EA Trade Strategy is a price-action backtesting script inspired by an MT4/MT5 expert advisor logic.  The strategy detects spike candles by measuring the range between the high and low of a selected previous bar. If the range is greater than or equal to the configured threshold, the candle direction is used for trade direction. A bullish spike candle triggers a long setup, while a bearish spike candle triggers a short setup.  The default settings are designed around USDJPY on the 15-minute "
https://www.tradingview.com/script/H2U52D79-TON-Grid-Bot-Long-Strategy/,TON Grid Bot - Long Strategy,H2U52D79-TON-Grid-Bot-Long-Strategy,PUB;e3a5e959acc044668c900b3cb9255bbf,3Commas,strategy,1,1,12,0,0,2026-05-23T08:53:54+00:00,33,"TON Grid Bot — Long Strategy  🔷 What it does: This is a long-only price-grid strategy that harvests volatility on TON / USDT through repeated round-trips on a pre-defined ladder of price levels between two fixed bounds. Each level is an independent slot: when price crosses down through a level, the strategy opens one slot; when price subsequently crosses up through the level immediately above, that slot is closed for a fixed round-trip profit. The grid is generated geometrically by default, so s"
https://www.tradingview.com/script/CepkptBc-DIBBYA-QUANTUM-FUSION-X-PRO/,DIBBYA QUANTUM FUSION X PRO,CepkptBc-DIBBYA-QUANTUM-FUSION-X-PRO,PUB;f6704075b7f141d59563c02f875c547a,dc4uonly,strategy,3,1,0,0,0,2026-05-23T08:46:13+00:00,33,ATR and direction plus poisitional move is best to trade in
https://www.tradingview.com/script/06s9ohae-FCPO-Session-Based-Momentum-Scalper-with-ATR-Volatility-Filter/,FCPO Session-Based Momentum Scalper with ATR Volatility Filter,06s9ohae-FCPO-Session-Based-Momentum-Scalper-with-ATR-Volatility-Filter,PUB;20ea96313c764b318601e28c3cfbe2fb,nusser85,strategy,1,2,35,0,0,2026-05-23T06:48:58+00:00,33,"This strategy is a precision intraday momentum scalping system explicitly designed for futures markets with defined trading sessions (such as FCPO), but it can easily be adapted for any session-based asset like indices or commodities. The core philosophy of this script is to avoid low-probability zones and only capitalize on high-conviction momentum thrusts.  Core Logic & Technical Mechanics:  Price Action Momentum: The strategy relies heavily on candlestick anatomy rather than lagging indicator"
https://www.tradingview.com/script/yc6JyC1T-Initial-Balance-Breakout-samjNQ-v3/,Initial Balance Breakout [samjNQ] v3,yc6JyC1T-Initial-Balance-Breakout-samjNQ-v3,PUB;99bba70d9a7d479bacbdc3abe2ea092e,samjNQ,strategy,1,1,30,0,0,2026-05-23T02:01:41+00:00,33,"---samjNQ Initial Balance Breakout strategy---  **Initial Balance Breakout   — Strategy Description**  Trades breakouts of the first-hour Initial Balance on the Micro E-mini S&P 500 (MES1!) using a clean set of filters to avoid noise and low-quality setups.  **How it works:** The Initial Balance (IB) is defined as the high and low of the 9:30–10:30 AM ET window — the first hour of Regular Trading Hours. Once that window closes and the IB locks, the strategy waits for price to break above the IB "
https://www.tradingview.com/script/0R52t1hx/,Nasdaq oro bruto 24H Mejorada,0R52t1hx,PUB;c83ba1857d9341ee828b85e639e93d14,avaloscruzyanectamanda,strategy,1,1,11,0,0,2026-05-22T21:35:57+00:00,33,"Filtro de tendencia: solo operamos en dirección de la tendencia principal (EMA 200), evitando entradas en consolidaciones. Confirmación de volumen: solo entramos cuando hay ruptura confirmada con un volumen mayor al promedio, lo que filtra rompimientos débiles. SL y TP fijos: aunque usamos trailing stop, también tienes SL/TP definidos, para no dejar la posición indefinidamente sin control. Evita entrada duplicada: antes de entrar, confirmamos que no haya una posición abierta, así nunca entramos "
https://www.tradingview.com/script/guombGdb/,Nasdaq NQ 24H Mejorada,guombGdb,PUB;56a8aefb167d45a19441fe1df0f6c059,avaloscruzyanectamanda,strategy,1,1,4,0,0,2026-05-22T21:33:00+00:00,34,"u script está bien estructurado, pero tiene varios detalles importantes que pueden hacer que el robot opere mal o abra demasiadas operaciones en el Nasdaq"
https://www.tradingview.com/script/GH7wu3af/,EMA Triple Cross,GH7wu3af,PUB;ab70ac0228e84708a8c72cf759ae14b8,Rodrigo_ok00,strategy,2,1,3,0,0,2026-05-22T21:29:50+00:00,34,"EMA Triple Cross — Long Only Swing Strategy | Scaled Re-entries + ATR Trailing Stop  Overview This strategy is designed for swing trading US equities on the daily timeframe, taking long positions only. It uses three Exponential Moving Averages (EMA 50, EMA 100, EMA 200) to identify high-probability entries within established uptrends, combined with a proximity filter to avoid chasing extended moves, a scaled re-entry system that adds to winning positions on renewed momentum, and a dynamic ATR-ba"
https://www.tradingview.com/script/LC09SdqY/,XAUUSD Range Breaker Sweep Reversal v4 Single TP Pips,LC09SdqY,PUB;2212cbd1a0d24bd898f45614efdce3e7,BananeDeagle,strategy,3,1,2,0,1,2026-05-22T17:05:55+00:00,34,Hinter den Trades hängt eine XAUUSD Liquidity-Sweep / Range-Reversal Scalping Strategie.  Buy-Setup: Preis fällt stark in eine alte Tief-/Liquiditätszone. Dann Buy gegen die Panik. SL unter das Sweep-Tief. TPs bei den nächsten runden Levels oben.  Sell-Setup: Preis steigt stark in eine alte Hoch-/Liquiditätszone. Dann Sell gegen die Euphorie. SL über das Sweep-Hoch. TPs bei den nächsten runden Levels unten.  
https://www.tradingview.com/script/5Qe7HSXN-BTC-Scalping-Bot-NY-Breakout-Strategy-RFX/,BTC Scalping Bot | NY Breakout Strategy | RFX,5Qe7HSXN-BTC-Scalping-Bot-NY-Breakout-Strategy-RFX,PUB;f1fe8b710f1c49159f62f196df049ea8,neerurani1307,strategy,2,1,64,0,0,2026-05-22T17:03:02+00:00,34,# BTC Scalping Bot | NY Breakout Strategy | RFX  A fully automated New York session breakout strategy designed specifically for fast-moving assets.  This strategy combines pre-session liquidity range analysis with pivot-based swing structure to identify high-probability breakout levels before the New York session expansion begins.  Built for 5-minute charts.  ---  ## 🔥 Core Concept  The strategy tracks the hour before the New York open and builds a hybrid breakout structure using:  * Pre-session
https://www.tradingview.com/script/gLvESVRY-Frosty-Alerts/,Frosty Alerts,gLvESVRY-Frosty-Alerts,PUB;03956cacefbc4fd981d3e5ee342da576,andrewwieiw,strategy,1,1,2,0,0,2026-05-22T16:39:25+00:00,34,And the only reason why we have a lot more people is that they have to work for the company that is doing it and that they have the right people in their lives and that is the only way they will be doing that job for us and they are going through the right thing and that means they have a good reason for it because we are working hard and we 
https://www.tradingview.com/script/7AxuzW05-Caldera-Meridian-Strategy-JOAT/,Caldera Meridian Strategy [JOAT],7AxuzW05-Caldera-Meridian-Strategy-JOAT,PUB;f0442726be3b4ba5adb74b5c88464d65,officialjackofalltrades,strategy,1,1,32,0,0,2026-05-22T16:11:12+00:00,34,"Caldera Meridian Strategy     Introduction   Caldera Meridian Strategy is an open-source Pine Script v6 strategy that combines trend regime, pressure, structure, auction location, and transition probability into a single rules-based execution model. The strategy is designed to be transparent: each decision component is calculated directly inside the script, and entries are processed on confirmed bars.  This strategy is not intended to prove future profitability. It is a research framework for st"
https://www.tradingview.com/script/3lZ9C51I-Swing-Solana/,Swing Solana,3lZ9C51I-Swing-Solana,PUB;cfb7cce4c3814a5bb485f65e3eaf6826,SchizoQuant,strategy,3,1,7,0,2,2026-05-22T15:16:29+00:00,34,"Swing SOL   A systematic swing trading strategy designed for Solana that combines adaptive momentum analysis, volatility-sensitive filtering, trend confirmation, and multi-layer market structure evaluation into a structured rules-based framework.  The strategy is designed to identify stronger directional market phases while filtering out weaker or unstable conditions — helping traders stay aligned with broader trend behavior instead of reacting emotionally to short-term volatility.   How It Work"
https://www.tradingview.com/script/dtL7C1mD-Swing-Ethereum/,Swing Ethereum,dtL7C1mD-Swing-Ethereum,PUB;2fe13fe0b5a44239bf7b13eef1f28f2f,SchizoQuant,strategy,3,1,6,0,0,2026-05-22T15:02:52+00:00,34,"Swing ETH   A systematic swing trading strategy designed for Ethereum that combines adaptive trend analysis, momentum filtering, volatility confirmation, and multi-layer market structure analysis into a structured rules-based framework.  The strategy is built to identify stronger directional market phases while filtering out weaker or unstable conditions — helping traders stay aligned with broader trend behavior instead of reacting emotionally to short-term volatility.   How It Works   The syste"
https://www.tradingview.com/script/hssVniHD-Swing-Bitcoin/,Swing Bitcoin,hssVniHD-Swing-Bitcoin,PUB;136788d3399a4e3aa402dafc607cdc97,SchizoQuant,strategy,3,1,7,0,2,2026-05-22T14:00:12+00:00,34,"Swing BTC   A systematic swing trading strategy designed for Bitcoin that combines adaptive trend analysis, momentum filtering, and volatility-based confirmation into a structured rules-based framework.  The system is built to identify stronger directional market phases while filtering out weaker and less reliable conditions — helping traders stay aligned with broader market structure instead of reacting emotionally to short-term noise.   How It Works   The strategy combines several adaptive lay"
https://www.tradingview.com/script/ds1d0m1y/,Momentum Breakout v2 ,ds1d0m1y,PUB;bc108dcf512141289c1395f0225318ac,Rodrigo_ok00,strategy,2,1,9,0,0,2026-05-22T13:01:29+00:00,34,"Momentum Breakout v2 + Pyramiding — Swing Trading Strategy for US Stocks Overview This strategy is designed for swing trading US equities on the daily timeframe, taking long positions only. It combines five independent conditions that must all be true simultaneously before any trade is taken: a rising broad market, an active stock trend, a genuine price breakout, volume confirmation, and an RSI filter. Each component serves a specific and non-redundant role. The trade is then managed dynamically"
https://www.tradingview.com/script/CgjLUMxa-v33-BTC-Flip-6H/,v33 BTC Flip [6H],CgjLUMxa-v33-BTC-Flip-6H,PUB;fe0ff2cc5dff405ca048e19ea484e0e1,nadav621,strategy,3,1,0,0,0,2026-05-22T12:55:33+00:00,34,Trend-following flip strategy on BTCUSDT 6H. Long entries in bull regime with 7-filter confirmation. Flips short on bear regime crack via 3-layer gate. ATR stop + breakeven ratchet. — v33systematic.com
https://www.tradingview.com/script/dmqocRGN-Yasho-Index-Positional/,Yasho Index Positional,dmqocRGN-Yasho-Index-Positional,PUB;d4e005b1590c45fe84ce7e84b24ec79c,deepaknesarikar,strategy,3,2,3,0,0,2026-05-22T12:15:16+00:00,34,"Yasho Index Positional    Yasho Index Positional  is a directional  positional index option buying strategy  built for  NIFTY and NIFTY MID SELECT , designed to capture sustained trending moves while filtering out low-quality setups.  The strategy combines  dual Supertrend confirmation  with  ADX momentum filtering  to identify strong bullish and bearish market conditions before initiating trades.   Strategy Logic    Trend Identification   The strategy uses a multi-layer confirmation framework: "
https://www.tradingview.com/script/uALUBWOZ-ICT-Silver-bullet-By-DOOLMEDIA-Caadil/,ICT: Silver bullet By DOOLMEDIA Caadil,uALUBWOZ-ICT-Silver-bullet-By-DOOLMEDIA-Caadil,PUB;50a354bf8cdd4a9c8e24b629624cb2b0,DoolMedia,strategy,2,1,62,0,0,2026-05-22T12:00:34+00:00,34,"🧪 STRATEGY STATEMENT – “ ”   OANDA:XAUUSD   BITSTAMP:BTCUSD   Author:   | Published: 2026-05-22 | Version: 2.0 Universe & Instruments • BTCUSDT, ETHUSDT, SOLUSDT, XAUUSD (spot or perpetual). • 15 min chart as master; 5 min for fine entry. Core Logic • Hybrid mean-reversion + micro-momentum. • Long only when 15 min RSI(14) ≤ 35 AND 5 min RSI(6) crosses above 45. • Short only when 15 min RSI ≥ 70 AND 5 min RSI crosses below 55. • Gold filter: only trade long if 10-period correlation with DXY < –0."
https://www.tradingview.com/script/9ef29xJR-Yasho-Index-Option-Buying/,Yasho Index Option Buying,9ef29xJR-Yasho-Index-Option-Buying,PUB;afdffa40107f4844a4bbedfd486fc8e7,deepaknesarikar,strategy,3,2,1,0,0,2026-05-22T11:43:05+00:00,34,"Yasho Index Option Buying is an intraday directional option buying strategy for NIFTY and NIFTY MID SELECT. It uses a combination of dual Supertrend and ADX momentum confirmation to identify strong bullish or bearish trends, then enters corresponding long option positions through automated execution. Trades are managed with dynamic Supertrend-based stop losses, trend reversal exits, and mandatory end-of-day square-off to control overnight risk. Designed for momentum capture in trending market co"
https://www.tradingview.com/script/oGwYWfai-Heikin-Ashi-RSI-Fade-Short-Strategy/,Heikin Ashi RSI Fade - Short Strategy,oGwYWfai-Heikin-Ashi-RSI-Fade-Short-Strategy,PUB;9323db27734143f79905fd9b151c6ce3,3Commas,strategy,1,1,31,0,0,2026-05-22T11:02:34+00:00,34,Heikin Ashi RSI Fade — Short Strategy  🔷 What it does: This is a short-only strategy that fades extended Heikin Ashi bullish streaks confirmed by a higher-timeframe RSI bias filter. A short entry is opened when the lower-timeframe Heikin Ashi prints a defined number of consecutive bullish candles AND the medium-term RSI is above a soft-bias threshold — the combination targets exhausted bullish thrusts that have run far enough to invite a pullback. The exit is a fixed Take Profit OR a fixed Stop 
https://www.tradingview.com/script/A160JgXS/,Strategy_502 de FranPineda,A160JgXS,PUB;1a190953a81c4a3cbfdd5160d737cdcc,Fran_Pineda,strategy,1,1,39,0,0,2026-05-22T10:55:22+00:00,34,"**Strategy_502 de FranPineda**  Strategy_502 is a hybrid liquidity-based model that combines two different execution ideas: a 3-hour New York range sweep, an M5 Turtle Soup confirmation, and a structural stop-entry trigger.  The strategy first builds a predefined New York range from **06:00 to 08:59 NY time**. Once the range is completed, it starts tracking the highest high and the lowest low formed by the M5 candles after the range close.  The active entry window is from **09:00 to 12:30 NY tim"
https://www.tradingview.com/script/V9WyS98w/,Strategy_501 de FranPineda,V9WyS98w,PUB;fadf35ffc1dd4a9dbffcbb9f164ba891,Fran_Pineda,strategy,1,1,11,0,0,2026-05-22T10:36:04+00:00,34,"**Strategy_501 de FranPineda**  Strategy_501 is a New York session liquidity-based strategy built around a predefined 3-hour range.  The model first creates a range from **06:00 to 08:59 New York time**. Once that range is completed, the strategy starts tracking the highest high and the lowest low formed by the M5 candles after the range closes.  The active entry window runs from **09:00 to 12:30 New York time**.  The strategy does not enter immediately after a liquidity sweep. Instead, it waits"
https://www.tradingview.com/script/0HSCYyyX-v33-ETH-Flip-7H-LIVE/,v33 ETH Flip [7H] LIVE,0HSCYyyX-v33-ETH-Flip-7H-LIVE,PUB;4dc673e3074347aab4cea1ed89290a81,nadav621,strategy,3,1,0,0,0,2026-05-22T10:35:55+00:00,34,Trend-following flip strategy on ETHUSDT 7H. Long entries in bull regime with 7-filter confirmation. Flips short on bear regime crack via 3-layer gate. ATR stop + breakeven ratchet. — v33systematic.com
https://www.tradingview.com/script/fzHhc7AH-v33-BTC-Flip-6H/,v33 BTC Flip [6H],fzHhc7AH-v33-BTC-Flip-6H,PUB;d57e5f9ff9be4db498e48d3ebe2936a7,nadav621,strategy,3,1,1,0,0,2026-05-22T10:30:17+00:00,34,Claude responded: Trend-following flip strategy on BTCUSDT 6H.Trend-following flip strategy on BTCUSDT 6H. Long entries in bull regime with 7-filter confirmation. Flips short on bear regime crack via 3-layer gate. ATR stop + breakeven ratchet. — v33systematic.com
https://www.tradingview.com/script/9tlCV82O-v33-SOL-Flip-5H-LIVE/,v33 SOL Flip [5H]  LIVE,9tlCV82O-v33-SOL-Flip-5H-LIVE,PUB;0cc6e828de1c4e02b21c8bc3cdab526f,nadav621,strategy,3,1,0,0,0,2026-05-22T10:22:26+00:00,34,"v33 SOL Flip   — LIVE A trend-following flip strategy built for SOLUSDT on the 5H timeframe. Enters longs in bull regime (above EMA 200) with 7-layer confirmation: EMA alignment, bullish candle body, momentum push, volume spike, and RSI window. Exits via dual EMA confirmation. Flips short on regime crack through a 3-layer bear gate. ATR-based stop loss with automatic breakeven ratchet.  For more info visit us at v33systematic.com"
https://www.tradingview.com/script/XC77YPtV/,Strategy_500 - Turtle Soup NY V5 M5 Sweep,XC77YPtV,PUB;e0a3d29dc86f4b36af4c37aad79789a7,Fran_Pineda,strategy,1,1,48,0,0,2026-05-22T09:58:28+00:00,34,"**Strategy_500 – Turtle Soup NY M5 Sweep**  This strategy is based on a New York session liquidity model using a predefined 3-hour range.  The first step is to build the range between **06:00 and 08:59 New York time**. Once that range is completed, the strategy waits for price to take liquidity above or below the range during the active trading window, from **09:00 to 12:00 New York time**.  The logic is simple:  Price must first sweep one side of the 3-hour range.  For a **long setup**, price m"
https://www.tradingview.com/script/kCDrDJDl-FCPO-God-Mode-v5-ATR-Volatility-Floor-Friday-PM-Shield/,FCPO God Mode v5 (ATR Volatility Floor & Friday PM Shield),kCDrDJDl-FCPO-God-Mode-v5-ATR-Volatility-Floor-Friday-PM-Shield,PUB;212df1400dce417b924e1589dd90e215,nusser85,strategy,1,1,12,0,0,2026-05-22T09:39:06+00:00,34,"Overview FCPO God Mode v5 is a highly optimized, quantitative trend-following strategy specifically engineered for the Malaysian Crude Palm Oil Futures (FCPO) market. This strategy dynamically adapts to FCPO's high-volatility nature by utilizing a proprietary ATR (Average True Range) Volatility Floor mechanism combined with structural time-based filters to filter out market noise and false breakouts.  Key Features:  Dynamic ATR Volatility Floor: Automatically calculates and updates the minimum v"
https://www.tradingview.com/script/pzZfjtmi-OCC-OB-NR-Pritam/,OCC+OB NR Pritam,pzZfjtmi-OCC-OB-NR-Pritam,PUB;eb2dcaf9aaf64315ba66f5acd8a8e731,senthimurugan,strategy,3,1,5,0,0,2026-05-22T09:25:43+00:00,34,"OCC OB NR PRitam modified and checked, it is based on the last indicator, fine tuned and removed repaint with some added logics, contact to get access of this pine script as a strategy"
https://www.tradingview.com/script/CIkRyg3y-ENSO-USDT-12H-Trend-Pullback-Sniper/,ENSO/USDT 12H Trend Pullback Sniper,CIkRyg3y-ENSO-USDT-12H-Trend-Pullback-Sniper,PUB;fbdcb1d91f91494ba5dd74816656867f,Rr0nchee,strategy,1,1,5,0,0,2026-05-22T08:43:31+00:00,35,Is designed for Enso coin in 12h timeframe Few Trades Full Dicipline
https://www.tradingview.com/script/Z4kcoUGT-Trend-Flow-Strategy/,Trend Flow Strategy,Z4kcoUGT-Trend-Flow-Strategy,PUB;7ffd8c670afe4b5dbc0bc5d4d3a70976,neediness999,strategy,1,1,23,0,0,2026-05-22T07:47:25+00:00,35,"From traditional EMA crosses to Weis Wave volume analysis, RSI reversals, MACD crossovers, Bollinger Band reversion/breakout, SuperTrend flips, Ichimoku breakouts, and a confluence scoring mode that votes across indicators, Trend Flow Strategy is a multi-mode directional trading system that supports 20 different entry styles. Important characteristics:ATR-based trailing stop, take profit, and stop loss A filter for volume confirmation The ADX trend strength filter is optional. VWAP crossover or "
https://www.tradingview.com/script/YgYQ9MG2-Tetrad-Elektro-Community-v1-0/,Tetrad Elektro Community v1.0,YgYQ9MG2-Tetrad-Elektro-Community-v1-0,PUB;c2eea6cce5e74e51a60a04ed18f58a7b,TetradProtocol,strategy,1,1,6,0,0,2026-05-22T07:35:12+00:00,35,"Tetrad Elektro Community is an open-source educational strategy built around Bollinger Band exhaustion, RSI confirmation, and optional bearish divergence logic.  The strategy is designed to identify stretched market conditions where price may be overextended relative to its recent range. Long setups look for price pressing into the lower Bollinger Band with oversold RSI confirmation. Short setups look for upper-band exhaustion, elevated RSI, or bearish divergence where price makes a new high but"
https://www.tradingview.com/script/j6iKZmCf-Post-Absorption-VWAP-Reversal-Engine-V1-6/,Post-Absorption VWAP Reversal Engine V1.6 ,j6iKZmCf-Post-Absorption-VWAP-Reversal-Engine-V1-6,PUB;53f60ff3ebd743358fbd4b3c1b12ecfc,secretmorina,strategy,1,2,150,0,0,2026-05-22T07:26:39+00:00,35,"  Post-Absorption VWAP Reversal Strategy   This strategy is a TradingView/Pine backtesting and paper-trading model built around a specific intraday market-structure idea:   High volume + low price movement + VWAP location = possible absorption and VWAP mean reversion.   The goal is to detect candles where a lot of volume trades, but price does not move very far. This can suggest that aggressive buyers or sellers were absorbed by passive liquidity.  When this happens away from session VWAP, the s"
https://www.tradingview.com/script/8oPS1MJ2-MNQ-16-min-ORB-Fib-Retrace-w-TRIM/,MNQ 16 min. ORB Fib Retrace w/ TRIM,8oPS1MJ2-MNQ-16-min-ORB-Fib-Retrace-w-TRIM,PUB;59815a05550b4054ad6b8b01377a6846,thagrateinc,strategy,2,1,3,0,0,2026-05-22T06:41:53+00:00,35,Something I've fine tuned let me know what you think....
https://www.tradingview.com/script/003Z2UsG-Super-Smart-Indicator-V3/,Super Smart Indicator V3,003Z2UsG-Super-Smart-Indicator-V3,PUB;6bab4d5b554a4170a91e2bae9b0b3174,pal9508,strategy,2,1,5,0,0,2026-05-22T03:05:25+00:00,35,"## Overview The **Super Smart Indicator V2 - Pure Flip** is a trend-following momentum strategy designed to capture clean cyclical swings while eliminating the noise of repetitive or clustered signals.   Unlike traditional moving average crossover systems that frequently whipsaw or crowd your chart with redundant buy/sell shapes, this script uses a strict structural state machine (a flip-flop toggle). It forces the strategy to alternate strictly between Long and Short regimes, creating clean ent"
https://www.tradingview.com/script/RY0Nc2Cz-eth-st-4h-by-ltgs/,ETH st 4h by LTGS,RY0Nc2Cz-eth-st-4h-by-ltgs,PUB;517e6b1881ae4b3eae2b568a0f0eacf7,ltgs,strategy,2,1,18,0,0,2026-05-22T02:24:03+00:00,35,"Стратегия для ETH на таймфрейм 4 часа, на основе объёма.  ВНИМАНИЕ: В настройках стратегии указать - пирамидинг 10, Отметить галочкой, в разделе ""Пересчитать"" - ""После заполнения заявки"" Использовать график ""ETHUSDT spot Binance""  Strategy for ETH on the 4-hour timeframe, based on volume. ATTENTION: In the strategy settings, set: Pyramiding = 10 In the “Recalculate” section, enable the checkbox: “After Order is Filled” Use the “ETHUSDT Spot Binance” chart. "
https://www.tradingview.com/script/HiCVF3w2/,YVM Quant / BTC Spot v1.1.4,HiCVF3w2,PUB;535fee6f32914ec498760b4ffd5c7082,yvmquant,strategy,3,1,1,0,0,2026-05-22T02:15:55+00:00,35,"Algorithmic trading strategy for BTCUSDT 1H built on a full Market Structure Engine (CHoCH/BOS), SuperTrend Dynamic Band, Grade A/B signal system, and Smart Panel. Features: — CHoCH/BOS structural detection — Grade A (full size) + Grade B (reduced size) signals — Fear & Greed proxy filter — BTC Dominance filter — Multi-timeframe: Weekly + Daily + 4H + 1H + M15 — Break-even at TP1 | TP2 at 3R — Smart Panel with 15 real-time fields Access is Invite-Only. Purchase at gumroad.com/yvmquant"
https://www.tradingview.com/script/2082MnUI-Algo-Torma-scalper-Trend-reversal-quant-crawler-V3/,Algo Torma scalper Trend reversal quant crawler V3,2082MnUI-Algo-Torma-scalper-Trend-reversal-quant-crawler-V3,PUB;11a35f89c8854b81b2af2dab1e1ee168,AlgoTorma,strategy,3,2,9,0,0,2026-05-22T02:11:00+00:00,35,"This strategy is a fully automated deep RSI reversal algorithm built exclusively for MNQ and NQ futures contracts on TradingView. It runs on the 5-minute timeframe only and will not execute on any other instrument or timeframe. The Reversal Concept Markets regularly reach short-term exhaustion points where momentum temporarily runs out of fuel. This script is built to identify those precise moments using deep RSI extremes — not to follow the trend, but to fade it when price has overextended and "
https://www.tradingview.com/script/KPoMQJ46-My-strategy-9/,My strategy 9,KPoMQJ46-My-strategy-9,PUB;7ce1b3ce029f4403b7b6c2d8fd301aae,klowdcossey99,strategy,1,1,3,0,0,2026-05-21T23:07:50+00:00,35,"daily high and low, hourly high and low, 30 minute high and low, 15 minute high and low."
https://www.tradingview.com/script/yewi39qC-Algo-Torma-Super-Scalper-MNQ-NQ-QUANTCrawler-v2/,Algo Torma - Super Scalper [MNQ-NQ QUANTCrawler v2],yewi39qC-Algo-Torma-Super-Scalper-MNQ-NQ-QUANTCrawler-v2,PUB;92e06499f4b64284bb60bc3993094eaf,AlgoTorma,strategy,3,3,11,0,0,2026-05-21T22:40:00+00:00,35,"This strategy is a fully automated RSI-based deep mean-reversion algorithm built exclusively for MNQ and NQ futures contracts on TradingView. It works on intraday timeframes and will not execute on any other instrument. The Reversal Concept Markets don't move in straight lines. Even in strong trends, price regularly reaches short-term exhaustion points where momentum buyers or sellers are temporarily depleted. This script is designed to identify those precise moments — not to follow the trend, b"
https://www.tradingview.com/script/rbD8z0bh-Algo-Torma-Super-Scalper-BTC-USDT/,Algo Torma - Super Scalper [BTC-USDT],rbD8z0bh-Algo-Torma-Super-Scalper-BTC-USDT,PUB;9d279caacd6d413cb5a3ddbbf8b9ea7f,AlgoTorma,strategy,3,1,5,0,0,2026-05-21T21:26:49+00:00,35,"this strategy is a fully automated deep RSI reversal algorithm built exclusively for BTCUSDT on TradingView. It runs on the 1-minute and 5-minute timeframes only and will not execute on any other instrument or timeframe. The Reversal Concept Bitcoin is one of the most volatile liquid assets available, prone to sharp momentum spikes that regularly exhaust and reverse. This script is tuned specifically for BTCUSDT's price behavior — identifying those exhaustion moments using deep RSI extremes and "
https://www.tradingview.com/script/Ug2MskbZ-Algo-Torma-Super-Scalper-GC-MGC/,Algo Torma - Super Scalper [GC-MGC],Ug2MskbZ-Algo-Torma-Super-Scalper-GC-MGC,PUB;7ee0fb53320d4c1cb0b865f376d82c94,AlgoTorma,strategy,3,1,3,0,0,2026-05-21T21:13:54+00:00,35,"This strategy is a fully automated deep RSI reversal algorithm built exclusively for GC and MGC gold futures contracts on TradingView. It runs on the 2-minute and 5-minute timeframes only and will not execute on any other instrument or timeframe. The Reversal Concept Gold futures are known for sharp, momentum-driven moves that regularly overshoot and snap back. This script is specifically tuned to exploit those exhaustion points in GC and MGC — not by following the move, but by fading it once RS"
https://www.tradingview.com/script/m9l6iCRv-Algo-Torma-Super-Scalper-ES-MES/,Algo Torma - Super Scalper [ES-MES],m9l6iCRv-Algo-Torma-Super-Scalper-ES-MES,PUB;4477d9adcff54dc2b674b99a3dd3795d,AlgoTorma,strategy,3,2,6,0,0,2026-05-21T21:07:08+00:00,35,"This strategy is a fully automated deep RSI reversal algorithm built exclusively for ES and MES futures contracts on TradingView. It runs on the 2-minute and 5-minute timeframes only and will not execute on any other instrument or timeframe. The Reversal Concept This script is designed to identify short-term exhaustion points in the ES and MES markets — moments where price has pushed too far, too fast, and momentum has begun to stall. Rather than following the trend, it fades confirmed RSI extre"
https://www.tradingview.com/script/jTHvkEVo-Trailing-Bot-Solana-30-min/,Trailing Bot Solana 30 min,jTHvkEVo-Trailing-Bot-Solana-30-min,PUB;d67119ecd0d7465f813dd44291695c59,shurben5,strategy,1,1,17,0,0,2026-05-21T20:54:29+00:00,35,"Same thing as my 15 min trailing, but with a 30 min interval and 0.1 trailing stop at 0.6 profit "
https://www.tradingview.com/script/IVx6SIX8-tradingview-BOT-Trailing-15-min/,tradingview BOT Trailing 15 min,IVx6SIX8-tradingview-BOT-Trailing-15-min,PUB;e709567d3058470e8699bfbd9e449a6f,shurben5,strategy,1,1,24,0,0,2026-05-21T20:46:32+00:00,35,Trails your wins in 15 min intervals. with a very tight trailing stop. Less risk more fun
https://www.tradingview.com/script/hlD5gerI-bruno-iarussi-MNQ/,bruno iarussi MNQ,hlD5gerI-bruno-iarussi-MNQ,PUB;b427bdcd63464df886afdb78d3048700,investmentbico,strategy,2,1,7,0,0,2026-05-21T19:05:51+00:00,35,perfect for any ticker amazing returns you welcome mean reversal and small stop losses
https://www.tradingview.com/script/pNw0vfYQ-Algo-Torma-Scalper-Trend-Reversal-Quantcrawler/,Algo Torma - Scalper Trend Reversal [Quantcrawler],pNw0vfYQ-Algo-Torma-Scalper-Trend-Reversal-Quantcrawler,PUB;7628a6e48e794ad48e24886268339a72,AlgoTorma,strategy,3,2,5,0,0,2026-05-21T17:50:02+00:00,35,"Algo Torma Scalper Reversal Pro — MNQ / NQ Only This strategy is a fully automated RSI-based deep mean-reversion algorithm built exclusively for MNQ and NQ futures contracts on TradingView. It works on intraday timeframes and will not execute on any other instrument. The Reversal Concept Markets don't move in straight lines. Even in strong trends, price regularly reaches short-term exhaustion points where momentum buyers or sellers are temporarily depleted. This script is designed to identify th"
https://www.tradingview.com/script/XXuyp1fc/,Sweep & React,XXuyp1fc,PUB;e522daab897a47c99fb391f55b3759f5,cuandrew,strategy,1,1,55,0,0,2026-05-21T17:29:11+00:00,35,"Sweep and Reaction is a Fractal Sweep Reversal system designed for TradingView.  The indicator detects liquidity sweeps at 5-bar fractals and searches for an immediate market reaction afterward.  Core idea: A sweep without an instant reaction is often weak. Therefore, only setups with direct momentum after the sweep are considered valid.  Features * Detects 5-bar fractals (highs and lows) * Valid setup: * price sweeps a fractal * closes back inside * Entry only on the immediately following candl"
https://www.tradingview.com/script/ErMn3P31-Algo-Torma-Scalper-Trend-Reversal-5min/,Algo Torma - Scalper Trend Reversal [5min],ErMn3P31-Algo-Torma-Scalper-Trend-Reversal-5min,PUB;1e6d39cdef0f4c9e97e8e1bcc607d4b8,AlgoTorma,strategy,3,3,12,0,0,2026-05-21T17:22:24+00:00,35,Algo Torma Scalper trend reversal — MNQ / NQ Only This strategy is a fully automated deep RSI reversal algorithm built exclusively for MNQ and NQ futures contracts on TradingView. It runs on the 5-minute timeframe only and will not execute on any other instrument or timeframe. The Reversal Concept Markets regularly reach short-term exhaustion points where momentum temporarily runs out of fuel. This script is built to identify those precise moments using deep RSI extremes — not to follow the tren
https://www.tradingview.com/script/Ws8jBw9v-Algo-Torma-Scalper-Trend-Reversal-1min/,Algo Torma - Scalper Trend Reversal [1min],Ws8jBw9v-Algo-Torma-Scalper-Trend-Reversal-1min,PUB;413edddab81c49e4abd2bd597ceb7c96,AlgoTorma,strategy,3,2,11,0,0,2026-05-21T17:00:41+00:00,35,"Algo Torma Scalper Reversal Pro — MNQ / NQ Only This strategy is a fully automated RSI-based deep mean-reversion algorithm built exclusively for MNQ and NQ futures contracts on TradingView. It works on intraday timeframes and will not execute on any other instrument. The Reversal Concept Markets don't move in straight lines. Even in strong trends, price regularly reaches short-term exhaustion points where momentum buyers or sellers are temporarily depleted. This script is designed to identify th"
https://www.tradingview.com/script/osDZvK10/,sebbiottino  Trailing Stop so good ger40 1m ,osDZvK10,PUB;4c5b4e90b84848b2829653daa66d6851,sebbiottinofx,strategy,1,1,49,0,0,2026-05-21T15:48:42+00:00,35,"trend following 1 m  by sebbiottino, zero lag trend indicator turn into a scalping strategy that work very well on ger 40 base on 1000 trades"
https://www.tradingview.com/script/YgAz2p0E-tradingview-BOT-GOAT-2-0/,tradingview BOT GOAT 2.0,YgAz2p0E-tradingview-BOT-GOAT-2-0,PUB;f82faf52d7c84cb695ff496743987311,shurben5,strategy,1,1,12,0,0,2026-05-21T15:34:39+00:00,35,30 min interval use entry arrows and exits. using this for a trading bot. 
https://www.tradingview.com/script/rj7AKFiM-UT-BOT-SHAH-200-50-Ema/,UT BOT - SHAH 200/50 Ema,rj7AKFiM-UT-BOT-SHAH-200-50-Ema,PUB;02f8d6380a544eab9b08fae1ff9e8188,Syed_Shah_Hassan,strategy,1,1,16,0,0,2026-05-21T13:45:47+00:00,35,"UT BOT - based on  200/50 Ema crossing for buy and sell signal, safe and sound"
https://www.tradingview.com/script/ZQarsAlq/,Roji Scalping Pattern TP1/TP2 by MiniBoss,ZQarsAlq,PUB;6bb709ee444d4dc8af861e6c1ad98574,MINIBOSS1234,strategy,1,1,137,0,0,2026-05-21T12:34:07+00:00,36,"Since this strategy was devised for testing within a group of friends, we wanted to share it with the community. For the entry and exit points, you'll need to do some backtesting and find your own guidelines, as everyone has a different trading style."
https://www.tradingview.com/script/bjoh9PTd-XAU-Grid-Bot-Long-Strategy/,XAU Grid Bot - Long Strategy,bjoh9PTd-XAU-Grid-Bot-Long-Strategy,PUB;0d2d56107d3f43dab0eab62f9d603c56,3Commas,strategy,1,1,44,0,0,2026-05-21T09:39:27+00:00,36,"XAU Grid Bot — Long Strategy  🔷 What it does: This is a long-only price-grid strategy that operates between two fixed bounds and harvests volatility through repeated round-trips on a pre-defined ladder of price levels. Each level is an independent slot: when price crosses down through a level, the strategy buys one slot; when price crosses up through the level immediately above, that slot is closed for a fixed profit. The grid is generated geometrically by default (constant percent step), so the"
https://www.tradingview.com/script/e9X3n2Lv-100-win-rate-Stoptrail-for-NQ-1-minute/,100% win rate Stoptrail for NQ 1 minute,e9X3n2Lv-100-win-rate-Stoptrail-for-NQ-1-minute,PUB;3f24d1a330af4714bb5f196aa9fe45f9,edkamminga1,strategy,2,1,34,0,0,2026-05-21T09:19:57+00:00,36,if you follow the buy and sell indicators and get out when they say to you will 100% win every trade that is on the 1 minute for NQ. Not tested for made for any other symbol right now. This also has a flip side too it i know there is a huge drawdown that this can be and a few trades that may last hours or longer depending on market so you can try your best and maybe flip the buy and sell indicators from what is says to enter your trade and just take a profit when you want with a trailing stop. I
https://www.tradingview.com/script/aGoMX4ZV/,Volume Spike Strategy,aGoMX4ZV,PUB;9697b9da888e4a2db5757a70dc358ca5,yaserbafarat,strategy,2,1,4,0,0,2026-05-21T07:26:25+00:00,36,"volume-based momentum strategy optimized for 1-minute intraday scalping. Core logic: enters long when volume exceeds configurable moving average multiplier, with optional price direction filter (any/up/down candles). Four exit modes: fixed bar count hold, trailing stop percentage, fixed stop loss percentage, or fixed take profit percentage. Built-in volume statistics table displays avg volume, current volume, multiplier threshold, spike status and position size in real-time. Adjustable MA type ("
https://www.tradingview.com/script/ei4nXaES-CT-Strategy/,CT Strategy,ei4nXaES-CT-Strategy,PUB;fe8ffad18e8e4e39a644d853f14c942a,CongTrader,strategy,3,1,1,0,0,2026-05-21T04:30:31+00:00,36,"CTZ ICT FVG DCA Strategy  This strategy is built around ICT-style Fair Value Gap logic with liquidity sweeps, higher-timeframe bias filtering, chart/HTF FVG confirmation, and DCA-style position management.  Key Features: • Bullish and bearish Fair Value Gap detection • Liquidity sweep confirmation • Higher-timeframe EMA bias filter • Optional HTF FVG match filter • Chart FVG and HTF FVG support • DCA entries with average entry and TP tracking • Entry and TP lines plotted on the chart • Adjustabl"
https://www.tradingview.com/script/IDT5846T-tradingview-BOT-GOAT/,tradingview BOT GOAT,IDT5846T-tradingview-BOT-GOAT,PUB;d3102e5374f54979a94c12a67472abc9,shurben5,strategy,1,1,13,0,0,2026-05-21T03:43:40+00:00,36,Follows EMA and looks for swing values. Use the arrows to buy and sell during market hours.  
https://www.tradingview.com/script/CSGmHoik-TASC-2026-06-One-Percent-A-Week-Adaptive/,TASC 2026.06 One Percent A Week - Adaptive,CSGmHoik-TASC-2026-06-One-Percent-A-Week-Adaptive,PUB;e6f6c156de904413904e583a2be748b7,PineCodersTASC,strategy,1,1,202,0,1,2026-05-21T02:21:26+00:00,36,"█ OVERVIEW   This script implements a variant of Dion Kurczek's ""High-Probability Weekly Trading Strategy For TQQQ"" concept, as presented in his article ""Part 2: Variations and Community Enhancements"" in the  June 2026 edition of the TASC Traders' Tips . In the article, the author explores multiple possible revisions to the original strategy. In this publication, we've adapted the final revision presented in the article: the ""Adaptive Weekly Momentum Exit"" model.     █ BACKGROUND   The One Perce"
https://www.tradingview.com/script/EVvWJ4Us-Stochastic-Bot-with-SL-TP/,Stochastic Bot with SL/TP,EVvWJ4Us-Stochastic-Bot-with-SL-TP,PUB;be5d128d227843779683650a52feb8b9,JimmyPerez,strategy,1,1,23,0,0,2026-05-20T17:21:31+00:00,36,"Stochastic Momentum Bot with Risk Management    Description   This trading bot is an automated strategy designed for TradingView. It aims to capitalize on short-term price reversals by identifying when an asset is temporarily ""oversold"" (priced too low) or ""overbought"" (priced too high) using the Stochastic Oscillator.  Unlike basic indicator scripts that simply highlight buy and sell signals on a chart, this is a full Strategy Script. This means it virtually executes trades using historical dat"
https://www.tradingview.com/script/wVOYvypd-LIT-Inducment-IDM-Hub3/, LIT / Inducment / IDM / Hub3 ,wVOYvypd-LIT-Inducment-IDM-Hub3,PUB;4a4eebda8cda42c0ac2484d699f95e89,indexalgo,strategy,3,1,28,0,1,2026-05-20T16:45:24+00:00,36,"🟢 Overview Index Algo is a structure-based analytical and execution system designed to turn market reading into a disciplined, trackable, and assessable trading process. It begins by identifying market structure and valid zones or levels, then evaluates price confirmation, assesses trade risk and execution conditions, and continues with position management after entry. Index Algo is not merely a zone-plotting tool or a signal generator. Instead, it is designed to address the most important quest"
https://www.tradingview.com/script/uZaZ7Zji-Helios-Institutional-Synthesis-Strategy-JOAT/,Helios Institutional Synthesis Strategy [JOAT],uZaZ7Zji-Helios-Institutional-Synthesis-Strategy-JOAT,PUB;077de8e4d8c44804ab5387306371df95,officialjackofalltrades,strategy,1,1,12,0,0,2026-05-20T16:41:51+00:00,36,"Helios Institutional Synthesis Strategy     Introduction   Helios Institutional Synthesis Strategy is an open-source Pine v6 strategy that integrates regime detection, trend bias, VWAP location, premium/discount context, liquidity sweeps, volatility gating, structured ATR stops, target levels, trailing exits, time exits, and visual trade-zone boxes.  The strategy is designed as a realistic testing framework, not a performance promise. It uses confirmed-bar triggers, process-on-close order handli"
https://www.tradingview.com/script/qgofvS9I-Dual-RSI-DCA-Long-Strategy/,Dual RSI DCA - Long Strategy,qgofvS9I-Dual-RSI-DCA-Long-Strategy,PUB;56eaac3bd6364416be90a7c241d4d72c,3Commas,strategy,1,1,497,0,6,2026-05-20T09:10:50+00:00,36,"Dual RSI DCA — Long Strategy  🔷 What it does: This is a long-only DCA framework that combines two independent RSI conditions on a low timeframe — one gates the base entry (oversold reversal), one arms the take-profit (overbought rotation) — with a bounded five-level averaging-order ladder for adverse price action. The structure is built for assets that move in fast oversold-overbought oscillations on intraday timeframes (mid-cap altcoins, meme-class tokens, DEX-flow pairs), where the goal is to "
https://www.tradingview.com/script/PrmKRxS2-26-Publish-NiftyPRO/,26_Publish_NiftyPRO,PrmKRxS2-26-Publish-NiftyPRO,PUB;a0c88086cd4344729c442b0a977ac6fb,sandeeptest171,strategy,2,1,7,0,0,2026-05-20T07:20:33+00:00,36,"Only for Nifty, Dhan secret need to change as per webhook Validity.  expiry Date need to set every tuesday post mkt close for next week for Weekly.  expiry Date need to set last tuesday post mkt close for next month for monthly.   Trade will be taken on ITM 100 points Strike for target of 150 points captured on Nifty Future chart."
https://www.tradingview.com/script/BVh0SuxM-VWAP-EMA-Strategy-Call-Option/,VWAP EMA Strategy - Call Option,BVh0SuxM-VWAP-EMA-Strategy-Call-Option,PUB;8d655aab619448119bad6ca65190a560,dressieremu,strategy,2,1,2,0,0,2026-05-20T04:44:21+00:00,36,"This strategy measures price action relative to EMA (Retail Traders) and VWAP (Institutional Traders). It measures when price closes within .25$ from the VWAP but rises even after price moves downwards towards the VWAP (Institutional support), and will signal when price closes above major moving averages (Retail Support and Gain of Support) 8EMA, 21EMA, 50EMA, EMA input can be customized to match your own strategy)). This strategy is NOT financial advice and is best used in conjunction with othe"
https://www.tradingview.com/script/ftCUPbN5-VWAP-EMA-Strategy-PUT-Options/,VWAP EMA Strategy - PUT Options,ftCUPbN5-VWAP-EMA-Strategy-PUT-Options,PUB;81d251fba4a24aa39e703fac3687de2e,dressieremu,strategy,2,1,1,0,0,2026-05-20T04:39:09+00:00,36,"This strategy measures price action relative to EMA (Retail Traders) and VWAP (Institutional Traders). It measures when price closes within .25$ from the VWAP but falls even after price moves upwards towards the VWAP (Institutional Rejection), and will signal when price falls below major moving averages (Retail Rejection and Loss of Support) 8EMA, 21EMA, 50EMA, EMA input can be customized to match your own strategy)). This strategy is NOT financial advice and is best used in conjunction with oth"
https://www.tradingview.com/script/uyQ8ZSCq-NQ-Scalper-Pro-v7-0-Vwap-Dev-Dashboard/,NQ Scalper Pro v7.0 [Vwap Dev + Dashboard],uyQ8ZSCq-NQ-Scalper-Pro-v7-0-Vwap-Dev-Dashboard,PUB;9682bbb573504e588f3aa5b2b23de426,MesattoCapital,strategy,2,1,16,0,0,2026-05-20T04:06:52+00:00,36,"## NQ Scalper v7.0 — TradingView Description  **NQ Scalper v7.0** is a lightweight intraday trend-following scalping strategy designed for Nasdaq/NQ trading. It focuses on confirmed momentum, institutional reference levels, disciplined trade filtering, and stable chart performance.  ---  ## Core Strategy Logic  The strategy uses a **fast/slow EMA crossover** as the primary signal trigger. A separate **trend EMA** helps confirm broader price direction. Long trades are filtered when price is above"
https://www.tradingview.com/script/kM1VxEar-Strong-Momentum-Real-RVOL-Strategy/,Strong Momentum + Real RVOL Strategy,kM1VxEar-Strong-Momentum-Real-RVOL-Strategy,PUB;8902cbf467804794a9b459552044597f,diaa_t_tamimi,strategy,3,1,0,0,0,2026-05-20T03:48:22+00:00,36,"Strong Momentum + Real RVOL Strategy combines multi-timeframe momentum confirmation with real participation-based volume analysis to detect strong long opportunities during regular market hours.  The strategy uses the Strong Momentum Table logic across the 3m, 5m, 10m, 15m, and 30m timeframes. Entries occur only when the configured minimum number of buy signals align across those timeframes. Buy strength can be configured from 1 Buy up to 5 Buy confirmations.  In addition to momentum confirmatio"
https://www.tradingview.com/script/evDtaoej-Adaptive-Swing-Strategy/,Adaptive Swing Strategy ,evDtaoej-Adaptive-Swing-Strategy,PUB;9d3a6337891842efab7b1b95e05a18b5,simonfuture2,strategy,2,1,11,0,0,2026-05-19T20:07:12+00:00,36,"Overview   This is a swing-focused, trend-following strategy that requires three independent confirmations before opening a position: trend direction (SuperTrend), price-channel breakout (SSL Hybrid), and momentum agreement (QQE MOD). Exits fire when the trend confirmation flips against the position. A stack of optional filters — ATR, EMA, ADX, DMI, a second ""filter"" SuperTrend, a daily-volume filter, a higher-timeframe trend filter, and a distance-from-baseline cap — lets you tune the system fr"
https://www.tradingview.com/script/hJQGMwAH-DurdenBTC-The-8th-Rule/,[DurdenBTC] The 8th Rule,hJQGMwAH-DurdenBTC-The-8th-Rule,PUB;cfdf5e9446f84323812dce68fc0e440e,DurdensBitcoinLedger,strategy,2,4,202,0,0,2026-05-19T19:22:55+00:00,36,"The 8th Rule: a regime-based trend system for traders who don't want to babysit charts.   Most ""trend indicators"" are one-trick ponies.. they tell you the direction, then leave you guessing on size and exits. The 8th Rule is built around a different question:  given the current trend, how convinced should I actually be?   That conviction is everything. It's the difference between a 25% probe position and a 100% full-allocation send.  — —   How it works (the 30-second version):   Two engines vote"
https://www.tradingview.com/script/EitZg4St-UT-BOT-ALERT-SHAH/,UT BOT ALERT - SHAH,EitZg4St-UT-BOT-ALERT-SHAH,PUB;bff8c58c1c7d400ba2f49486e3f8e823,Syed_Shah_Hassan,strategy,1,1,14,0,1,2026-05-19T17:43:54+00:00,36,"its a AI to use for Scalping, thanks me later   Shah -Zaidi"
https://www.tradingview.com/script/FSfAgQfm-JD-CL-15m-Capitulation-Sleeve-64k/,JD CL 15m Capitulation Sleeve 64k ,FSfAgQfm-JD-CL-15m-Capitulation-Sleeve-64k,PUB;ec123b2c728e4040a6b4029acec9e641,AnonAg,strategy,3,1,1,0,0,2026-05-19T16:36:43+00:00,36,"This strategy is designed for CL1! crude oil futures on the 15-minute timeframe. It combines short-term intraday execution with higher-timeframe market context, using broader trend and regime filters to avoid taking trades that are misaligned with the dominant market structure.  The model is built around multiple independent trade “sleeves,” each designed for a different type of market behavior. One sleeve focuses on trend continuation, another targets more balanced or rotational conditions, and"
https://www.tradingview.com/script/qMlAkhMs/,m4,qMlAkhMs,PUB;697a60b7ed76424bb1898e3295daf057,M4-X,strategy,3,1,3,0,0,2026-05-19T13:15:47+00:00,36,纳斯达克一分钟交易
https://www.tradingview.com/script/qfqRq8DM/,NAS100 / SP500 - Turtle Soup NY V4 FIXED,qfqRq8DM,PUB;c9d9139d9ff14d7e8d8f5e4d2f22bb6d,pacorodriguez_ber,strategy,1,1,22,0,0,2026-05-19T12:16:34+00:00,36,"Estrategia simple y directa. Espero que a la apertura de la sesión de NY se lleve el bajo o el alto del SP500 o Nasdaq. Una vez lo manipula y da una confirmacion con vela expansiva, esperamos retroceso y entrada en long o short hasta el extremo contrario. Así de simple, así de directo.  Testéalo.   DESCARGO DE RESPONSABILIDAD LEGAL Y ADVERTENCIA DE RIESGO DE INVERSIÓN1. Contenido estrictamente informativoToda la información, análisis, gráficos, opiniones o estrategias compartidas en este espacio"
https://www.tradingview.com/script/Dc5iUh2F-3Commas-UNI-Vault-Grid-UNI-USDT/,[3Commas] UNI Vault Grid - UNI/USDT,Dc5iUh2F-3Commas-UNI-Vault-Grid-UNI-USDT,PUB;333c3df4d9d84f8fb42d357672e8ee60,3Commas,strategy,1,1,13,0,1,2026-05-19T10:41:02+00:00,36," UNI Vault Grid — UNI/USDT  🔷 What it does: This strategy implements a static geometric grid trading system for Uniswap (UNI), designed to capture range-bound oscillations between a configurable High and Low price boundary. It pre-computes 57 price levels using geometric spacing (≈ 0.61% step), buys at each level on close-cross-down, and sells at the next level up on close-cross-up. Unlike adaptive grid variants with trailing logic, this version stays locked to the original range — no auto-shift"
https://www.tradingview.com/script/vxQ5o39J-Quant-Synthesis-Strategy-JOAT/,Quant Synthesis Strategy [JOAT],vxQ5o39J-Quant-Synthesis-Strategy-JOAT,PUB;4cbbbe63ec684210ba1ecc3bc97020c4,officialjackofalltrades,strategy,1,1,17,0,0,2026-05-19T01:22:49+00:00,37,"Quant Synthesis Strategy     Introduction   QSS Quant Synthesis Strategy is an open-source TradingView strategy that integrates regime detection, higher-timeframe bias, confirmed structure, session opening-range context, volume participation, trend energy, ATR exits, cooldowns, and session risk controls.  The strategy is designed as a realistic research baseline, not an optimized profit promise. Its purpose is to demonstrate how the JOAT indicator concepts can be combined into a non-repainting s"
https://www.tradingview.com/script/Wqoj4Otb/,Alessio Cattaneo Algoritmo,Wqoj4Otb,PUB;f874186e4e4f43088add4bc84a08d6bf,Alessio_Cattaneo,strategy,3,9,2,0,0,2026-05-18T21:33:31+00:00,37,"Impostare: - Commissioni 0 - Quantità a trade fissa ad 1 - Margine richiesto 1% - Usare su TF 1m Per avere l'accesso, comprare su tradinglab.me/lab Indicatore di proprietà di Alessio Cattaneo, vietata la redistribuzione --- --- --- --- --- ---"
https://www.tradingview.com/script/uRk4rfAG/,Hi Fast TurtleGate BOT Clean,uRk4rfAG,PUB;03ab3b606ccd4c729ed66591e740d09a,timucini,strategy,2,2,5,0,0,2026-05-18T21:18:42+00:00,37,"Hi Fast TurtleGate BOT  This strategy is designed for 15-minute charts and is built to capture trend-continuation moves using a combination of Heikin Ashi candles, Hull MA, Ichimoku Kinko Hyo, and a Turtle/Donchian breakout filter.  The main trend direction is determined by the Hull MA slope and Ichimoku conditions. Before opening a new position, the strategy also checks whether price has broken out of a recent Turtle/Donchian channel. This additional breakout gate is intended to reduce unnecess"
https://www.tradingview.com/script/7f1o7zhJ-Regime-Execution-Strategy-JOAT/,Regime Execution Strategy [JOAT],7f1o7zhJ-Regime-Execution-Strategy-JOAT,PUB;9601b3bab76049f08d116f465be2d7af,officialjackofalltrades,strategy,1,1,19,0,0,2026-05-18T19:11:35+00:00,37,"Regime Execution Strategy     Introduction   Regime Execution Strategy is an open-source TradingView strategy that integrates adaptive forecast context, extreme-channel state, trend pressure, relative volume, and EMA structure into a single rule-based execution model. The strategy is designed to be realistic, non-repainting, and readable rather than curve-fit to one symbol.  The problem it solves is trade filtering. A single signal source can trigger too often in poor conditions. Regime Executio"
https://www.tradingview.com/script/ERAn3ljA-Mean-Reversion-at-or-under-200MA/,Mean Reversion at or under 200MA,ERAn3ljA-Mean-Reversion-at-or-under-200MA,PUB;20c48e333ea04fb4aabb4d59812c36c0,josephgregory8976,strategy,1,1,16,0,0,2026-05-18T16:43:20+00:00,37,"This strategy is based on the 30 minute of the S&P futures chart, MES  A Long Buy will be executed if, the EMA 9 or price comes down to or under the 200 MA, AND THEN the slope of the ema 9 subsequently changes from negative to positive.  The buy will be executed either; at a retest of the local lows (defined by the lowest wick between the most recent red candle that is subsequently followed by a green candle) (a retest is defined as 70% retrace from the local highs (inversely defined from local "
https://www.tradingview.com/script/5LYHXbqi-Mpatel-RSI-2-Entry-stock-etf-future/,Mpatel RSI 2-Entry (stock+etf+future),5LYHXbqi-Mpatel-RSI-2-Entry-stock-etf-future,PUB;adf5b4a94f854a069eb37663ef31c498,mpatel3559,strategy,1,1,6,0,0,2026-05-18T15:57:16+00:00,37,rsi strategy modify with 2 entry point at preset drop %
https://www.tradingview.com/script/nG4WQrtx-SIDE-TICK-Range-Breakout-STRATEGY/,SIDE TICK - Range Breakout STRATEGY,nG4WQrtx-SIDE-TICK-Range-Breakout-STRATEGY,PUB;2a01f15fd2f64a388d0a0cd6d88f3e8a,SideTick,strategy,2,1,182,0,0,2026-05-18T15:27:37+00:00,37,"SIDE TICK – Range Breakout STRATEGY 📊  A rules-based intraday breakout system built around a single time-defined reference candle.  🧠 How It Works – The Methodology The strategy identifies one specific candle per trading session — defined by a user-set hour and minute — and uses that candle's High and Low as the structural foundation for the entire trade. Execution logic step by step:  At the specified time, the High and Low of that candle are recorded as the reference range A stop-buy order is "
https://www.tradingview.com/script/E6aSnGOI-BTC-Gaussian-Trend-Channel-Strategy-V1/,BTC Gaussian Trend Channel Strategy V1,E6aSnGOI-BTC-Gaussian-Trend-Channel-Strategy-V1,PUB;faf5698bdcac4ed2b4302e87fdda099d,amit_ahuja_7,strategy,2,2,5,0,0,2026-05-18T14:55:55+00:00,37,"Gaussian Trend Channel Strategy V1  A clean, high-clarity trend strategy built for traders who want fast visual confirmation and disciplined execution on BTC 15-minute charts.  This script uses a Gaussian-style smoothed trend basis combined with adaptive ATR channel bands to identify momentum shifts with minimal chart clutter. The core idea is simple and practical:  Buy when the Gaussian trend line turns green Sell when the Gaussian trend line turns red Exit positions when the color flips agains"
https://www.tradingview.com/script/4A01KG1g/,BTC Market Reader,4A01KG1g,PUB;649275a84e4d4e36a64a5c3cb08447ff,EdgeTrade_,strategy,2,2,3,0,0,2026-05-18T14:03:09+00:00,37,English  BTC Market Reader is a visual BTC-focused market analysis panel designed for crypto traders using 15-minute charts.  The system combines: • BTC trend direction • Market momentum • LONG / SHORT pressure • Quality filtering • Higher timeframe confirmation  It is optimized specifically for: • 15-minute crypto trading • Binance Futures style market behavior • Fast directional market reading  This is not an automatic signal system. The goal is to help traders quickly understand whether marke
https://www.tradingview.com/script/0ndFij69/,SR CHART PATTERN SCALPER V1,0ndFij69,PUB;a1f01eabf2894df1916826bf16713e60,anthony_eglmada,strategy,1,1,21,0,0,2026-05-18T12:52:07+00:00,37,"SR Chart Pattern Scalper V1 is a non-repaint TradingView strategy designed to identify measurable price action setups based on confirmed support and resistance levels combined with classic chart patterns.  The strategy uses confirmed pivot highs and pivot lows to define support and resistance zones. It then detects several well-known chart patterns, including Double Bottom, Double Top, Breakout + Retest, Rectangle Breakout, and Triangle Breakout.  All signals are generated only after candle clos"
https://www.tradingview.com/script/5YqXo32H/,GOLD AI Strategy v2.0,5YqXo32H,PUB;c7c761b0e5794274b90e597891df79d1,francescodimichele,strategy,1,1,53,0,0,2026-05-18T12:40:48+00:00,37,imeframe: H1 ottimale  |  M15–H4 compatibile // Licenza  : Solo uso educativo — non è consulenza finanziaria
https://www.tradingview.com/script/OEeqwUwB-3Commas-Ether-Vault-Grid-ETH-USDT/,[3Commas] Ether Vault Grid - ETH/USDT,OEeqwUwB-3Commas-Ether-Vault-Grid-ETH-USDT,PUB;c445186a7fc9411a8e2ec81229b5204d,3Commas,strategy,1,1,12,0,0,2026-05-18T11:28:10+00:00,37," Ether Vault Grid — ETH/USDT  🔷 What it does: This strategy implements a static geometric grid trading system for Ethereum, designed to capture range-bound oscillations between a configurable High and Low price boundary. It pre-computes 28 price levels using geometric spacing (≈ 1.23% step), buys at each level on close-cross-down, and sells at the next level up on close-cross-up. Unlike adaptive grid variants with trailing logic, this version stays locked to the original range — no auto-shift up"
https://www.tradingview.com/script/AFViDMkC-Ankh-Scalper-V7-5-Pro-Visual-BTC/,Ankh Scalper V7.5 Pro Visual BTC,AFViDMkC-Ankh-Scalper-V7-5-Pro-Visual-BTC,PUB;2d8d7e85f0dd4cd59f42854452ee29d7,Ankh-trades,strategy,3,1,2,0,0,2026-05-18T10:45:21+00:00,37,"ANKH SCALPER V7.5 PRO VISUAL BTC is a professional visual trading system designed specifically for BTC traders seeking cleaner market direction, high-quality trend continuation signals, and improved chart readability.  Built for both newer and experienced traders, the indicator provides clear BUY and SELL markers, live dashboard statistics, trend visualization, continuation tracking, and dynamic market bias detection to help traders stay aligned with market direction.  Features include:  • Clear"
https://www.tradingview.com/script/GwO61zVj-ANKH-SCALPER-V7-5-PRO-VISUAL-BTC/,ANKH SCALPER V7.5 PRO VISUAL BTC,GwO61zVj-ANKH-SCALPER-V7-5-PRO-VISUAL-BTC,PUB;7c15a39f64b14785a4565cddd164d939,Ankh-trades,strategy,3,1,3,0,0,2026-05-18T09:13:21+00:00,37,"ANKH SCALPER V7.5 PRO VISUAL GOLD is a professional visual trading system designed specifically for GOLD traders seeking cleaner market direction, high-quality trend continuation signals, and improved chart readability.  Built for both newer and experienced traders, the indicator provides clear BUY and SELL markers, live dashboard statistics, trend visualization, continuation tracking, and dynamic market bias detection to help traders stay aligned with market direction.  Features include:  • Cle"
https://www.tradingview.com/script/DyQPPLW4/,Fengqi Box,DyQPPLW4,PUB;98f42ddef5ae4d6eb0c69969fa202195,importantTortoise76r7q,strategy,2,2,4,0,0,2026-05-18T08:25:19+00:00,37,箱体突破系统，持续更新中
https://www.tradingview.com/script/tpQ1hMW8-MM-Wealth-Strategy/,MM Wealth Strategy,tpQ1hMW8-MM-Wealth-Strategy,PUB;30ac1ea72af144ebb4280289ac8f1c22,MillennialMoneyWealth,strategy,3,1,1,0,0,2026-05-18T08:10:22+00:00,37,"MM Wealth Strategy  The MM Wealth Strategy is a trend-following momentum breakout strategy designed to identify high-probability trading opportunities across multiple asset classes, including Bitcoin, Gold, NASDAQ, US30, and GER40.  The strategy combines moving average trend analysis, momentum confirmation, market structure breaks, and higher-timeframe context to generate objective BUY and SELL signals.  ⸻  Core Strategy Concept  The strategy looks for moments when:  1. A major trend is establis"
https://www.tradingview.com/script/2hG8mwzu-Trend-Sync-Pro/,Trend Sync Pro,2hG8mwzu-Trend-Sync-Pro,PUB;b789c75b105e42728e0327cc076f328e,AlgoChief,strategy,3,1,2,0,0,2026-05-18T08:07:51+00:00,37," DESCRIPTION ━━━━━━━━━━━━━━━━━━━━━━━━━━━━━━━━━━━━━━━━━━━━━━━━━━━━━━━   Trend Sync Pro is a trend-following strategy that generates entries and exits based on the simultaneous agreement of four independently calculated indicators. It does not enter a trade unless all four conditions are met at the same time.   A key feature of this strategy is that all indicator calculations are not based on standard candlestick closes. Instead, the script maintains its own internal price reference system: a new "
https://www.tradingview.com/script/P9vwlI3w-Liquidity-Entry-Zones-strategy-2-0/,Liquidity Entry Zones strategy 2.0,P9vwlI3w-Liquidity-Entry-Zones-strategy-2-0,PUB;4863e06b2001468d9b4edf60d6124e86,evrinb7716,strategy,1,1,549,0,1,2026-05-18T04:45:42+00:00,37,"go for high rr , reduce swing and gety results  im making quite good  you can play with all settings "
https://www.tradingview.com/script/k8T4YfZj-MASTER-SIGNALS-SILVER-30m/,MASTER SIGNALS - SILVER | 30m,k8T4YfZj-MASTER-SIGNALS-SILVER-30m,PUB;b1f83ce4c11847da998e98d4dc4e9564,shaggygent102,strategy,2,1,5,0,0,2026-05-18T04:12:44+00:00,37,"Master buy signals, get you ass fuckin funded. You will not find another like it! Unless I made it and I have! I have vairiants for multiple assets."
https://www.tradingview.com/script/SmVD6zSx-ES-Trend-Stack-Algo-x-Vault/,ES Trend Stack [Algo x Vault],SmVD6zSx-ES-Trend-Stack-Algo-x-Vault,PUB;f67690e21614407b88a17dc35e76e998,algoxvault,strategy,3,1,4,0,0,2026-05-18T03:48:12+00:00,37,"Multi-confirmation trend-following strategy script optimized for ES/MES futures. The script identifies directional bias and executes entries when multiple confluence conditions align.   The script includes four independent entry types each with their own filter chains, five exit modes (fixed TP/SL, trailing only, trailing with TP, stepped trail, or stepped trail with TP), time filters, session blocks, daily trade and loss caps, and end-of-day flatten with overnight entry block. Visual flags for "
https://www.tradingview.com/script/pwBaNXJ6-FVG-Live-Edge/,FVG Live Edge,pwBaNXJ6-FVG-Live-Edge,PUB;ed6d27b25d3a4a35a1b0210af7cc6c3b,EdgeMachine,strategy,3,1,0,0,0,2026-05-18T02:38:19+00:00,37,"FVG Live Edge combines ICT Fair Value Gap (FVG) entries with an Opening Range Breakout (ORB) directional bias, overnight sweep detection, and a multi-timeframe EMA trend filter — built specifically for live-trading realism on NQ, ES, YM, RTY, CL, and crypto futures.  HOW IT WORKS  Every trade requires ALL of the following to align:  1. ORB Quality — The 8:30–8:44 AM (CT) opening range must be between your defined min/max size (default 8–80 pts for NQ). Tight or erratic ranges are skipped.  2. OR"
https://www.tradingview.com/script/8dMDzrD9/,Support and Resistance Levels,8dMDzrD9,PUB;91ef7eaa52044d95bd44f863fe474b83,rosemarycox5334,strategy,2,1,14,0,0,2026-05-18T01:27:33+00:00,37,支撑阻力位识别-哔哩哔哩搜索阿尔法量化价格行为
https://www.tradingview.com/script/0wZ2IxTV-CAB-Trend-Sniper-Strategy/,CAB Trend Sniper Strategy,0wZ2IxTV-CAB-Trend-Sniper-Strategy,PUB;cb3e077f45f942bcbe2a16bed0793e78,CAB_Trader,strategy,3,1,0,0,0,2026-05-17T22:16:07+00:00,37,"CAB Trend Sniper Strategy is an advanced trend-following and volatility-adaptive trading system designed for crypto perpetual markets and high-volatility environments.  This strategy combines multiple mathematical filters, dynamic volatility models, and automated trade management to reduce market noise and improve trend execution efficiency.  🔹 Core Features:  • Smoothed Heikin Ashi structure for cleaner market direction analysis • 2-Pole Butterworth Super Smoother for advanced trend filtering •"
https://www.tradingview.com/script/eBLxR4sl-VN-EMA200-SMA45/,VN_EMA200 / SMA45 ,eBLxR4sl-VN-EMA200-SMA45,PUB;b3123b8e23b443548fe67ec1896282c5,superreelone,strategy,2,1,0,0,0,2026-05-17T21:22:33+00:00,37,//  EMA200 / SMA45 — Zone-Based Strategy  (v4) // //  Key concept from chart annotation: //  ┌─────────────────────────────────────────────────────┐ //  │  NO TRADE  : SMA45 and EMA200 are close / tangled   │ //  │  ENTRY     : MAs have clear separation (trending)   │ //  │  EXIT      : Price crosses back through SMA45       │ //  └─────────────────────────────────────────────────────┘ // //  • Removed HTF (1H) EMA200 filter entirely — single TF only //  • Added MA Separation filter: |SMA45 - EM
https://www.tradingview.com/script/bGDpJWun-Thorn-Trigger-EMA-Cross-RSI-Strategy/,Thorn & Trigger EMA Cross RSI Strategy,bGDpJWun-Thorn-Trigger-EMA-Cross-RSI-Strategy,PUB;ea1ed25f26c045a79233dd34cd1c0841,Thorntrap,strategy,2,2,3,0,0,2026-05-17T21:09:44+00:00,38,"Thorn & Trigger is a multi-confirmation trend-following strategy built for high-liquidity instruments like SPY or QQQ. It triggers long and short entries when a fast 8-period EMA crosses the 21-period EMA in the direction of the 200 EMA trend filter, requiring simultaneous agreement from a higher timeframe EMA, an RSI momentum gate, a MACD histogram flip, and an above-average volume surge — ensuring only high-conviction crossovers generate signals. Each trade is managed with an ATR-based stop lo"
https://www.tradingview.com/script/tReFACM7-ORB-Momentum-Edge-NQ/,ORB Momentum Edge - NQ,tReFACM7-ORB-Momentum-Edge-NQ,PUB;d63b55e05dbe4e1683722db768728615,EdgeMachine,strategy,3,1,3,0,0,2026-05-17T20:15:36+00:00,38,"ORB Momentum Edge — NQ is a precision day trading strategy for NQ E-mini futures built around Opening Range Breakout bias and multi-layer trend confirmation. Every trade passes 8 filters simultaneously — keeping trade count low and quality high.  HOW IT WORKS The strategy waits for the 8:30–8:44 CT opening range to establish the day's directional bias, then looks for a continuation pullback entry only when the higher timeframe trend, intraday EMA, VWAP, and price action all agree.  ENTRY FILTERS"
https://www.tradingview.com/script/T89qPu0l/,4H UMBA MES&ES strategy ,T89qPu0l,PUB;6863793d1563419f841f4eae8dbab19c,postaremczak,strategy,2,1,2,0,0,2026-05-17T19:42:46+00:00,38,"4H trend-following strategy focused on long positions only. Trades are taken when the market is in an uptrend confirmed by EMA 20 being above EMA 50, price trading above both moving averages, and positive momentum indicated by MACD (8/17/9). The strategy is designed to capture larger swing moves on the 4H timeframe while avoiding choppy, sideways conditions.  Exits occur when momentum or trend structure weakens (price crosses below EMA 20 or MACD turns bearish), with each trade additionally prot"
https://www.tradingview.com/script/KeZs1H3C-Daily-A-Lee-Algo-Scalper/,Daily-A-Lee Algo Scalper,KeZs1H3C-Daily-A-Lee-Algo-Scalper,PUB;730e1b7d8c21411fa219d865412e9e6a,aleeus1981,strategy,2,1,5,0,0,2026-05-17T18:51:59+00:00,38,"Daily-A-Lee Algo Scalper  The Daily-A-Lee Algo Scalper is an opening-session momentum strategy built around volatility compression, directional expansion, and ATR-normalized risk management.  This system was designed specifically for fast-moving intraday markets where early-session price discovery and liquidity imbalances create short-term directional opportunities.  Rather than chasing momentum blindly, the strategy focuses on identifying “narrow state” conditions - periods where fast and slow "
https://www.tradingview.com/script/qkKBIVg4-ZETA9-v6/,ZETA9 v6,qkKBIVg4-ZETA9-v6,PUB;7c2977589e3741f7b8ebbaa7480d1508,demeth5D,strategy,1,1,38,0,0,2026-05-17T17:16:00+00:00,38,Zeta9 is a SMC and price action based strategy. It is especially tailored to EURUSD and XAUUSD pairs on 5m and 15m timeframe but input setting can be changed to suit your own trades. 
https://www.tradingview.com/script/Ak5HYG42-Ultimate-SMC-EMAs-Day-Trading-Strategy/,Ultimate SMC + EMAs Day Trading Strategy,Ak5HYG42-Ultimate-SMC-EMAs-Day-Trading-Strategy,PUB;e473ea73ceaf48be84294fe72adc3a7a,Remarkablefreddy,strategy,1,1,10,0,0,2026-05-17T15:35:08+00:00,38,"Strategy Overview & Core Mechanics The strategy relies on a multi-timeframe approach, filtering out market noise by aligning executive intraday triggers with macroeconomic higher-timeframe boundaries.  1. Trend Direction & Momentum Filters The script establishes a structural bias using a hybrid moving average cloud.  SMA 200 (200-period Simple Moving Average): Acts as the macro trend filter. Long positions are only considered when price acts above the SMA 200, and shorts are only executed below "
https://www.tradingview.com/script/sYMa3n2C/,BTC Long Only by Soran FINAL,sYMa3n2C,PUB;0c25575caa534536bd6b224147b446ce,onursoran,strategy,1,1,8,0,0,2026-05-17T14:54:50+00:00,38,just long scalp signal  1-3-5- min scalp long signal bot
https://www.tradingview.com/script/nXJEsiMw-Momentum-Dominator-system-Smitsquant/,Momentum Dominator system Smitsquant,nXJEsiMw-Momentum-Dominator-system-Smitsquant,PUB;f31b51f20e2e4c3c8f8f4655f14b7e6e,Smitsquant,strategy,3,1,3,0,0,2026-05-17T14:20:42+00:00,38,"This is a momentum continuation strategy that I personally trade with real capital.  It is designed to capture sustained directional moves in both bull and bear markets, while actively avoiding low-volatility ranges, unstable conditions, and overextended price action.  Instead of simple single-signal entries, the system looks for multiple conditions, such as trend structure, volatility expansion and directional strength before opening a position.   Keep in mind that the strategy was specifically"
https://www.tradingview.com/script/7c6GsqEr-Yasho-Index-Theta-Focused/,Yasho Index Theta Focused,7c6GsqEr-Yasho-Index-Theta-Focused,PUB;bbfd583c1249445bb49bf5b8b5b8fe55,deepaknesarikar,strategy,3,4,3,0,0,2026-05-17T13:41:43+00:00,38,"Overview    Yasho Index Theta Focused  is an institutional-grade intraday options trading strategy built on Pine Script® v6. It is specifically designed for Theta (time decay) harvesting through structural credit spreads, using a combination of volatility-adjusted trends and algorithmic filters.   The strategy can be backtested directly on the underlying Index or deployed contextually across individual Option contracts   Key Features       Dual Deployment Modes:  Switch between 'INDEX' mode to t"
https://www.tradingview.com/script/J6l8UnSM/,Dual Reversal Trigger (DRT),J6l8UnSM,PUB;45834bb978b44a9eaa163ff527f86c8a,yuzu_fx_trade,strategy,2,2,211,0,0,2026-05-17T11:02:53+00:00,38,Dual Reversal Trigger（DRT） は、価格の行き過ぎからの反転を狙うオーバーレイ型ストラテジーです。スタンバイ通知で監視を開始し、条件が揃った足でエントリーします。   コンセプト  DRT は、一方向に伸びたあとの戻り（反転） を狙うストラテジーです。 「いきなりエントリー」ではなく、スタンバイ（監視）→ 条件が揃えばエントリー という二段階の流れになっています。 相場の動きを整理し、無理な追いは避ける設計です。   主な特徴  ・スタンバイシグナル 　エントリー候補が立ち上がったタイミングを、チャート表示・アラートで通知できます。 ・6種類のオプションフィルター 　上位足トレンド、レンジ幅、勢い、MA位置、出来高、スイングなど。必要なものだけ ON にして、環境に合わせて絞り込めます。 デフォルトでは Filter1（上位足トレンド）のみ有効です。 ・TP/SL を3モードから選択 　・変動型 … 相場構造に連動 　・リスクリワード比固定 … リスク幅に対する TP 倍率で管理（デフォルト） 　・pips固定 … SL/TP を pips で固定 　保有中の T
https://www.tradingview.com/script/GhH6mW5c-3Commas-Silicon-Vault-Long-INTC-DCA-Strategy/,[3Commas] Silicon Vault Long - INTC DCA Strategy,GhH6mW5c-3Commas-Silicon-Vault-Long-INTC-DCA-Strategy,PUB;694a9d4e41c84c5daa3b2e9298fe1b67,3Commas,strategy,1,1,32,0,0,2026-05-17T10:24:53+00:00,38," Silicon Vault Long — INTC DCA Strategy  🔷 What it does: This strategy executes a long-only Dollar-Cost-Averaging approach on tokenized Intel (INTCUSDT) perpetuals, using an RSI-based exit gate to capture momentum-confirmed take-profits on overbought rebounds. It opens base orders continuously when no active deal exists, layers a structured 8-level safety order ladder during price drawdowns, and exits only when RSI crosses above the overbought threshold AND the position has accumulated the minim"
https://www.tradingview.com/script/8SpYjIw8/,V1 + TP/SL,8SpYjIw8,PUB;71183551f8f24af5994e0663b2eaf179,Kazanckapisi,strategy,2,4,6,0,0,2026-05-17T09:05:44+00:00,38,Arkadaşlar ben kazanç kapısı çalışmaya devam ettiğim stratejimi nasıl buldunuz.
https://www.tradingview.com/script/c4AcbSOS-AAIS-Autonomous-AI-Strategies/,AAIS - Autonomous AI Strategies,c4AcbSOS-AAIS-Autonomous-AI-Strategies,PUB;ae68bb7ae7cb4c0eb42a00cbca2ebf5e,konb007,strategy,2,3,8,0,0,2026-05-17T03:29:30+00:00,38,"# 🚀 AAIS — Autonomous AI Strategies  ## 60-Day Public Preview Access  ⚠️ IMPORTANT NOTICE  AAIS — Autonomous AI Strategies is being publicly released on TradingView for a limited 60-day preview period starting today.  This public release is designed to give traders enough time to fully experience the adaptive AI runtime system across real market conditions, multiple timeframes, and different asset classes.  During this 60-day window, users will be able to:  ✅ Explore the full AAIS runtime framew"
https://www.tradingview.com/script/ZqnuKIAw-20-200-SMA-Strategy/,20 / 200 SMA Strategy - ,ZqnuKIAw-20-200-SMA-Strategy,PUB;06b78c733f254d09a4bdf5c366598c74,gpmpastorsc,strategy,1,1,696,0,7,2026-05-17T03:20:21+00:00,38,"This Pine Script strategy is a 20 SMA / 200 SMA trend-following strategy designed for back testing and potential bot automation.  The main idea is to identify market direction using the relationship between the 20 simple moving average and the 200 simple moving average. When the 20 SMA is above the 200 SMA, the strategy looks for buy opportunities. When the 20 SMA is below the 200 SMA, it looks for sell opportunities.  The script includes three entry modes:  Original Cross Entry waits for the 20"
https://www.tradingview.com/script/EYK9roh1-AAIS-Autonomous-AI-Strategies/,AAIS - Autonomous AI Strategies,EYK9roh1-AAIS-Autonomous-AI-Strategies,PUB;c33b37127d834e31890675ed3b43612b,konb007,strategy,2,1,6,0,0,2026-05-17T03:18:02+00:00,38,"# 🚀 AAIS — Autonomous AI Strategies  ## 60-Day Public Preview Access  ⚠️ IMPORTANT NOTICE  AAIS — Autonomous AI Strategies is being publicly released on Trading View for a limited 60-day preview period starting today.  This public release is designed to give traders enough time to fully experience the adaptive AI runtime system across real market conditions, multiple timeframes, and different asset classes.  During this 60-day window, users will be able to:  ✅ Explore the full AAIS runtime frame"
https://www.tradingview.com/script/xvlm5F4f-Nour-Dahhan-Grid-Pro-Bot/,Nour Dahhan Grid Pro Bot,xvlm5F4f-Nour-Dahhan-Grid-Pro-Bot,PUB;25e2313ea1d64f998c116ec25b7a6253,Nour_dahhan9,strategy,2,1,5,0,0,2026-05-17T00:00:41+00:00,38,BINANCE:BTCUSDC  For 1 Min frame 100% win rate for BTC/USDC
https://www.tradingview.com/script/Nqu2Bqhu-BTC-Averages-Strategy-Long-Short/,BTC Averages Strategy - Long & Short,Nqu2Bqhu-BTC-Averages-Strategy-Long-Short,PUB;795ce8e9396141e0aa6f3559002065eb,rsouzaeverton,strategy,1,2,12,0,0,2026-05-16T20:50:15+00:00,38,"strategy to sell and buy witht he crossing of two moving averages, one fast and other slow. THere is also a long average that works as a filter."
https://www.tradingview.com/script/ut23eeqg/,NAS100 CFD Swing Trade Strategy,ut23eeqg,PUB;d0a6110b32874af5a5ebd6eb360ec6f4,kenkwong0628,strategy,2,1,12,0,0,2026-05-16T17:08:07+00:00,38,"🚀 NAS100 CFD Swing Trade Strategy (Optimized for 5-Minute Chart) ""A Quantitative Trading Model Combining Wall Street Open Liquidity Sweeps with Institutional Risk Management.""  Built specifically for the highly volatile NAS100 (Nasdaq 100) CFD market and optimized for the 5-Minute (5m) timeframe, this strategy is engineered to capitalize on the ""Sweep and Reversal"" price action pattern. By capturing the retail panic and institutional liquidity hunting at the New York open, and filtering entries "
https://www.tradingview.com/script/j36wYVnI-3Commas-Gold-Vault-Long/,[3Commas] Gold Vault Long,j36wYVnI-3Commas-Gold-Vault-Long,PUB;486aaa41a7ca4dfea4f6152637710875,3Commas,strategy,1,1,15,0,0,2026-05-16T15:02:24+00:00,38," Gold Vault Long  🔷 What it does: This strategy executes a long-only Dollar-Cost-Averaging approach on tokenized gold, designed for traders who want structured accumulation exposure to precious metals through perpetual or spot tokens like XAUT. It opens base orders continuously when no active deal exists, layers a conservative 3-step safety order ladder at constant 2% intervals during price drawdowns, and exits when the position reaches a 1.5% profit from the average entry. The design philosophy"
https://www.tradingview.com/script/mzv5SGie-Silver-Risk-Management-outperformed-Buy-Hold/,Silver Risk Management outperformed Buy & Hold,mzv5SGie-Silver-Risk-Management-outperformed-Buy-Hold,PUB;dd8fa71189fa419c826e8b6863621385,CuriousMacroX,strategy,1,1,706,0,1,2026-05-16T13:14:32+00:00,38,"This strategy starts from a very direct idea  Stay long silver by default step aside when risk starts to build and step back in when structure and macro conditions calm down  Silver can reward patience, but it also has a habit of violent flushes  That is why this model does not try to predict every move It only tries to manage exposure when pressure becomes visible  The model uses three layers 1. Silver structure    A slow EMA helps identify broader trend damage 2. Macro pressure    US10Y stress"
https://www.tradingview.com/script/BPsi7duo/,SKAlgoTradingSystem Strategy XAUUSD,BPsi7duo,PUB;373e5beb8ba943b78437247fb7ed1fa6,SKALGOSYSTEM,strategy,3,1,6,0,0,2026-05-16T12:18:30+00:00,39,"SKAlgoTradingSystem Strategy, TradingView üzerinde çalışan teknik analiz tabanlı bir trend takip ve alım-satım stratejisidir.  Stratejinin temel amacı, fiyat hareketlerini belirli kurallar çerçevesinde takip ederek LONG ve SHORT yönlü işlem sinyalleri üretmektir. Sistem, fiyatın trend çizgisiyle olan ilişkisini izler ve belirlenen teyit koşulları oluştuğunda pozisyon yönü hakkında sinyal üretir.  SKAlgoTradingSystem, yatırımcıların piyasa hareketlerini daha sistematik, kurallı ve disiplinli şeki"
https://www.tradingview.com/script/BXDmlQdj-Concordance-Allocation-Strategy-JOAT/,Concordance Allocation Strategy [JOAT],BXDmlQdj-Concordance-Allocation-Strategy-JOAT,PUB;9495dbcbf57943ab81b862b3c407e65b,officialjackofalltrades,strategy,1,1,15,0,0,2026-05-16T03:01:51+00:00,39,"Concordance Allocation Strategy     Introduction   Concordance Allocation Strategy is an open-source TradingView strategy that integrates regime detection, directional bias, momentum alignment, value-location filtering, and ATR-based risk management into one non-repainting framework. It is designed to trade only when multiple independent layers agree on bar close.  The problem this strategy solves is isolated signal bias. A single good-looking signal can fail quickly if it appears in the wrong m"
https://www.tradingview.com/script/oc5HOf2o-On-Chain-Z-Score-SRG/,On-Chain Z-Score | SRG,oc5HOf2o-On-Chain-Z-Score-SRG,PUB;9a409c94d4cc4d78a41400486bae0c27,scimitar25,strategy,2,1,7,0,0,2026-05-16T02:26:50+00:00,39,"───────────────────────────────────── ON-CHAIN Z-SCORE - Scimitar Research Group ───────────────────────────────────── OVERVIEW The On-Chain Z-Score indicator is an market valuation indicator that combines MVRV, SOPR, and Net Unrealized Profit/Loss into one indicator.   ───────────────────────────────────── METHODOLOGY Each component is calculated individually and combined using Z-Scores. SOPR is smoothed to increase signal and reduce noise.   ───────────────────────────────────── SIGNALS & INTE"
https://www.tradingview.com/script/dlcfHgy0-ORB-ELITE-GOAT-v7/,ORB ELITE GOAT v7,dlcfHgy0-ORB-ELITE-GOAT-v7,PUB;f904644909874fa793bfe09b127bb08e,kevincrooks1974,strategy,2,1,40,0,1,2026-05-15T20:23:30+00:00,39,"new update V7 this is a updade from v4,it got whale and blas filter and many more"
https://www.tradingview.com/script/ItQY9XKM-Professional-MTF-Quota-Strategy-V7-1-EHSAN-GH/,Professional MTF Quota Strategy V7.1 - EHSAN GH,ItQY9XKM-Professional-MTF-Quota-Strategy-V7-1-EHSAN-GH,PUB;b39952950da645398f00ab0fd8374792,ehsan_gh97,strategy,2,1,5,0,0,2026-05-15T17:48:45+00:00,39,"How the Engine Works This strategy operates on a triple-layer confirmation logic to filter out ""market noise"" and focus on high-probability setups:  Institutional Trend Filter: The system identifies the primary market direction on a Higher Timeframe (HTF). It will only look for Longs in a bullish environment and Shorts in a bearish environment, ensuring you never trade against the ""smart money"" flow.  Dynamic Momentum Guard (ADX): To avoid the ""choppy"" sideways markets that kill most EMA strateg"
https://www.tradingview.com/script/VegZH6Lx-Mesatto-Gold-DXY-Correlation-Strategy/,Mesatto Gold DXY Correlation Strategy,VegZH6Lx-Mesatto-Gold-DXY-Correlation-Strategy,PUB;69921b3ad6ee443cbf7a0598dbb871aa,MesattoCapital,strategy,2,1,18,0,0,2026-05-15T16:31:38+00:00,39,"Mesatto Gold DXY Correlation Strategy  Finds trades beased on Gold x DXY correlation. I use it on M15, targetting 3R and also works well on M30 (less trades)"
https://www.tradingview.com/script/eWkFVSVF-NASDAQ-ORB-Strategy-Strict-Exec-RRR-2-0-Fixed/,NASDAQ ORB Strategy - Strict Exec (RRR 2.0) Fixed,eWkFVSVF-NASDAQ-ORB-Strategy-Strict-Exec-RRR-2-0-Fixed,PUB;4b11372f3e9e4ff2a47c353d7054c53b,drakkhon,strategy,1,1,25,0,0,2026-05-15T16:06:37+00:00,39,strategy focuses on 15m orb. works on 5m and 15m breakout candles
https://www.tradingview.com/script/o6du5SXO-Pixiu-S3-v21-OS-Bounce-RCI-Recovery/,Pixiu S3 v21 OS Bounce RCI Recovery,o6du5SXO-Pixiu-S3-v21-OS-Bounce-RCI-Recovery,PUB;6c32ce3415f049c38af410e88f0711d9,FierceBeliever,strategy,3,1,2,0,0,2026-05-15T12:54:08+00:00,39,RCI + OS - Catching oversold bounces +75% profit  Following the short RCI movement in confluence with zones of oversold in wavetrends.  SL had to be pushed further than wanted but profitable trades came through
https://www.tradingview.com/script/8lqbmL5S-BB-Short-DCA-Strategy/,BB Short DCA Strategy,8lqbmL5S-BB-Short-DCA-Strategy,PUB;8a3da1efe9bb4af68211473ed8e72e46,dr_Ziuber,strategy,1,1,23,0,0,2026-05-15T12:03:15+00:00,39,"Strategy designed for trading in a bear market (downtrend). Primarily on 15M and 1H timeframes. It involves opening short positions and taking profits once 4% is reached. If the price moves against the position (upwards), we average the entry price by adding to the short position and continue waiting to collect the 4% - 8% profit."
https://www.tradingview.com/script/uSO9nAI2-GEMINI-QUANT-PRO-Final/,GEMINI QUANT PRO - Final,uSO9nAI2-GEMINI-QUANT-PRO-Final,PUB;72f491f16a374407a50b7ba687eb9dbe,smvdtravelsolutions,strategy,1,1,10,0,0,2026-05-15T11:59:15+00:00,39,"GEMINI QUANT PRO is an advanced multi-timeframe EMA retest trading strategy designed for crypto, forex, indices, and intraday traders.  This strategy combines institutional trend confirmation, smart EMA pullback entries, volume validation, and automated risk management to identify high-probability trading opportunities.  ━━━━━━━━━━━━━━━━━━━ 🔥 KEY FEATURES ━━━━━━━━━━━━━━━━━━━  ✔ Multi-Timeframe Trend Scanner • 1 Day Trend • 4 Hour Trend • 1 Hour Trend • 15 Minute Trend  ✔ Institutional Trend Filt"
https://www.tradingview.com/script/i2QM1q8E/,ByTrade,i2QM1q8E,PUB;7be7fdc3964040538f7a2a26f14a998b,ByTradeer,strategy,2,1,4,0,0,2026-05-15T11:48:06+00:00,39,"An adaptive training layer then studies historical market reactions and gradually amplifies the features that have recently produced the strongest directional behavior.  The result is a hybrid oscillator that blends: Human-defined market logic Adaptive feature weighting Multi-factor momentum analysis Dynamic market learning  Unlike traditional oscillators that rely on static formulas, the Neural Weight Oscillator continuously adjusts its internal structure based on both trader-defined weighting "
https://www.tradingview.com/script/ZyJPE4QX-AXIS-REVERSAL/,AXIS REVERSAL,ZyJPE4QX-AXIS-REVERSAL,PUB;e96e3273c7e74757b66c2ffae680afc6,egoigor1976,strategy,1,1,154,0,0,2026-05-15T11:17:59+00:00,39,"AXIS REVERSAL is a high-precision trading strategy engineered to identify critical market pivot points. The algorithm combines dynamic liquidity tracking (Axis Levels) with noise filtration through an adaptive Supertrend and RSI synchronization.  ⚡ The Core Logic The strategy operates on the ""coiled spring"" principle. It identifies zones where the price has overextended from its equilibrium and is primed for a sharp mean reversion.  Axis Detection: The algorithm continuously scans the market for"
https://www.tradingview.com/script/FHANkleN-StrongCLP/,StrongCLP,FHANkleN-StrongCLP,PUB;101390b89af94aae930a15f9f8792f6c,yogeshbhosale1984,strategy,3,1,3,0,0,2026-05-15T11:12:58+00:00,39,This strategy is based on advanced candlestick pattern sequence analysis.  Signals are generated using multiple bullish and bearish candlestick formations combined with sequence-based confirmation logic.  Features: • Strong Buy / Strong Sell sequence detection • Multi-timeframe support • Configurable take profit • No repaint logic • Configurable pattern sensitivity  This script is intended for educational and analytical purposes only and should be used together with proper risk management.
https://www.tradingview.com/script/8K1gTPV0-3Commas-Equity-Pulse-Long-DCA-on-Tokenized-Stocks/,[3Commas] Equity Pulse Long - DCA on Tokenized Stocks,8K1gTPV0-3Commas-Equity-Pulse-Long-DCA-on-Tokenized-Stocks,PUB;03b5c42557d44dbcae24c97f09620067,3Commas,strategy,1,1,24,0,0,2026-05-15T11:08:08+00:00,39," Equity Pulse Long - DCA on Tokenized Stocks  🔷 What it does: This strategy executes a long-only Dollar-Cost-Averaging approach on tokenized equity perpetuals, using an RSI-based exit gate to capture momentum-confirmed take-profits on overbought rebounds. It opens base orders continuously when no active deal exists, layers a structured safety order ladder during price drawdowns, and exits only when the RSI crosses above the overbought threshold AND the position has accumulated the minimum profit"
https://www.tradingview.com/script/NYg33TQw-Neural-Breakout-Flow-Version-5NR/,Neural Breakout Flow Version 5NR,NYg33TQw-Neural-Breakout-Flow-Version-5NR,PUB;11a77d6d178b448b8a1d93f52e04ea92,dbkumar2026,strategy,2,1,4,0,0,2026-05-15T06:53:38+00:00,39,Strategy Name  Neural Breakout Flow Version 5NR  Short Name: NBF V5NR  Strategy Type  Trend Following + Momentum Breakout Strategy  Core Logic  The strategy combines:  Heikin Ashi trend filtering Neural-style EMA trend smoothing ATR dynamic volatility bands Breakout confirmation Candle momentum validation Optional volume confirmation  The system detects directional trend reversals and only confirms entries when breakout momentum aligns with the active trend.  Main Components 1. Heikin Ashi Engin
https://www.tradingview.com/script/NgBi7STP-YM-Algo-x-Vault/,YM [Algo x Vault],NgBi7STP-YM-Algo-x-Vault,PUB;7dcce730d7cf4cb3ab5035a40c8799a4,algoxvault,strategy,3,1,7,0,0,2026-05-15T01:14:22+00:00,39,"Multi-confirmation trend-following strategy script optimized for YM futures (NOT recommended for MYM as the two contracts produce different candle data, resulting in different filter calculations). The script identifies directional bias and executes entries when multiple confluence conditions align.  The script includes two independent entry types, five exit modes (fixed TP/SL, trailing only, trailing with TP, stepped trail, or stepped trail with TP), time filters, session blocks, daily trade an"
https://www.tradingview.com/script/f1nkFSKs-Aureate-Market-Architecture-Strategy-JOAT/,Aureate Market Architecture Strategy [JOAT],f1nkFSKs-Aureate-Market-Architecture-Strategy-JOAT,PUB;22c2f0afa3d54b45937b30a9c8092982,officialjackofalltrades,strategy,1,1,18,0,0,2026-05-15T00:31:06+00:00,39,"Aureate Market Architecture Strategy     Introduction   Aureate Market Architecture Strategy is an open-source TradingView strategy that integrates regime classification, structure bias, breakout pressure, liquidity confirmation, and risk management into one confirmed-bar execution model.  The strategy is built for users who want a rules-based implementation of the broader JOAT architecture rather than a single-indicator signal stream.  Its design goal is not to maximize trade count.  Its design"
https://www.tradingview.com/script/QpR7OWpA-SMC-ICT-Backtest-XAUUSD-MNQ/,SMC ICT Backtest XAUUSD + MNQ,QpR7OWpA-SMC-ICT-Backtest-XAUUSD-MNQ,PUB;c94173158a0d4ee6a16689d44d64606a,shary890,strategy,1,1,74,0,0,2026-05-14T21:43:07+00:00,39,"It's a Pine Script v5 strategy named ""SMC ICT Backtest XAUUSD + MNQ"" that backtests a supply/demand / Smart Money Concepts (SMC) style entry logic. Runs with initial capital $10,000, 0.01% commission, no pyramiding, and processes orders on bar close. Key components  Sessions: defines trading allowed only during London (07:00–10:00) or New York (12:30–16:00) session bars. Swings: detects pivot highs/lows using ta.pivothigh / ta.pivotlow with a user input swingLen (default 5) and stores the last c"
https://www.tradingview.com/script/EHFOqqoF/,Opening Gap Pullback,EHFOqqoF,PUB;2ccde0067e5346c396d2cebccb58d28b,Faroson,strategy,2,1,4,0,0,2026-05-14T20:25:49+00:00,39,"参数说明 / Parameters Explanation 参数 / Parameter描述 / Description     Gap Minimum (缺口阈值):The minimum points required for a gap to be considered ""structural"".   PB Ratio (回撤比例):The depth of the pullback from the extreme. Options: 0.25, 0.5 (Standard), 0.618, etc.   Closing Bar (收盘标号):Determines the daily exit time.  Direction (方向判断):Choose to trade Long (Gap Up), Short (Gap Down), or Both.  Max Wait Bars (最大等待):Cancel the limit order if not filled within X bars to avoid late-day trend reversals.  Max "
https://www.tradingview.com/script/aV0Pyg7I-SuperEMA/,SuperEMA,aV0Pyg7I-SuperEMA,PUB;d97d2e23a2eb42c0ac5aba7fe50a8b3c,scott626,strategy,2,2,0,0,0,2026-05-14T19:36:53+00:00,39,SuperTrend + EMA  This is tools to analyze the market to find out the best time and best settings to trade for different style of traders. 
https://www.tradingview.com/script/NT1eg7zr-The-club/,The club,NT1eg7zr-The-club,PUB;db30143298514fa2a7bac49279ffc364,Wardy05,strategy,1,1,24,0,1,2026-05-14T18:48:28+00:00,39,The club Strat for people who want to make infinite money like me and my co founder we both have 3 private jets 
https://www.tradingview.com/script/qMIPLXty/,Scalping London NY BOS + FVG TESTER CLEAN,qMIPLXty,PUB;ebcbf264daf44f178577da77cc2c2ad0,tradingcourse1,strategy,2,1,10,0,0,2026-05-14T18:20:56+00:00,39,Scalping London / New York BOS + FVG  Scalping indicator based on:  Break of Structure (BOS) Fair Value Gaps (FVG) EMA50 trend filter London and New York session context momentum and trend continuation  Designed for fast timeframes such as 1m and 5m charts.  Main logic:  trade with the trend avoid trades against the EMA50 detect continuation moves after BOS visualize imbalance zones (FVG) filter setups during active trading sessions  Features: ✓ EMA50 trend filter ✓ Bullish/Bearish BOS labels ✓ 
https://www.tradingview.com/script/QJmyJh56-Professional-MTF-Quota-V7-1/,Professional MTF Quota V7.1,QJmyJh56-Professional-MTF-Quota-V7-1,PUB;df36fe10170e4de4983d2b6c879c7347,ehsan_gh97,strategy,2,1,2,0,0,2026-05-14T18:19:20+00:00,39,"Strategy Overview: Professional MTF Quota V7.1 The MTF Quota Strategy V7 is a high-precision, trend-following system designed for traders who prioritize institutional alignment and momentum confirmation. By utilizing a Multi-Timeframe (MTF) engine, the strategy ensures that every signal on your execution chart is backed by the ""Big Picture"" trend.  How the Engine Works This strategy operates on a triple-layer confirmation logic to filter out ""market noise"" and focus on high-probability setups:  "
https://www.tradingview.com/script/2Z1TSSvw/, Dance With The Whales,2Z1TSSvw,PUB;5d1d1ae0eebb4952a3f94dfdeb3eb7a4,ttagkoin,strategy,1,1,13,0,1,2026-05-14T16:50:14+00:00,39,"🐋 Dance With The Whales  Charts can lie. Footprints usually don’t.  Whale Force is a volume & structure-based indicator designed to track moments where momentum, liquidity, and directional pressure begin aligning.  Core concepts: • Volume Z-Score anomaly detection • Structural breakout tracking • VWMA trend alignment • Absorption pattern detection • Vote-based EXIT logic  Rather than generating constant signals, the script focuses on selective high-pressure moments that may reflect stronger part"
https://www.tradingview.com/script/XgD5O5Fm-EB-ICT-One-Trade-Setup-For-Life-Sniper-70-Model-v5/,EB ICT One Trade Setup For Life - Sniper 70 Model v5,XgD5O5Fm-EB-ICT-One-Trade-Setup-For-Life-Sniper-70-Model-v5,PUB;09be41fe9d9d4bd38d7fbeb775cf77fc,robmagnaye14,strategy,1,1,28,0,1,2026-05-14T15:41:56+00:00,40,EB ICT One Trade Setup For Life - Sniper 70 Model v5
https://www.tradingview.com/script/CdouqL5J/,Velocity Engine(Binance),CdouqL5J,PUB;91177223c424442bbc96aa1076b933b0,ttagkoin,strategy,3,1,2,0,0,2026-05-14T15:25:14+00:00,40,Velocity Engine is a volatility expansion execution system designed for automated environments.  The engine focuses on identifying compression-to-expansion transitions during emerging directional momentum phases.  Core characteristics: • volatility compression detection • adaptive ATR-based execution behavior • short-duration momentum capture • execution-sensitive structure • automation-oriented workflow  This system is designed primarily for webhook-based automated execution environments.  Due 
https://www.tradingview.com/script/6wlugoPA/,SKAlgoTradingSystem Strategy BIST30,6wlugoPA,PUB;d4d825d4a0854f54b916f7d22384d17a,SKALGOSYSTEM,strategy,3,1,3,0,0,2026-05-14T15:04:33+00:00,40,"SKAlgoTradingSystem Strategy, TradingView üzerinde çalışan teknik analiz tabanlı bir trend takip ve alım-satım stratejisidir. Sistem, fiyatın trend çizgisiyle ilişkisini takip eder ve belirlenen teyit koşulları oluştuğunda LONG / SHORT işlem sinyalleri üretir. Strateji, TradingView Strategy Tester üzerinden geçmiş performansın test edilmesine imkân sağlar. Kullanıcılar ayrıca TradingView alarm sistemi üzerinden LONG ve SHORT sinyalleri için bildirim oluşturabilir. Temel özellikler:   LONG / SHOR"
https://www.tradingview.com/script/NRhKOVbD-Yasho-Index-Delta-Focused/,Yasho Index Delta Focused,NRhKOVbD-Yasho-Index-Delta-Focused,PUB;caca29d3e9d04664ad98c3e20941a246,deepaknesarikar,strategy,3,8,5,0,0,2026-05-14T14:23:27+00:00,40,"This strategy, Yasho  Index Delta Focused, is a trend-following quantitative system designed specifically for Indian indices (NIFTY and SENSEX). It combines the volatility-based tracking of Supertrend with the trend filtering  capture high-probability explosive moves while minimizing ""whipsaws"" during sideways markets.  The strategy is built for automation, featuring integrated JSON alert generation for third-party bridges and specialized logic for intraday credit spreads.    Risk Management:   "
https://www.tradingview.com/script/yU1PYqi3/,Opening Reversal - Model B (2R Target),yU1PYqi3,PUB;a07f1256dc364e5396ef76e27fb3e1d8,alfredhastings_wk,strategy,1,1,9,0,0,2026-05-14T13:18:44+00:00,40,用来交易开盘反转 
https://www.tradingview.com/script/pimfKvn8-Prime-Dashboard-plot-Levels/,Prime Dashboard plot Levels,pimfKvn8-Prime-Dashboard-plot-Levels,PUB;fec081ae5eee48d7ba481da7b2e03be1,bhanut,strategy,2,1,3,0,0,2026-05-14T09:46:34+00:00,40,"Features:  Automatic Entry, Stop Loss, Target, and Trailing SL plotting Confluence strength scoring (Strong Bull → Strong Bear) Real-time dashboard table Divergence detection Trend continuation and reversal identification Visual buy/sell arrows and level lines  Best Usage:  Intraday trading NIFTY / BANKNIFTY 10-minute to 1-hour charts Works better when confluence score ≥ 3  Big advantage:  Removes indicator clutter by combining ADX, RSI, and MACD into one decision system.  Main weakness:  Becaus"
https://www.tradingview.com/script/7Z1EYqTw-m2-robotclub/,M2 RobotCLUB,7Z1EYqTw-m2-robotclub,PUB;e4ec2657d64a41fcb266708db0fbe6a0,Yuri_Chugunov_M2,strategy,3,1,3,0,0,2026-05-14T09:43:25+00:00,40,"M² RobotCLUB_M15  — полностью автоматизированный портфель торговых роботов для криптовалютного рынка.  Внутри портфеля используется набор алгоритмических стратегий, работающих по различным рыночным фазам и моделям поведения цены. Все сделки открываются и сопровождаются автоматически без ручного вмешательства.  Основная идея решения — убрать эмоции, постоянный контроль графиков и попытки “угадать рынок”, заменив это системным подходом, статистикой и чёткими торговыми условиями.  Портфель имеет пу"
https://www.tradingview.com/script/5IMl4euK-EB-ICT-One-Trade-Setup-For-Life-70-Filter-Model-v2/,EB ICT One Trade Setup For Life - 70% Filter Model v2,5IMl4euK-EB-ICT-One-Trade-Setup-For-Life-70-Filter-Model-v2,PUB;56666fc6e37e468292edcebc8513fb5a,robmagnaye14,strategy,1,1,4,0,0,2026-05-14T08:52:31+00:00,40,EB ICT One Trade Setup For Life - 70% Filter Model v2
https://www.tradingview.com/script/lbMetIvS-EB-ICT-One-Trade-Setup-For-Life-70-Filter-Model-v2/,EB ICT One Trade Setup For Life - 70% Filter Model v2,lbMetIvS-EB-ICT-One-Trade-Setup-For-Life-70-Filter-Model-v2,PUB;daa658971a2c478a9c9d37867907b737,robmagnaye14,strategy,1,1,6,0,0,2026-05-14T08:50:58+00:00,40,EB ICT One Trade Setup For Life - 70% Filter Model v2
https://www.tradingview.com/script/apaoI4Zr-3Commas-Static-Geometric-Grid/,[3Commas] Static Geometric Grid,apaoI4Zr-3Commas-Static-Geometric-Grid,PUB;11e9fff2a10648dd9ec09ad539c38e4c,3Commas,strategy,1,1,25,0,2,2026-05-14T08:09:50+00:00,40," Static Geometric Grid  🔷 What it does: This strategy implements a static geometric grid trading system, designed for instruments expected to oscillate within a defined range. It pre-computes 64 price levels between a configurable High and Low boundary using geometric spacing (≈ 0.61% step), buys at each level on close-cross-down, and sells at the next level up on close-cross-up. Unlike adaptive grid variants with trailing logic, this version stays locked to the original range — no auto-shift up"
https://www.tradingview.com/script/mkSBKC26/,LCD  Libertad con Disciplina  Institutional Liquidity System,mkSBKC26,PUB;d7efefe19e0740c28c57f83953a6e033,Miguelrosal1994,strategy,3,2,5,0,0,2026-05-14T07:06:56+00:00,40,LCD — Libertad con Disciplina | Institutional Liquidity Reclaim System  OVERVIEW  LCD Institutional Liquidity Reclaim System is a closed-source strategy that studies how institutional liquidity interacts with intraday session structure.  The model is built around a specific market sequence. It does not react to every price movement. It does not chase momentum. It waits for a defined structural condition to occur before evaluating a potential setup.  The objective of this script is to filter mark
https://www.tradingview.com/script/gFzmy44j-Amit-Eth-Strategy/,Amit Eth Strategy,gFzmy44j-Amit-Eth-Strategy,PUB;bcbe5c42bdd3490d825d35aa436a8ecc,BurnerView,strategy,1,1,3,0,0,2026-05-14T05:38:11+00:00,40,"# MACD + EMA18 Signal Strategy  This strategy combines momentum and trend-following concepts using MACD, EMA, and SMA for clean directional trading signals.  ## Strategy Logic  ### BUY Setup  A BUY signal is generated when:  * MACD Line crosses above the Signal Line * Price closes above the 18 EMA  ### SELL Setup  A SELL signal is generated when:  * MACD Line crosses below the Signal Line * Price closes below the 18 EMA  ## Exit Rules  ### For BUY Trades  Position exits when:  * Price closes bel"
https://www.tradingview.com/script/ZJZb6mII-Amit-Eth-Strategy/,Amit Eth Strategy,ZJZb6mII-Amit-Eth-Strategy,PUB;90c26885f6f24ee8a0aef67e2d83df7b,BurnerView,strategy,1,1,18,0,0,2026-05-14T05:32:37+00:00,40,"MACD + EMA18 Signal Strategy  This strategy combines momentum and trend-following concepts using MACD, EMA, and SMA for clean directional trading signals.  Strategy Logic BUY Setup  A BUY signal is generated when:  MACD Line crosses above the Signal Line Price closes above the 18 EMA SELL Setup  A SELL signal is generated when:  MACD Line crosses below the Signal Line Price closes below the 18 EMA Exit Rules For BUY Trades  Position exits when:  Price closes below SMA 10 Low OR MACD gives bearis"
https://www.tradingview.com/script/Vr9LBPrr-EB-ICT-One-Trade-Setup-For-Life-70-Filter-Model-v2/,EB ICT One Trade Setup For Life - 70% Filter Model v2,Vr9LBPrr-EB-ICT-One-Trade-Setup-For-Life-70-Filter-Model-v2,PUB;063f01cba0864d989edb5fdb629f5192,robmagnaye14,strategy,1,1,12,0,0,2026-05-14T04:36:05+00:00,40,EB ICT One Trade Setup For Life - 70% Filter Model v2
https://www.tradingview.com/script/iLXxAcTj-Concord-Execution-Mandate-JOAT/,Concord Execution Mandate [JOAT],iLXxAcTj-Concord-Execution-Mandate-JOAT,PUB;d69fc8fbda274e1498e962e1a6199b6a,officialjackofalltrades,strategy,1,1,19,0,0,2026-05-13T23:04:19+00:00,40,"Concord Execution Mandate     Introduction   Concord Execution Mandate is an open-source strategy that combines regime classification, higher-timeframe bias, structure breaks, daily pivot context, reversion-basis reclaim logic, and divergence safety into one execution framework. It is designed to test whether directional entries improve when multiple context layers are aligned rather than relying on a single trigger.  The problem this strategy solves is unstructured execution. Many strategies ei"
https://www.tradingview.com/script/E7jfjUgH-Inside-Day-Breakout-Strategy/,Inside Day Breakout Strategy,E7jfjUgH-Inside-Day-Breakout-Strategy,PUB;a61d290170384ee49bab9a3ed00d59b4,waranyutrkm,strategy,1,1,22,0,0,2026-05-13T11:23:51+00:00,40,"# Inside Day Breakout Strategy  The **Inside Day Breakout Strategy** is a price action volatility breakout system designed to capture strong directional moves after periods of market compression.  An **Inside Day** occurs when the entire daily trading range remains inside the previous day’s range, reflecting temporary equilibrium between buyers and sellers. These low-volatility conditions are often followed by expansionary price movements, making the pattern ideal for breakout trading strategies"
https://www.tradingview.com/script/P1hYfpeB-Asian-Box-Breakout-Strategy/,Asian Box Breakout Strategy,P1hYfpeB-Asian-Box-Breakout-Strategy,PUB;686f5d1381044f0bb7d8f8659bfae5c4,waranyutrkm,strategy,1,1,33,0,0,2026-05-13T11:22:34+00:00,40,"# Asian Box Breakout Strategy  The **Asian Box Breakout Strategy** is a session-based momentum breakout system designed to capture explosive price movements that often occur after the low-volatility Asian trading session.  The strategy builds a price range — known as the **Asian Box** — using the high and low formed during the Asian session, then trades breakouts when the market transitions into higher volatility trading hours such as the London or New York sessions.  This methodology is widely "
https://www.tradingview.com/script/8N8DT3Pv-Geometric-Grid-Machine-3Commas/,Geometric Grid Machine [3Commas],8N8DT3Pv-Geometric-Grid-Machine-3Commas,PUB;522260b0d6d643caa2901d380ca6e346,3Commas,strategy,1,1,12,0,0,2026-05-13T10:25:39+00:00,40," Geometric Grid Machine  🔷 What it does: This strategy implements a geometric grid trading system on liquid range-bound instruments. It pre-computes a ladder of 56 price levels between a configurable High and Low boundary using geometric spacing (≈ 0.6% step), then buys at each level when price crosses down through it and sells at the next level up when price crosses back through. Profit comes from capturing the spread between adjacent grid lines on every oscillation. A trailing-up mechanic shif"
https://www.tradingview.com/script/Cf6gXdy1-Moja-Strategia-Harami-BB/,Moja Strategia Harami BB,Cf6gXdy1-Moja-Strategia-Harami-BB,PUB;7b9b3fb12e87429f910019a8a4c9a9fa,cb85wj5jmt,strategy,1,1,79,0,0,2026-05-13T09:09:05+00:00,40,"This automated strategy detects bullish and bearish Harami reversal patterns that occur specifically when the first candle touches the outer Bollinger Bands. Upon identifying a valid signal, it executes long or short trades and automatically manages them using a strict 40-point Take Profit and a 20-point Stop Loss."
https://www.tradingview.com/script/1i9HDUUV-Moja-Strategia-Harami-BB/,Moja Strategia Harami BB,1i9HDUUV-Moja-Strategia-Harami-BB,PUB;b315d66536f64a93a0b2825091adbb94,cb85wj5jmt,strategy,1,1,11,0,1,2026-05-13T09:08:42+00:00,40,"This automated strategy detects bullish and bearish Harami reversal patterns that occur specifically when the first candle touches the outer Bollinger Bands. Upon identifying a valid signal, it executes long or short trades and automatically manages them using a strict 40-point Take Profit and a 20-point Stop Loss."
https://www.tradingview.com/script/UIpcSbA3-EA-Wealth-NR-Super/,EA Wealth NR Super,UIpcSbA3-EA-Wealth-NR-Super,PUB;8bf1b51caa5b424d9cbcb64b34189ad1,Nour_Eddine_01,strategy,2,5,44,0,0,2026-05-13T08:02:14+00:00,40,"EA Wealth NR Super is a multi-layer market analysis tool designed to help traders read trend direction, market conditions, session behavior, and key reaction zones directly on the chart.  The script combines multiple visual layers into one organized system, allowing users to quickly identify whether the market is showing bullish strength, bearish pressure, or neutral consolidation.  The indicator uses a structured trend model that classifies price action into three main states: bullish, bearish,"
https://www.tradingview.com/script/PRqNrtF0-EMA-Crossover-with-Touch-55-EMA-Filter-EMA-Exit/,EMA Crossover with Touch + 55 EMA Filter + EMA Exit,PRqNrtF0-EMA-Crossover-with-Touch-55-EMA-Filter-EMA-Exit,PUB;da33b043ae3849799f9eb3a25dc17b50,anshum0,strategy,2,1,0,0,3,2026-05-13T03:40:27+00:00,40,EMA Crossover with Touch + 55 EMA Filter + EMA Exit
https://www.tradingview.com/script/DA5MfH9R-BTC-MASTER-SIGNAL-v1-0/,BTC MASTER SIGNAL v1.0,DA5MfH9R-BTC-MASTER-SIGNAL-v1-0,PUB;d8f9bdaa8dec46bf9edded6cdccf5241,shaggygent102,strategy,2,1,7,0,1,2026-05-13T02:53:19+00:00,40,"you can go suck a fat one, my guy. i dont feel like explaining. pleseeee let me publishhhhh!!!!!!!!!!!!! ttyvgbljbogyvtrdtrchgjbjlhvirtdrewsqeaqewxcghbjkn;kbtfvrtfyituvbuhlbnjvbfyctfvgkhgvfgh jhvghblhvbhgjnjhbghvygihbuoyvgybugvgiyvotvcd"
https://www.tradingview.com/script/nLpE66zG/,MGC Wyckoff Second Breakout V3 Candle RR,nLpE66zG,PUB;09792c1e9d784dab89fe49ea2c42d507,zhangwenjian810,strategy,1,1,8,0,0,2026-05-13T00:52:26+00:00,41," **Gold 15-Minute Wyckoff Second Breakout Strategy V3**  ## Core Idea  This strategy is based on a Wyckoff-style breakout confirmation concept.  The strategy does **not** enter on the first breakout. Instead, it waits for the market to:  1. Break an isolated high or low. 2. Form a new breakout extreme. 3. Pull back or pause. 4. Break that new extreme again.  The second breakout is treated as the higher-quality confirmation signal.  ---  ## Timeframe  ```text Chart timeframe: 15 minutes Market: G"
https://www.tradingview.com/script/bii5CJTz-SMA-STANDARD-DEVIATION-for-entry-and-tp-2-exit-ema-tp3-exit/,"SMA + STANDARD DEVIATION for entry and tp 2 exit,  ema tp3 exit",bii5CJTz-SMA-STANDARD-DEVIATION-for-entry-and-tp-2-exit-ema-tp3-exit,PUB;878b85ee402544388e8ed5145b102147,jenmb,strategy,1,1,41,0,0,2026-05-13T00:46:51+00:00,41,"This strategy was designed for use on SPY or NQ.  Use on 1 hour chart. I chose to leave the ""guts"" of it so that you could toggle the various indicators and signals off and on as you chose.  It can be used as a totally clean chart with signals only. This is actually profitable and I find that very few strategies on here actually are so, good luck. The challenge as with any trading system is doing it as it is intended to be used and not fidgeting it up isn't it? "
https://www.tradingview.com/script/pjUZ1vMs-Parallax-Covenant-Strategy-JOAT/,Parallax Covenant Strategy [JOAT],pjUZ1vMs-Parallax-Covenant-Strategy-JOAT,PUB;0f840add526d44b29dbb413629be92be,officialjackofalltrades,strategy,1,1,35,0,0,2026-05-12T23:04:18+00:00,41,"Parallax Covenant Strategy     Introduction   Parallax Covenant Strategy is an open-source, non-repainting TradingView strategy that integrates multiple analytical engines into one realistic execution framework. It combines regime detection, pressure confirmation, mapped bias, structure context, wave release logic, and ATR-based risk management to produce entries and exits only when several independent conditions agree.  The problem this strategy solves is weak single-factor trading. A crossover"
https://www.tradingview.com/script/LG4g49j8-Gentlewhale-IBS-Trend-Health-Hybrid/,Gentlewhale IBS + Trend Health Hybrid,LG4g49j8-Gentlewhale-IBS-Trend-Health-Hybrid,PUB;2de3f947ec4b46788f5c6c648bfda6fc,ky_yule1010,strategy,2,2,8,0,0,2026-05-12T19:38:58+00:00,41,"Modification of the amazing strategy from Gentlewhale to attempt to capture strong uptrends such as the April '26 rally along with the original mean-reverting logic.  This modification includes settings for adjusting what factors affect the trend grading system, and includes optional colored background for trend strength."
https://www.tradingview.com/script/2uttfmSo-Big-Daddy-Max-ORB-Strategy/,Big Daddy Max ORB Strategy,2uttfmSo-Big-Daddy-Max-ORB-Strategy,PUB;7224bdd1b161487ba8ae4937f08a7d51,MrWickTrading,strategy,1,1,200,0,0,2026-05-12T15:05:23+00:00,41,"Big Daddy Max ORB Strategy | Scam or Slam Series  This script is part of my Scam or Slam series, where I take popular trading concepts, code them into TradingView strategies, and backtest them properly to see if the idea actually has an edge — or if it only looks good in hindsight.  This strategy is based around the classic Opening Range Breakout concept.  The script builds an opening range using the selected ORB window, then looks for two main trade types:  1. Continuation Entries    If price c"
https://www.tradingview.com/script/i6N7P04P-5m-SOL-Scalper-HA-Lorentzian/,5m SOL Scalper: HA + Lorentzian,i6N7P04P-5m-SOL-Scalper-HA-Lorentzian,PUB;2dd9046993734f0abc0fe8425c31aaa7,BipinBihariPatra,strategy,1,1,34,0,0,2026-05-12T12:23:12+00:00,41,"Shortened Smoothing (8 instead of 10): By reducing the haLen, the candles react roughly 20% faster to price reversals. This is critical on the 5m chart where a move can finish in just 3-4 candles.  Linear Regression Lorentzian: Instead of a simple EMA, I used ta.linreg. This mimics the ""prediction"" aspect of the Lorentzian Classification on your screen, identifying the slope of the trend more accurately.  Built-in Risk Management: * Take Profit (1.5%): Solana often ""pumps"" and then retraces quic"
https://www.tradingview.com/script/Vz7YPBWz/,Price Action Swing strategy,Vz7YPBWz,PUB;a2b73129dd854d95b43138e5433fc629,z1300026,strategy,3,1,6,0,0,2026-05-12T11:50:00+00:00,41,"這是裸K波段指標 (Price Action Swing Indicator) 策略版 , 方便大家串API 自動交易  This is the strategy version of the Price Action Swing Indicator, making it convenient for everyone to connect via API for automated trading. "
https://www.tradingview.com/script/d117dN6D-3Commas-Trail-Hunter-Reversal-Long/,[3Commas] Trail Hunter - Reversal Long,d117dN6D-3Commas-Trail-Hunter-Reversal-Long,PUB;e275c3df7a164057a7b38a0a2f80e15d,3Commas,strategy,1,2,28,0,0,2026-05-12T09:50:41+00:00,41," Trail Hunter - Reversal Long  🔷 What it does: This strategy hunts mean-reversion long entries on liquid instruments using a dual-indicator confluence — a moving-average cross-under combined with a CCI oversold confirmation. Once a position opens, the exit is managed through a trailing take-profit that activates at a configurable profit level and follows price upward with a tight deviation, locking in gains while letting strong moves run. A hard stop loss caps downside on invalidation. No DCA, n"
https://www.tradingview.com/script/1s588fgS-Bollinger-Bands-RSI-Live-Radar-Strategy/,Bollinger Bands  + RSI Live Radar Strategy,1s588fgS-Bollinger-Bands-RSI-Live-Radar-Strategy,PUB;ea61ffdc82db422c95ab4cd63476d42b,atreynolds19,strategy,1,1,8,0,0,2026-05-12T09:24:04+00:00,41,"A live crypto trading radar using Bollinger Bands, RSI, and trend filters to identify bullish or bearish setup zones, watch signals, trigger levels, and risk areas in real time."
https://www.tradingview.com/script/INeai4SN-DAX40-Pulse-Strategy-V1/,DAX40 Pulse Strategy V1,INeai4SN-DAX40-Pulse-Strategy-V1,PUB;fefa4d7c7394457e960962d9087e9d82,AndyDemi,strategy,3,4,7,0,0,2026-05-12T09:18:03+00:00,41,"DAX40 Pulse Strategy is a structured momentum and trend-following strategy designed for DAX / GER40 / DE40.  The strategy uses a proprietary Pulse Engine to detect potential shifts in momentum, then applies multiple confirmation layers before allowing a trade. These include directional trend alignment, adaptive trend confirmation, trend strength, compression filtering, optional momentum filtering, day/time controls, and optional price-action confirmation.  Risk management is volatility-based, wi"
https://www.tradingview.com/script/Lw0Jh94y-Super-RSI-Strategy/,Super RSI Strategy,Lw0Jh94y-Super-RSI-Strategy,PUB;f9e851d8bae54f00a974a787fabf8821,RamPatel9912,strategy,1,1,14,0,1,2026-05-12T06:52:08+00:00,41,Super RSI Strategy.This is a trend-following + momentum confirmation strategy.
https://www.tradingview.com/script/N9XkAE0B-Super-RSI-Strategy/,Super RSI Strategy,N9XkAE0B-Super-RSI-Strategy,PUB;c4413dfe6d5f43b4835735ad6e685b55,RamPatel9912,strategy,1,1,5,0,0,2026-05-12T06:47:46+00:00,41,Supertrend with RSI Strategy. This is a trend-following + momentum confirmation strategy.
https://www.tradingview.com/script/NNG1sPpD-Super-RSI-Strategy/,Super RSI Strategy,NNG1sPpD-Super-RSI-Strategy,PUB;e1f719411b514d79b02e0854c1b5f3e6,RamPatel9912,strategy,1,1,3,0,0,2026-05-12T06:42:12+00:00,41,Supertrend with RSI Strategy this is a trend following + confirmation strategy.
https://www.tradingview.com/script/pH26SUal-Box-Breakout-Strategy-DT4B-TRADER/,Box Breakout Strategy ( DT4B TRADER ) ,pH26SUal-Box-Breakout-Strategy-DT4B-TRADER,PUB;fb4effd7b39b41d097d40daaab7c54f4,daytrader4beginners,strategy,1,1,30,0,0,2026-05-12T06:21:09+00:00,41,"Turtle Box Liquidity Breakout Strategy Institutional Trading Model Inspired by Richard Dennis + Smart Money Concepts  In this video, we break down a complete professional trading system that combines:  Richard Dennis Turtle Trading Darwin Box Breakout Strategy Liquidity Sweeps Volume Confirmation Institutional Market Structure Trend Following Logic Risk Management Principles  This strategy is designed to help traders stop chasing random entries and start understanding how professional money move"
https://www.tradingview.com/script/86RaWbno/,SMA Strategy,86RaWbno,PUB;b33344f34cce40b6b9330737ea50f170,ColasBreugnon,strategy,1,1,13,0,0,2026-05-12T05:43:02+00:00,41,"SMA Strategy is a minimalist trend-following trading system built around the interaction of short-term Simple Moving Averages. The strategy uses the crossover between the SMA 5 and SMA 9 as the primary market trigger, while the SMA 20, SMA 50, and SMA 200 provide additional visual context for short-, medium-, and long-term trend structure.  Core Logic: A LONG position is opened when the SMA 5 crosses above SMA 9. A SHORT position is opened when the SMA 5 crosses below SMA 9.  Risk Management Eac"
https://www.tradingview.com/script/zV6RrYm5-NY-Session-Trend-Retest-Strategy/,NY Session Trend Retest Strategy,zV6RrYm5-NY-Session-Trend-Retest-Strategy,PUB;dad2e548e3664c399ac99d87034437ac,itzkarmakyo,strategy,1,1,30,0,0,2026-05-12T04:38:38+00:00,41,"A Session-based trend continuation and breakout system built around the relationship between:  * Higher timeframe trend * Anchored VWAP * Premarket structure * EMA positioning * Session liquidity behavior  It’s essentially a **hybrid momentum + mean reversion framework** designed for intraday futures trading, especially instruments like:  * NQ / MNQ * ES / MES * Gold / MGC  where intraday institutional flow around VWAP and session highs/lows matters heavily.  ---  # Core Strategy Concept  The st"
https://www.tradingview.com/script/ZoFWTSL4-PSOL-03-SuperTrend-RSI/,PSOL_03 SuperTrend RSI,ZoFWTSL4-PSOL-03-SuperTrend-RSI,PUB;a0a08a2e26a84701b3d69f7d41914ae1,Khanhtq26,strategy,1,3,56,0,0,2026-05-12T04:37:28+00:00,41,"PSOL_03 — SuperTrend + RSI is a trend following strategy designed for VN30F1M (Vietnamese Stock Index Futures), built with Pine Script v5. 📌 Indicators used: SuperTrend (ATR 10, Multiplier 3.0) + RSI(14) entry filter + SMA(200) trend filter 📐 Entry Rules:  Long: SuperTrend flips to Uptrend AND RSI < 70 — avoids chasing overbought tops Short: SuperTrend flips to Downtrend AND RSI > 30 — avoids selling oversold bottoms  🚪 Exit Rules:  Stop Loss: 10 pts from entry (adjustable) Take Profit: 20 pts f"
https://www.tradingview.com/script/C7SRrSSH-Concordance-Execution-Mandate-JOAT/,Concordance Execution Mandate [JOAT],C7SRrSSH-Concordance-Execution-Mandate-JOAT,PUB;75704049f6bc46a6bdbab6122863f300,officialjackofalltrades,strategy,1,1,21,0,0,2026-05-11T21:30:21+00:00,41,"Concordance Execution Mandate     Introduction   Concordance Execution Mandate is an open-source TradingView strategy that integrates the indicator concepts used throughout the JOAT Suite into one execution framework. It combines crossframe bias, auction location, stepped structure, momentum timing, absorption participation, and volatility gating before any trade is allowed. It also renders on-chart trade rails, stop placement, profit targets, and a dashboard summarizing the active execution sta"
https://www.tradingview.com/script/DZhhisso-Countertrend-FVG-Reclaim/,Countertrend FVG Reclaim ,DZhhisso-Countertrend-FVG-Reclaim,PUB;d70c5abf5ed24038aa4d67b012b34bf6,orlemoni,strategy,3,1,2,0,0,2026-05-11T18:19:31+00:00,41,Countertrend FVG Reclaim . NQ fairvalue gap strategy. countertrend entry. Target prior swing high swing low. 
https://www.tradingview.com/script/XbtQXDMb-3Commas-Pullback-Sniper-Strategy/,[3Commas] Pullback Sniper Strategy,XbtQXDMb-3Commas-Pullback-Sniper-Strategy,PUB;2e9af158ccbb44ca98700bd827deb173,3Commas,strategy,1,1,32,0,0,2026-05-11T15:10:18+00:00,41,"🔷 What it does: This strategy executes a long-only Dollar-Cost-Averaging approach driven by a single classic RSI signal on a 3-minute timeframe. It opens a base order when RSI(14) crosses below an oversold threshold, layers a martingale-scaled safety order ladder at predefined cumulative price deviations from the base, and exits the full position when RSI crosses back above an overbought threshold combined with a minimum profit gate from the average entry. The design is built for high-frequency "
https://www.tradingview.com/script/fqS79J4w/,BS - Proyeccion TP/SL,fqS79J4w,PUB;7c1bd721d15d45e490888445c2a19975,busquedasnet_net,strategy,1,1,4,0,0,2026-05-11T14:59:07+00:00,41,interpreta compras y ventas y toma ganancias. Muy útil para predecir toma de ganancias y perdidas.
https://www.tradingview.com/script/hSwLY5DH-Next-Gen-AI-Master-Strategy-V1-2/,Next Gen - AI Master Strategy V1.2,hSwLY5DH-Next-Gen-AI-Master-Strategy-V1-2,PUB;18ba037d2aea48c88ad16927846e71bb,the_billionschool,strategy,3,1,16,0,0,2026-05-11T14:23:53+00:00,41,"🚀 Next Gen – AI Master Strategy V1.2  Experience the power of the upgraded AI-based trading system designed for fast and smart market execution.  ✅ Updated Version with Improved Performance ✅ 70–80% Accuracy Based Trade Signals ✅ Specially Optimized for 1 Minute Time Frame Trading ✅ Works in Indian Market, Forex & Crypto with a Single Code ✅ New Premium Label Styles for Better Trade Visibility ✅ Advanced Updated Dashboard for Real-Time Market Analysis ✅ Faster Signal Detection & Cleaner Entries "
https://www.tradingview.com/script/KChic4Q1-MNQ-Morning-Strategy/,MNQ Morning Strategy,KChic4Q1-MNQ-Morning-Strategy,PUB;5c7e00e0630b449ab811d17dfe0f8c8a,johncoco,strategy,2,2,5,0,0,2026-05-11T13:22:41+00:00,41,"7 indicators, 1 trade. This strategy is based on a Python script I run to identify market direction, and then I place a trade with the aim to harvest 50pts of profit over the course of the day. "
https://www.tradingview.com/script/flwiKvHQ-nem-talalod-meg/,nem talalod meg ,flwiKvHQ-nem-talalod-meg,PUB;75b60e7375d24e4493c38d133919abed,galaxy14012,strategy,1,1,15,0,0,2026-05-11T12:37:12+00:00,41,this is the best trading bot in trandingviewaaaaaaaaaaa this is the best trading bot in trandingviewaaaaaaaaaaathis is the best trading bot in trandingviewaaaaaaaaaaathis is the best trading bot in trandingviewaaaaaaaaaaathis is the best trading bot in trandingviewaaaaaaaaaaathis is the best trading bot in trandingviewaaaaaaaaaaathis is the best trading bot in trandingviewaaaaaaaaaaathis is the best trading bot in trandingviewaaaaaaaaaaathis is the best trading bot in trandingviewaaaaaaaaaaathis
https://www.tradingview.com/script/0vL9Hcs2/,Strategy_470 - NY Open 3H Sweep Continuation,0vL9Hcs2,PUB;0f0b524c1f184dc398c6964997f95f81,Fran_Pineda,strategy,1,1,17,0,0,2026-05-11T10:52:11+00:00,42,"Strategy_470 is an intraday opening-session strategy designed to identify liquidity sweeps around the New York open and trade the potential continuation move that follows.  The model uses the previous 3-hour candle as the reference range. During the New York trading window, the strategy watches for price to sweep either the previous 3H high or low. After that sweep, it waits for a confirmation move through a recent swing level before entering.  For long setups, price must sweep below the previou"
https://www.tradingview.com/script/XH3SLh1O/,SKAlgoTradingSystem Strategy,XH3SLh1O,PUB;4726027ffe2f47cfbd9fd5967f1fddaf,SKALGOSYSTEM,strategy,3,3,2,0,0,2026-05-11T09:29:30+00:00,42,"SKAlgoTradingSystem Strategy is a technical analysis-based trend-following and trading strategy designed to run on TradingView.  The system monitors the relationship between price and the trend line, and generates LONG / SHORT trade signals when the defined confirmation conditions are met. The strategy allows users to test historical performance through TradingView Strategy Tester. Users can also create alerts for LONG and SHORT signals using the TradingView alert system.  Key Features:  Trend-f"
https://www.tradingview.com/script/KRkptt2M-AVORO-AI/,AVORO AI,KRkptt2M-AVORO-AI,PUB;d503d225217c4436bdce87354bebdd44,babulroutaray95,strategy,3,1,4,0,0,2026-05-11T08:14:59+00:00,42,"AVORO AI Institutional Trading Suite  This proprietary invite-only indicator provides: • Precision entry zones • Market structure analysis • Trend continuation detection • Volatility-based filtering  Access Request: Please send: • Your TradingView username • Subscription confirmation • Preferred market (Forex/Crypto/Indices)  Telegram Support: @AVOROAI  Important: Access is licensed per user and may be revoked for abuse, redistribution, or unauthorized sharing.  Risk Disclaimer: Trading leverage"
https://www.tradingview.com/script/3BXWqwnF-btc-turtle-paper-strategy-v1-bitstamp/,BTC Turtle Paper Strategy v1 - Bitstamp,3BXWqwnF-btc-turtle-paper-strategy-v1-bitstamp,PUB;eddc23ac469043da94385c2f9ab36027,CRYPT0GRAF,strategy,1,1,4,0,0,2026-05-11T07:30:34+00:00,42,BTC Turtle Paper Strategy v1 BTC Turtle Paper Strategy v1 BTC Turtle Paper Strategy v1 BTC Turtle Paper Strategy v1
https://www.tradingview.com/script/0VIgV9kM-Hungpixi-MACD-Enhanced-MTF-with-Signal-Filter-Anti-Sideway/,Hungpixi MACD Enhanced MTF with Signal Filter & Anti-Sideway,0VIgV9kM-Hungpixi-MACD-Enhanced-MTF-with-Signal-Filter-Anti-Sideway,PUB;0f750c0cd88c4a7d96d7f59b538cdbe3,hungpixi,strategy,1,1,281,0,4,2026-05-11T06:33:00+00:00,42,"Description: This is an enhanced multi-timeframe (MTF) MACD strategy for TradingView, built with signal filters, anti-sideway logic, and a detailed stats table. It identifies buy/sell opportunities with trend-following or counter-trend signals and provides Bybit-ready JSON alerts for automated trading.  Key Features: Multiple signal modes: Buy Trend, Buy Counter, Sell Trend, Sell Counter, Strong Buy, Strong Sell. Toggle each signal type to suit your testing needs. Anti-Sideway Filter: EMA 34 & 8"
https://www.tradingview.com/script/ptcWay4h/,scap GOLD Dopatrading,ptcWay4h,PUB;57270d6f87034c55b18073f741f3df71,dopatrading3103,strategy,2,1,42,0,0,2026-05-11T05:22:36+00:00,42,"Không giao dịch giờ tin tức quan trọng (NFP, CPI, Fed)  • Hiệu quả nhất với XAUUSD khung M15  • Thị trường sideway kéo dài → tắt chỉ báo, chờ ADX > 20 trở lại  • Backtest đẹp ≠ live đẹp — luôn test forward trước khi dùng thật​​​​​​​​​​​​​​​​"
https://www.tradingview.com/script/l4LoQk7b/,SKAlgoTradingSystem Strategy,l4LoQk7b,PUB;8852a664d3104698b8511998a9a79936,SKALGOSYSTEM,strategy,3,3,3,0,0,2026-05-11T04:52:45+00:00,42,"SKAlgoTradingSystem Strategy, TradingView üzerinde çalışan teknik analiz tabanlı bir trend takip ve alım-satım stratejisidir. Sistem, fiyatın trend çizgisiyle ilişkisini takip eder ve belirlenen teyit koşulları oluştuğunda LONG / SHORT işlem sinyalleri üretir. Strateji, TradingView Strategy Tester üzerinden geçmiş performansın test edilmesine imkân sağlar. Kullanıcılar ayrıca TradingView alarm sistemi üzerinden LONG ve SHORT sinyalleri için bildirim oluşturabilir. Temel özellikler:   Trend takip"
https://www.tradingview.com/script/tTnRpXMf/,Volume Imbalance Reversal Strategy - Kurdistan ,tTnRpXMf,PUB;fc68072685b24fe5bbb2337d158469f6,bafcan41,strategy,2,1,3,0,0,2026-05-11T03:32:57+00:00,42,Trade the reversal when price creates a big gap (imbalance) and is likely to fill it. Strategy Rules (based on the script):  Buy (Long): When price opens much lower than previous close (bearish gap / gap down) → enter Long. Sell (Short): When price opens much higher than previous close (bullish gap / gap up) → enter Short. Stop Loss: Based on ATR (behind the entry candle). Take Profit: Automatically exits when the gap is filled (price returns to previous candle close).
https://www.tradingview.com/script/IFMBnyRE/,Volume Imbalance Reversal Strategy,IFMBnyRE,PUB;a8ea354e92a143a7be32e74a49109c60,bafcan41,strategy,2,1,1,0,0,2026-05-11T03:17:22+00:00,42,"Volume Imbalance Reversal Strategy (Simple) Idée : Quand le prix fait un fort mouvement et crée un Volume Imbalance (gap), il revient souvent remplir ce gap et retourne."
https://www.tradingview.com/script/XuywwObg-RSI-Volume-Ladder/,RSI Volume Ladder,XuywwObg-RSI-Volume-Ladder,PUB;d487c5468f7547aa8addb2516580580e,wielkieef,strategy,1,1,47,0,0,2026-05-10T22:46:49+00:00,42,"A long-only pyramiding strategy that scales into corrections using RSI oversold conditions confirmed by above-average volume. Each subsequent entry requires a meaningful price drop from the previous fill, with an asymmetric exit structure: Take Profit anchored to the average entry, Stop Loss anchored to the lowest fill. Built for traders who want to systematically dollar-cost into pullbacks within an uptrend, with clearly defined risk per pyramid stack.  ━━━━━━━━━━━━━━━━━━━━━━━━━━━━━━━━━━━━━ ORI"
https://www.tradingview.com/script/JvJc7Wh8-Gold-H1-squeeze/,Gold H1 squeeze,JvJc7Wh8-Gold-H1-squeeze,PUB;864f66d3311f46e4890ff25030f3064f,AboJassar3,strategy,3,1,3,0,0,2026-05-10T17:51:58+00:00,42,"Gold H1 Squeeze is a rule-based trading strategy designed for XAUUSD / Gold on the 1-hour timeframe.  The strategy is built to identify volatility compression phases, commonly known as squeeze conditions, and then look for potential breakout opportunities when price expands outside the previous range. It combines trend direction, volatility filtering, breakout confirmation, ATR-based risk management, and position sizing tools into one structured trading model.  Core logic: • Detects squeeze cond"
https://www.tradingview.com/script/spSlkODY-TTM-Momentum-histo-9-ema-21-ema-Debit-spread-script/,"TTM, Momentum histo, 9 ema 21 ema Debit spread script",spSlkODY-TTM-Momentum-histo-9-ema-21-ema-Debit-spread-script,PUB;64dfd22c91e041b2882bb9eb9261a0ce,loganman2010,strategy,1,1,11,0,0,2026-05-10T16:45:37+00:00,42,"For debit spread calls. Uses the TTM squeeze trigers at 2 green bars, Momentum histogram has to be equal or bullish, EMA 9 has to be equal or greater than 21 EMA. Extremely succesful!"
https://www.tradingview.com/script/vNko9qbN-Triple-EMA-RSI-Volatility-Index-by-Gozzs/,Triple EMA + RSI + Volatility Index by Gozzs,vNko9qbN-Triple-EMA-RSI-Volatility-Index-by-Gozzs,PUB;f7e28c35ce294719ba2674dbb963ad11,gozzs95110,strategy,2,1,5,0,0,2026-05-10T14:33:09+00:00,42,How the strategy works Long Entry — all 3 filters must be green simultaneously:  Triple EMA bullish alignment: EMA20 > EMA50 > EMA200 AND price above EMA20 RSI between 50 and 70: positive momentum without being in overbought territory Volatility between 30% and 100%: active trending market (neither too quiet nor in panic mode)  Exit (first event reached):  Fixed Stop Loss at −5% from entry Fixed Take Profit at +15% from entry Bearish EMA breakdown (EMA20 < EMA50 < EMA200) RSI below 45   Paramete
https://www.tradingview.com/script/BjjAOuub-Beginner-Trend-Risk-Model-EMA-RSI/,Beginner Trend & Risk Model (EMA + RSI),BjjAOuub-Beginner-Trend-Risk-Model-EMA-RSI,PUB;89c9f7280f5b4c0eb742c55693fcdfb1,hackermillionaire,strategy,1,1,47,0,0,2026-05-10T14:08:58+00:00,42,   This script is a beginner‑friendly trend and risk‑management model designed to help new traders understand how momentum shifts can be identified using a simple EMA crossover combined with RSI filters. It uses a 9/21 EMA structure to define trend direction and a standard RSI range to avoid entries during overbought or oversold conditions.
https://www.tradingview.com/script/vR3zgCKG/,RR Master - LC,vR3zgCKG,PUB;268fb2ddb28e4653b85cd2a887fd178a,louislapis9,strategy,1,1,2,0,0,2026-05-10T12:10:20+00:00,42,1. เงื่อนไขการคัดกรอง (ตัวกรองความเสี่ยง) ก่อนที่ระบบจะมองหาจุดเข้า ราคาต้องผ่านด่านเหล่านี้ก่อน:  แนวโน้มขาขึ้น (Buy): ราคาต้องอยู่ เหนือเส้น EMA 200 และ เหนือเส้น VWAP  แนวโน้มขาลง (Sell): ราคาต้องอยู่ ใต้เส้น EMA 200 และ ใต้เส้น VWAP  ความแรงของเทรนด์: ค่า ADX ต้องมากกว่า 30 และต้องมีทิศทางชันขึ้น (Confirm ว่าไม่ใช่ช่วงไซด์เวย์ที่อันตราย)  Clear Zone: ราคาต้องไม่นัวเนียอยู่กับเส้น EMA 200 (ต้องลอยตัวออกมาเห็นชัดๆ)  2. สัญญาณเข้าเทรด (Entry Trigger) เมื่อเทรดครบเงื่อนไขด้านบนแล้ว ระบบจะรอจังหว
https://www.tradingview.com/script/pXsgrZUz-AI-Triple-Confirmation-Strategy/,AI Triple Confirmation Strategy,pXsgrZUz-AI-Triple-Confirmation-Strategy,PUB;ba5266cb63c047e29f271f6d0c1aff34,SHAHBAZGOLD,strategy,1,1,29,0,0,2026-05-10T11:29:06+00:00,42,This Strategy is the best to earn and grow your account without any problems. Wait for confirmation then enter
