url,title,slug,pub_id,author,script_type,script_access,version,likes,views,comments,created_at,page,description
https://www.tradingview.com/script/9DTitbS6-Adaptive-Support-Resistance/,Adaptive Support Resistance,9DTitbS6-Adaptive-Support-Resistance,PUB;c163e0ec631945beb24588c717369fc8,Forex_Market_Insights,indicator,1,1,382,0,4,2026-07-24T08:10:07+00:00,1,"ADAPTIVE SUPPORT RESISTANCE www.tradingview.com  OVERVIEW  Adaptive Support Resistance maps the price areas where a market has actually turned, scores each one for genuine strength, draws it as a zone rather than a line, follows it through its whole life including the moment it breaks and changes role, and then reports how often levels of that strength have really held on the chart you are looking at.  It is built around one principle: every number this tool produces must mean the same thing on "
https://www.tradingview.com/script/73fIFFEV-Reactive-Trail-System-WillyAlgoTrader/,Reactive Trail System [WillyAlgoTrader],73fIFFEV-Reactive-Trail-System-WillyAlgoTrader,PUB;e7c6185d21ae45bcbef399aed5ff50a7,WillyAlgoTrader,indicator,1,1,1705,0,16,2026-07-23T17:45:52+00:00,1,"📊 Reactive Trail System (RTS)  is an overlay trend-following indicator that combines a momentum-adaptive trailing stop, a dual volatility engine, a 0–100 signal quality score, and a complete trade-management layer (Entry / SL / TP1–TP3 / break-even) — all tracked live on a sectioned dashboard with win-rate statistics.  The core insight: a trailing stop should not have a fixed width. When momentum is strong, price moves cleanly and the trail can hug price to lock in profit. When momentum fades, p"
https://www.tradingview.com/script/3XE8qqfr-Directional-Volume-Shapes-Zeiierman/,Directional Volume Shapes (Zeiierman),3XE8qqfr-Directional-Volume-Shapes-Zeiierman,PUB;e34ee6d48a3442009b22dcfbd252dd52,Zeiierman,indicator,1,1,206,0,0,2026-07-24T09:53:21+00:00,1,"█  Overview   Directional Volume Shapes (Zeiierman)  is a regime-classification oscillator that reframes volume analysis around a different question: not simply “how much volume traded,” but “what statistical shape has directional pressure been forming, and which way is it leaning?”  Instead of plotting raw buy and sell volume bar by bar, the indicator scores each candle for directional pressure using a triangular intrabar distribution model. It collects those scores in a rolling window, classif"
https://www.tradingview.com/script/nsTNb4a3-Recursive-Kernel-Trend-QuantAlgo/,Recursive Kernel Trend [QuantAlgo],nsTNb4a3-Recursive-Kernel-Trend-QuantAlgo,PUB;d09d3a9d5bbf4408b26f4f35fd22f2b8,QuantAlgo,indicator,1,1,164,0,2,2026-07-24T03:59:01+00:00,1,"🟢 Overview   The  Recursive Kernel Trend  is a trend-following indicator built on a recursive residual estimator with adaptive rate scheduling. It applies one of six selectable filter structures to a residual-corrected recursion, modulates the update rate according to efficiency and volatility conditions, and confirms directional state through slope persistence. The result is a responsive yet controlled trend line that adapts its tracking behavior to market regime while filtering noise-driven fl"
https://www.tradingview.com/script/ufMHeB9Z-Regime-Blocks/,Regime Blocks,ufMHeB9Z-Regime-Blocks,PUB;a25640e03792487596f78f0d8bf989b0,MarketStructureLab,indicator,1,1,152,0,0,2026-07-24T05:22:07+00:00,1,  Regime Blocks is a market-structure visualization tool that converts confirmed structural breaks into sequential bullish and bearish price-range blocks. The indicator helps answer three practical questions directly on the chart: 1. Which structural regime is currently active? 2. How long has the current regime remained active? 3. What price range has developed within the regime? The main purpose of Regime Blocks is to present price movement as a clear visual map of bullish and bearish structur
https://www.tradingview.com/script/VMrfABUc-Market-Structure-Shift-JOAT/,Market Structure Shift [JOAT],VMrfABUc-Market-Structure-Shift-JOAT,PUB;e0b557b3a72b4a4eacf9335f3c010e9b,officialjackofalltrades,indicator,1,1,112,0,0,2026-07-24T15:03:28+00:00,1,"═══ MARKET STRUCTURE SHIFT   ═══   A complete Smart Money Concepts structure engine that reads the market the way institutional flow moves it — mapping every  swing  and  internal  shift, tagging each break as  BOS  (continuation) or  CHoCH  (reversal), then layering liquidity, premium/discount context, and a structure-anchored risk plan on top. It turns raw price action into a clean, labelled map of who is in control and where the shift happens.       ▎ WHAT IT DOES  MSS tracks confirmed pivots"
https://www.tradingview.com/script/fj357cmt/,Market Compass - Dynamic Range Framework,fj357cmt,PUB;ca53d4c6d6b54643ba69da305b7034ab,william_wq,indicator,1,2,38,0,3,2026-07-24T15:25:57+00:00,1,"Hello English readers, the English version is provided below. Please scroll down to view it.      Market Compass - Dynamic Range Framework   市场指南针 · 动态区间框架   版本：1.0 | 类型：非预测性价格结构定位工具 | 作者：     绝大多数交易亏损，根源并非方向判断错误，而是  “位置感”的缺失 。本指标旨在为您解决这一核心痛点——它不告诉您涨跌，但它告诉您  “此时此刻，价格在地图上的精确坐标” 。  ---     本指标并非传统的均线或动量振荡器，而是一个  基于固定回溯周期的价格百分位区间定位系统 。它以最近 N 根 K 线（默认 252 根，对应约 1 个交易年度）的最高价与最低价为天然边界，构建出一个覆盖 0% 至 100% 的 动态箱体网格 。  该网格并非平均分割，而是采用  非对称的黄金分割与极值锚定法 ，精确定制了 9 条关键水平轨道。这些轨道以彩色矩形色带和右侧实时浮动标签的形式，干净利落地叠加于主图 K 线之上"
https://www.tradingview.com/script/GmNIzKD0-Liquidity-Sweep-Reversal-JOAT/,Liquidity Sweep Reversal [JOAT],GmNIzKD0-Liquidity-Sweep-Reversal-JOAT,PUB;1c7b8e67771e4bc49b503d9a98b3431b,officialjackofalltrades,indicator,1,1,381,0,0,2026-07-23T14:59:18+00:00,1,"═══ LIQUIDITY SWEEP REVERSAL   ═══    Liquidity Sweep Reversal   hunts the stop-run. Price wicks beyond a prior swing high or low to grab resting liquidity, then snaps back inside — and that reclaim is where the reversal often begins. This tool tracks those levels, validates the sweep, and frames a complete trade with stop, targets and live outcome stats. 🎯       ▎ WHAT IT DOES  It maps recent  swing highs  and  swing lows  as liquidity pools, watches for a candle to pierce one and then close ba"
https://www.tradingview.com/script/fU13VFoj-Kalman-Filter-Optimized-RSI/,Kalman Filter-Optimized RSI,fU13VFoj-Kalman-Filter-Optimized-RSI,PUB;457ea34361334c5da366d30e04b76251,markchunwaipaul,indicator,1,1,63,0,0,2026-07-24T08:32:03+00:00,1,"Kalman Filter-Optimized RSI   How to Use: This indicator is designed for the 1-minute chart and is particularly suitable for trading E-mini S&P 500 futures (ES).  -	When the Kalman Filter-Optimized RSI crosses above 70 and remains above 70 for 10 minutes, it indicates that the market trend has become very strong. Traders may consider entering a long position in the direction of the trend. -	When the Kalman Filter-Optimized RSI crosses below 30 and remains below 30 for 10 minutes, it indicates th"
https://www.tradingview.com/script/7YXrxMjV-Terminal-Velocity-Stop-Lyro-RS/,Terminal Velocity Stop | Lyro RS,7YXrxMjV-Terminal-Velocity-Stop-Lyro-RS,PUB;e4b3de3ee1cf40b9b4e64b108d853759,LyroRS,indicator,1,1,143,0,0,2026-07-23T23:23:59+00:00,1,"Overview:   Terminal Velocity Stop is an ATR-based trailing stop that borrows a physics concept for its trailing logic: a falling object stops accelerating once it hits terminal velocity. Instead of letting a single vertical candle snap the stop right under price, this stop's per-bar movement is hard-capped at a maximum speed, so it keeps a controlled distance through violent moves and only closes the gap gradually once the market settles.   Key Features     ATR-Based Stop Targeting: Calculates "
https://www.tradingview.com/script/AXJ9pP3Q-Quantum-Vision-Pro-v6-JFT/,Quantum Vision Pro v6 [JFT],AXJ9pP3Q-Quantum-Vision-Pro-v6-JFT,PUB;31a15e284ec044e2a90e3be8e4461edd,JohnsonForexTrader,indicator,1,1,121,0,0,2026-07-24T06:32:11+00:00,1,"◆ OVERVIEW Quantum Vision Pro v6 combines advanced trend analysis, market structure, momentum strength, and dynamic trade levels into one powerful dashboard. It helps traders identify cleaner market direction and potential opportunities with a professional visual interface.  ◆ FEATURES ✓ Advanced Trend Detection Engine ✓ Premium Market Dashboard ✓ Dynamic Trend Ribbon ✓ Buy & Sell Signal System ✓ Confidence Strength Meter ✓ Auto Stop Loss & Take Profit Levels ✓ Market Structure Break (BOS) Detec"
https://www.tradingview.com/script/LStt7FmQ-Buy-and-Sell-Zones/,Buy and Sell Zones,LStt7FmQ-Buy-and-Sell-Zones,PUB;a37b2a81f04342c09c985689eb3500f2,notyet1826,indicator,1,1,69,0,1,2026-07-24T13:48:16+00:00,1,Buy zone and Sell zones these zones originated from my own which is bit more accurate than my own.Each zone uses a full candle.Recommended TimeFrame is 15Minute and 5minutes can be used but not recommended.It is Best paired with trend detection Indicators
https://www.tradingview.com/script/Gk3GZOEu-PO3-Matrix-M1D/,PO3 Matrix+ (M1D),Gk3GZOEu-PO3-Matrix-M1D,PUB;b87d1d4b1f5c47e2b76214c80ea3af6b,mayb1dayy,indicator,1,1,223,0,2,2026-07-23T15:51:30+00:00,1,"PO3 Matrix+ (M1D)   Projects the recent candles of a chosen higher timeframe as a compact candle matrix beside live price, then marks the liquidity events, structure and PD array context that develop on that timeframe — taken swings, structure shifts, fair value gaps, previous-day levels, and cross-market divergence. The intent is to read higher-timeframe conditions without leaving the execution chart, and to keep every drawn element sourced from the same data so nothing drifts out of step.   ──"
https://www.tradingview.com/script/NN1GybOu-Trend-Direction-Buy-Sell-Signals/,Trend Direction Buy/Sell Signals,NN1GybOu-Trend-Direction-Buy-Sell-Signals,PUB;f6b9cfb194a448dc8f73b94a0fd7ca46,ExpertTraderASK,indicator,1,1,72,0,0,2026-07-24T08:23:51+00:00,1,"Trend Direction Buy/Sell Signals  This indicator is designed to help traders identify the market trend and highlight potential Buy and Sell opportunities using EMA crossover logic. It provides a clean and simple visual approach for traders who want to follow the trend instead of trading against it.  Features  - ✅ Automatic Buy & Sell signal arrows - ✅ Trend direction based on fast and slow EMAs - ✅ Easy-to-read chart visualization - ✅ Built-in alert conditions - ✅ Suitable for Forex, Crypto, Sto"
https://www.tradingview.com/script/qfwDkDxi-Quartermaster-Quadrants-VIZ/,Quartermaster Quadrants [VIZ],qfwDkDxi-Quartermaster-Quadrants-VIZ,PUB;ab7b52f0487e40aba08130d211953413,ViZiV,indicator,1,1,10,0,2,2026-07-25T02:32:19+00:00,1,"Quartermaster Quadrants    Overview  Most traders watch the session high and low. Far fewer watch what price does in the space between them — and that space is where most of the session's story actually plays out. Quartermaster Quadrants divides the current session's range into quarters and eighths to give you a live, self-adjusting map of exactly where price sits within the session, and how it behaves at the edges and the mid-zones.  As the session's high and low expand, every level, marker and"
https://www.tradingview.com/script/atlgwpfT-Percentage-Price-Oscillator-Navigator-MarkitTick/,Percentage Price Oscillator Navigator [MarkitTick],atlgwpfT-Percentage-Price-Oscillator-Navigator-MarkitTick,PUB;ba066a37256f43878b7e5cd4bc5703ec,MarkitTick,indicator,1,1,44,0,0,2026-07-25T07:20:43+00:00,1,"💡 A highly multi-dimensional momentum and trend-tracking suite. Rather than relying on singular data points, this comprehensive ecosystem fuses normalized momentum oscillators, dynamic volatility filters, and automated risk-management frameworks into a single, cohesive interface. Designed for meticulous market analysts, it provides a strictly confirmed, non-repainting environment to identify structural shifts, validate trend strength, and project actionable risk-to-reward parameters.   ● ✨ Origi"
https://www.tradingview.com/script/bveuaJty-Bull-Bears-Volume/,Bull & Bears Volume,bveuaJty-Bull-Bears-Volume,PUB;d53ca6a154c148e793757df8ca9ac9b0,Forex_Market_Insights,indicator,1,1,36,0,0,2026-07-24T10:52:18+00:00,1,"BULL AND BEARS VOLUME www.tradingview.com  OVERVIEW  Bull and Bears Volume answers one question: right now, across the data you care about, is activity flowing into buying or into selling.  It does that by splitting every bar's volume into an estimated buying portion and an estimated selling portion, then drawing those two portions as a pair of bars. Green for buying, red for selling. A row of those pairs becomes a dashboard you can read in about two seconds.  The dashboard has two modes. It can"
https://www.tradingview.com/script/hGp1fTsw-Session-Runway-Volatility-Expansion-Matrix/,Session Runway & Volatility Expansion Matrix,hGp1fTsw-Session-Runway-Volatility-Expansion-Matrix,PUB;014c7b8e7b8c4c038ac055144f1c11b7,SlatinaTrades,indicator,1,1,6,0,2,2026-07-24T13:34:10+00:00,1,"🛫 Session Runway & Volatility Expansion Matrix — runway isn't one number. It's two, and they fail for different reasons.  Most session/exhaustion tools give you a single verdict: room left, or not. But a trade can run out of space (price already covered its expected range) or run out of time (the session's ending) — and those call for opposite responses. One says wait, the other says stand down. This tool splits them so you know which one you're looking at.  WHAT'S UNDER THE HOOD  📏 Average Sess"
https://www.tradingview.com/script/kwJgqwZe-Market-Sessions-Overview-Panel/,Market Sessions Overview Panel,kwJgqwZe-Market-Sessions-Overview-Panel,PUB;917e2f875a4d4f08858e8db8c499d224,Forex_Market_Insights,indicator,1,1,30,0,0,2026-07-24T10:18:10+00:00,1,"MARKET SESSIONS OVERVIEW PANEL www.tradingview.com   OVERVIEW  Foreign exchange and metals trade around the clock, but they do not trade the same way around the clock. Tokyo is typically quiet and range-bound. London brings the largest directional moves. New York carries the data releases. The window where London and New York overlap is the deepest liquidity of the day.  A chart that does not show you which session produced a move is hiding a large part of the explanation for that move.  Market "
https://www.tradingview.com/script/pX2fjHhS-Minicharts-Pro-Herman-by-zeeTFX/,Minicharts Pro+ [Herman] by zeeTFX,pX2fjHhS-Minicharts-Pro-Herman-by-zeeTFX,PUB;c5af21011c5b4f99b0c734f0df34cef7,zeeTAJONline,indicator,1,1,5,0,2,2026-07-25T07:44:25+00:00,1,"3 Mini charts with Session, Daily and Weekly VWAP, multiple moving averages, Volume, SMT, imbalances and a lot more. "
https://www.tradingview.com/script/B2HqRKIg-SK-ZigZag-SMC-Continuous-Dashboard-Updated/,SK ZigZag SMC Continuous Dashboard Updated,B2HqRKIg-SK-ZigZag-SMC-Continuous-Dashboard-Updated,PUB;b78eff51a7524edfbb58aa9c4a270066,Moon-Target,indicator,1,1,38,0,0,2026-07-24T16:01:49+00:00,1,"This code acts as a brilliant automated system built exactly for your charting needs. 📊  It deeply analyzes the market using Smart Money Concepts alongside a robust multi-timeframe ZigZag framework. The indicator constantly hunts for key structural shifts like BOS and CHoCH to validate setups. 🔎  Your script operates on a relentless continuous trading cycle. As soon as a trade hits its target or stops out, the system actively prepares for the next immediate trend direction. 🔄  It protects your c"
https://www.tradingview.com/script/V1jJHFPU-Smart-Support-Resistance-Session-POC/,Smart Support & Resistance + Session POC,V1jJHFPU-Smart-Support-Resistance-Session-POC,PUB;fc65f4bbcd9d49af95025aeb4b5611bf,elsrodriguez1,indicator,1,1,33,0,0,2026-07-24T14:40:35+00:00,1,"Smart Support & Resistance + Session POC Overview    Smart Support & Resistance + Session POC is a confirmation-based support and resistance indicator designed to identify meaningful price areas instead of plotting a level after every pivot or wick.  The indicator searches for repeated, separate price rejections on a user-selected detection timeframe. A level remains hidden after its first rejection and only becomes a visible zone after it receives the required number of valid rejections.  Each "
https://www.tradingview.com/script/tNoemECq-Volume-Map/,Volume Map,tNoemECq-Volume-Map,PUB;7a0d52a53fec4427a2e0655f40b4ff1e,MarketStructureLab,indicator,1,1,28,0,0,2026-07-24T09:28:15+00:00,1,"  Volume Map is a volume profile that shows the price levels where trading activity was concentrated within the selected market range. The indicator distributes historical candle volume across horizontal price rows and identifies three key reference levels: 🔴 Resistance — the upper boundary of the calculated balance area. 🟡 Balance — the price row with the highest calculated volume. 🟢 Support — the lower boundary of the calculated balance area. The profile, levels, and information dashboard are "
https://www.tradingview.com/script/YVAh9IZb-Order-Block-Engine-JOAT/,Order Block Engine [JOAT],YVAh9IZb-Order-Block-Engine-JOAT,PUB;9c07abf7fd87411490e47f151b37d89b,officialjackofalltrades,indicator,1,1,34,0,0,2026-07-25T03:14:57+00:00,1,"═══ ORDER BLOCK ENGINE   ═══   Most order-block tools paint a fresh box on every candle and bury the chart. This one does the opposite. It only marks the  last opposing-close candle  that appears just before a genuine  displacement leg  — a move that closes through a confirmed swing by more than a volatility-scaled threshold, backed by a volume expansion. The result: only a handful of clean, unmitigated, high-grade zones survive on screen at once.       ▎ WHAT IT DOES  It maps institutional-styl"
https://www.tradingview.com/script/UB6Ew2C7/,MA ribbon NMF,UB6Ew2C7,PUB;1ccd684d11a0480bbb5f5dad413799fe,norinosuke,indicator,1,1,58,0,0,2026-07-24T04:01:27+00:00,2,"MA ribbon plots four moving averages and fills two separate ribbons between them, so short-term and long-term trend structure can be read at the same time. The fast moving average is coloured by its own slope in three states, using a tick-normalised tolerance band for ""flat"".  --- WHAT IT DOES ---  Two nested ribbons are drawn:  - Fast ribbon: MA1 (default 20) and MA2 (default 40 SMA). Filled pink when MA1 is above MA2, light blue when below. Drawn at low transparency so it reads as the active l"
https://www.tradingview.com/script/K0SEi3Ct-TL-PbD-Shape-Pro-Volume-Profile-P-b-D-Shapes-Day-Playbook/,TL PbD Shape Pro - Volume Profile P b D Shapes + Day Playbook,K0SEi3Ct-TL-PbD-Shape-Pro-Volume-Profile-P-b-D-Shapes-Day-Playbook,PUB;5bbd9e495f604c3682671a0e8920a188,TraderlifestyleYT,indicator,1,2,26,0,0,2026-07-24T20:06:09+00:00,2,"TL PbD Shape Pro reads the market's body language: every trading day the volume profile prints a LETTER - P, b or D - and that letter tells you who is in control and exactly how to trade the next session. This indicator automates the complete PbD method: it builds every day's volume profile, classifies the shape, draws the levels, prints the playbook on your chart and fires webhook-ready JSON signals.  THE THREE LETTERS  P-SHAPE (bullish continuation) - fast impulse UP, then balance ON TOP. The "
https://www.tradingview.com/script/aOQ5QRJz/,Liquidity Compression Box,aOQ5QRJz,PUB;de2e45ece1114b54bfe10311ca7b0d37,filipiti,indicator,1,5,52,0,1,2026-07-24T00:37:15+00:00,2,"LIQUIDITY COMPRESSION BOX   OVERVIEW This indicator identifies consolidation/liquidity zones where price compresses within a defined range, then generates breakout signals with an automatic trailing take profit mechanism. It helps traders spot potential breakout opportunities from tight consolidation patterns.  KEY FEATURES 1. Box Detection  Identifies consolidation boxes based on multiple filters  Box height limited by ATR multiplier (ensures genuine compression)  Body ratio filter (detects sma"
https://www.tradingview.com/script/MtCK1di9-OBV-Signal-Confluence-MarkitTick/,OBV Signal Confluence [MarkitTick],MtCK1di9-OBV-Signal-Confluence-MarkitTick,PUB;047c00171af6474793596aa8def26855,MarkitTick,indicator,1,2,596,0,4,2026-07-23T10:22:32+00:00,2,"💡 This advanced technical utility provides a comprehensive evaluation of market momentum by synthesizing cumulative volume flow with structural trend dynamics and dynamic support levels. Designed for rigorous market analysis, it evaluates directional shifts by demanding strict confluence across multiple dimensions, including momentum divergence, historical trend validation, and volatility expansion. Rather than relying on isolated price action, this tool builds a holistic profile of market parti"
https://www.tradingview.com/script/6KAOP35I-Chimera-theUltimator5-FearinLoathin-Edit/,Chimera [theUltimator5] FearinLoathin Edit,6KAOP35I-Chimera-theUltimator5-FearinLoathin-Edit,PUB;13f5ede32b8742fb8cf9773b7ee97e44,FearinLoathin,indicator,1,2,21,0,1,2026-07-24T11:55:17+00:00,2,"================================================================================   CHIMERA    —  INDICATOR REFERENCE GUIDE  (v2.0) ================================================================================  Written for TradingView PineScript v6. Indicator type: Pane (non-overlay), with chart overlays for gap lines and VFX.  CREDITS - TheUltimator5 (original author)  -------------------------------------------------------------------------------- TABLE OF CONTENTS --------------------------"
https://www.tradingview.com/script/YFtfXOHi-Thembaron-Key-Levels/,Thembaron Key Levels,YFtfXOHi-Thembaron-Key-Levels,PUB;92f9c09465c64c54be65170fee7130fe,amincredible,indicator,1,1,129,0,0,2026-07-23T14:14:17+00:00,2,"RenderPolyline live-line rework (array leak + historical-VWAP-deleted-at-anchor //       + wrong xloc on historical segments), pair-wise VA expansion + mid-tie POC, //       explicit America/Chicago sessions, prev-day VWAP len clamp, f_ray update-in-place, //       single VP commit per session, format.mintick labels, polyline cap 9000"
https://www.tradingview.com/script/3DbSKLlH-Impulse-Flow-Channels/,Impulse Flow Channels,3DbSKLlH-Impulse-Flow-Channels,PUB;fee20fa747a4431a864e4c08a39beb4c,Forex_Market_Insights,indicator,1,1,16,0,0,2026-07-24T09:53:43+00:00,2,"IMPULSE FLOW CHANNELS www.tradingview.com  OVERVIEW  Impulse Flow Channels separates a chart into directional regimes and draws each one as its own shaded block, so the structure of a market becomes readable at a glance instead of being inferred bar by bar.  The core idea is simple. A single reference line, the flow line, runs through the market. When price closes far enough away from that line, measured in multiples of the instrument's own volatility, the market has displaced enough to call it "
https://www.tradingview.com/script/YGcI7ZnC/,Equal Bodies M-hoch-3,YGcI7ZnC,PUB;76c32219374b4663a2e7f2099dad7412,mauimitchell,indicator,1,1,18,0,0,2026-07-24T09:50:26+00:00,2,Equal Bodies M³ – Multi-Timeframe Indicator  Equal Bodies M³ is a multi-timeframe indicator designed to identify matching candle-body highs and lows across several timeframes.  An Equal Body High (EQBH) is detected when the upper edges of two candle bodies are at approximately the same price. An Equal Body Low (EQBL) is detected when the lower edges of two candle bodies are at approximately the same price.  Supported timeframes  Each timeframe can be enabled or disabled individually:  10 Minutes
https://www.tradingview.com/script/qyXkapNa-Time-Based-ORB/,Time Based ORB,qyXkapNa-Time-Based-ORB,PUB;10a1cdac18214ae9aafa6c50c3d1198e,klazalier,indicator,1,1,19,0,0,2026-07-24T18:28:53+00:00,2,"Time Based ORB — Multi-Anchor Opening Ranges with Session Context  WHAT IT DOES Plots up to three independent, time-anchored opening ranges (defaults: 7:30,  8:50, and 9:30 ET) as boxes with high/low/midpoint lines extended to 16:00 ET,  alongside a session-anchored VWAP and the prior day's key reference levels:  Midnight Open (MNO), Previous Day High (PDH), Previous Day Low (PDL), and  Previous Day Midpoint (PDMid).  WHY THESE COMPONENTS ARE COMBINED This is not a collection of unrelated tools "
https://www.tradingview.com/script/Tg6FTRUl-Lin-Reg-Chan-rc/,Lin Reg Chan_rc,Tg6FTRUl-Lin-Reg-Chan-rc,PUB;e8664504803a46ee81725d7c965c5fb1,Randall54,indicator,1,2,15,0,0,2026-07-24T16:40:31+00:00,2,"allows adjustments for line style, midline off/on & channel %width"
https://www.tradingview.com/script/e82ODJGm-EMA-8-21-EMA-200-Trend-and-Sideways-Filter/,EMA 8/21 + EMA 200 Trend and Sideways Filter,e82ODJGm-EMA-8-21-EMA-200-Trend-and-Sideways-Filter,PUB;22353ab10b4e41128a01c656f2bb997c,notyet1826,indicator,1,1,19,0,0,2026-07-24T10:52:47+00:00,2,"This Indicator is best paired with zones,ICT,SMC,Orderflow and such"
https://www.tradingview.com/script/ysAFGpRH-ALGOSMART-ASSIST-v2/,ALGOSMART ASSIST v2,ysAFGpRH-ALGOSMART-ASSIST-v2,PUB;5b97debdfe184d89ae0b3e1cc8595f6c,cryptosmart_org,indicator,1,1,869,0,4,2026-07-23T09:58:29+00:00,2,ALGOSMART TECHNICAL ASSIST - Advanced Smart Money & Market Structure Indicator  The ALGOSMART ASSIST indicator is an intelligent and highly advanced tool designed for analysts and traders who utilize Smart Money Concepts (SMC) and Price Action. This powerful script automates your chart analysis by identifying and drawing all vital market structures in real-time.  Key Features:  Market Structure Mapping: Automatically detects and plots Break of Structure (BOS) and Change of Character (CHoCH). You
https://www.tradingview.com/script/0aZip8MV-Advance-SMC-buy-and-sell-signals/,Advance SMC buy and sell signals ,0aZip8MV-Advance-SMC-buy-and-sell-signals,PUB;f12c51934d8b4a40a3e38dd6075b013e,sajjadfxx,indicator,1,1,97,0,0,2026-07-23T15:46:24+00:00,2,Advance SMC buy and sell signals  here is the best indicator for buying and selling you can get it free just support me on telegram username sajjadfxxx or discord username sajjadfxx.  thanks for support me  
https://www.tradingview.com/script/ujwMOhzt-A-Setup-Confirmation/,A+ Setup Confirmation,ujwMOhzt-A-Setup-Confirmation,PUB;54570d8fdba743edb209b7c62efcad83,cameronfortson12,indicator,1,1,15,0,0,2026-07-24T13:53:43+00:00,2,"just a test on vwap higher timeframe confirmation , backtest first"
https://www.tradingview.com/script/PQ9Xj1kR-Structure-Sniper/,Structure Sniper,PQ9Xj1kR-Structure-Sniper,PUB;cc8bc2cbec5b4cbd8092b410e282d37d,KironKavanagh,indicator,1,1,14,0,0,2026-07-24T15:45:43+00:00,2,"1. What it is  Structure Sniper is an overlay indicator that answers one question: is price at a location worth trading, and is momentum agreeing with it right now?  It merges four analytical layers that traders normally run as separate indicators:  Market structure (Break of Structure / Change of Character) Order blocks (institutional supply/demand zones) Fair value gaps (price imbalances) A momentum confluence engine that internally re-implements the logic of SMI Pro X (SMI + Squeeze) and Conf"
https://www.tradingview.com/script/RNwgIE3b-Trend-Architecture-Ultimate-Futures-Dashboard/,Trend Architecture Ultimate Futures Dashboard,RNwgIE3b-Trend-Architecture-Ultimate-Futures-Dashboard,PUB;886d0fde2a324d92bb268f21397c53dd,Roclav622,indicator,1,1,13,0,0,2026-07-24T20:20:00+00:00,2,"The Trend Architecture Ultimate Futures Dashboard is designed to eliminate noise and uncover high-probability institutional trend setups. This script overlays your chart with critical moving average layers while providing a real-time market matrix table in the corner of your screen.Key Features:Dynamic Moving Average Ribbon: Plots the 9 EMA (Yellow) for ultra-short momentum, 20 EMA (Blue) for standard entries, 50 EMA (Orange) for medium structural support/resistance, and the 200 SMA (Purple) for"
https://www.tradingview.com/script/P9gehQU6-Trend-Direction-Zone/,Trend Direction Zone ,P9gehQU6-Trend-Direction-Zone,PUB;136db3f8601542e696a2eb1c2605a851,MarketStructureLab,indicator,1,1,112,0,0,2026-07-23T13:02:09+00:00,2,"  Trend Direction Zone is a compact trend-state indicator designed to answer one practical question: Which market direction is currently confirmed by both price position and the movement of the trend line? The indicator combines a lag-reduced trend line, an adaptive ATR-based zone, and filtered direction-change markers. These are not separate indicators simply placed on the same chart. All components work together as one unified model for detecting and maintaining the current market direction: 🔹"
https://www.tradingview.com/script/DxyCtMgp-GCM-Fibonacci-Engine-for-Elliott-Waves/,GCM Fibonacci Engine for Elliott Waves,DxyCtMgp-GCM-Fibonacci-Engine-for-Elliott-Waves,PUB;0a5bcfb34a424c79b5fa58079628b826,uniGram,indicator,1,1,17,0,0,2026-07-25T02:56:36+00:00,2,"Description:     Title: GCM Fibonacci Engine for Elliott Waves (GCM FEEW)    “Algorithmic Precision Meets Dynamic Market Structure.” -uniGram    Overview  The GCM Fibonacci Engine for Elliott Waves (FEEW) is a proprietary, institutional-grade technical suite engineered to decode complex market geometries in real-time. Built under the Global Chart Metrics (GCM) standard, this script eliminates the subjectivity of traditional Elliott Wave counting. By fusing strict structural rule validation with "
https://www.tradingview.com/script/zoY9DmsF-Reversion-Guard-RSI-Bollinger-Band-Customizable/,Reversion Guard | RSI + Bollinger Band [Customizable],zoY9DmsF-Reversion-Guard-RSI-Bollinger-Band-Customizable,PUB;79b46579e8fe4aab8f6e21764dbff765,blitz_locked,strategy,1,1,13,0,0,2026-07-24T21:26:51+00:00,2,"What This Strategy Does  This strategy looks for mean-reversion setups by requiring two independent signals to agree: price must be stretched beyond a Bollinger Band, and RSI must confirm oversold/overbought momentum at the same time. Using both together filters out the common false signal where price touches a band during a strong trend but RSI shows no real exhaustion: a scenario where band-only or RSI-only entries tend to get caught offside.  This is built as a transparent, fully configurable"
https://www.tradingview.com/script/izLfvnsd/,MAEM - Structure Suite,izLfvnsd,PUB;1cda5dac506a439487e39d01e941ccb5,MAEmisary,indicator,1,1,12,0,0,2026-07-24T18:47:47+00:00,2,"MAEM - Structure Suite combina en un solo indicador tres capas de estructura de mercado que normalmente se usan por separado.  1) Kill Zones (sesiones Asia / Londres / Nueva York): marca automáticamente el rango de alta/baja de cada sesión como una caja, con extensión configurable tras el cierre y etiquetas H/L. Las cajas antiguas se descartan automáticamente para no saturar el gráfico.  2) Smart Money Concepts (BOS / CHoCH / Order Blocks / Fair Value Gaps): detecta swings de estructura y marca "
https://www.tradingview.com/script/bEugQBWc-Institutional-Demand-Supply/,Institutional Demand Supply,bEugQBWc-Institutional-Demand-Supply,PUB;64fe9b26d7fe4b948243719633c738c2,GoyalKapil354,indicator,1,1,16,0,0,2026-07-24T13:25:30+00:00,2,**Balanced Demand & Supply Indicator**  This indicator identifies potential demand and supply areas directly on the price chart using a combination of:  * Confirmed swing highs and lows * RSI momentum conditions * Rejection wick strength * Relative volume expansion * ATR-based price displacement  A green **D @ price dd-mm** label marks a potential demand point.  A red **S @ price dd-mm** label marks a potential supply point.  The script is designed to be selective without becoming overly strict.
https://www.tradingview.com/script/6yvOCldh/,PDH,6yvOCldh,PUB;0f53beb7666045489b4962857d7fb4ab,ce2bxx,indicator,1,1,19,0,0,2026-07-24T04:38:32+00:00,2,重要な価格帯がわかるインジケーター
https://www.tradingview.com/script/Y9heRKiJ-IFVG-DETECTOR-V1/,IFVG DETECTOR V1,Y9heRKiJ-IFVG-DETECTOR-V1,PUB;d7a21def13a347f8b2e694a566a337f9,Dxdcrypto,indicator,1,1,17,0,0,2026-07-24T11:50:01+00:00,2,"Description: Introducing IFVG Detector V1, an advanced automated indicator designed to spot Inversion Fair Value Gap (IFVG) setups seamlessly on your charts.  As seen on the NASDAQ 100 E-mini Futures (NQ1!) 15-minute chart, this tool helps traders identify high-probability reversal and continuation zones with built-in risk management metrics.  Key Features & Settings: Dynamic Bias Detection: Automatically tracks market direction (Bearish/Bullish).  Optimized Risk-to-Reward: Configured for a 3R t"
https://www.tradingview.com/script/wymw1LHW-Auto-Support-Resistance-Levels-v6/,Auto Support & Resistance Levels v6,wymw1LHW-Auto-Support-Resistance-Levels-v6,PUB;6ff98135c23b43b2b6bcf5768ee86524,Gringa507,indicator,1,1,10,0,0,2026-07-24T18:00:20+00:00,2,"Basically looking for my own levels for intraday trading and levels for potential options targets, but is just a general plotting script. NFA for learning purposes only 1. Higher Timeframes (Daily, 4-Hour, 1-Hour) — Most Reliable Best For: Swing trading, position trading, and identifying major market structure.  Why: High-timeframe pivots represent significant institutional buying/selling zones. These support and resistance levels are respected far more often and produce stronger price reactions"
https://www.tradingview.com/script/SWBoCiBF-Candle-Effective-POC/,Candle Effective POC,SWBoCiBF-Candle-Effective-POC,PUB;681a3ddf9b8645998765a33f30b6582d,arsensench,indicator,1,1,15,0,0,2026-07-24T17:32:22+00:00,3,"Short version (one-liner):  Breaks each candle into lower-timeframe sub-bars and marks the price level where the most volume traded — a per-candle Point of Control, color-coded by direction and volume strength.  Full version:  Candle POC  Every chart candle is split into lower-timeframe sub-bars (default 1 min). The script finds the single sub-bar that traded the most volume and draws a horizontal band at its midpoint price — an approximation of that candle's Point of Control, i.e. where the bus"
https://www.tradingview.com/script/YlP36Tth-Systematic-Deviation-Harvester/,Systematic Deviation Harvester,YlP36Tth-Systematic-Deviation-Harvester,PUB;c516c1f373f946939a3f9c93b8950b7b,Capitalist_Zach,strategy,1,2,8,0,0,2026-07-24T18:58:22+00:00,3,"The Systematic Deviation Harvester is a structural asset accumulation engine designed to exploit extreme peak-to-trough price dislocations. Instead of relying on mathematical oscillators or moving averages, this strategy isolates pure structural alpha by measuring real-time percentage contractions from a rolling annual high-water mark.  Operating strictly on a daily resolution, the system treats deep market corrections as mathematical discounts, mechanically scaling into assets during cascading "
https://www.tradingview.com/script/25s1nvu8-Initial-Balance-IB-Lab/,Initial Balance [IB Lab.],25s1nvu8-Initial-Balance-IB-Lab,PUB;7c4df1d16cf44c9a8adc061cd63b50d6,ib-lab,indicator,1,1,11,0,0,2026-07-24T15:55:42+00:00,3,"Initial Balance   draws the Initial Balance of the New York and London sessions together with a signed retracement and extension scale, using consistent, fixed definitions for both sessions.   WHAT IT DRAWS   Initial Balance (IB) is the first hour of a session. New York: 09:30-10:30 America/New_York, session until 16:00. London: 08:00-09:00 Europe/London, session until 08:30 New York time. Both sessions can be shown at once, each with its own color.  For every day the script shows:  •  Developin"
https://www.tradingview.com/script/wVvJzxJa-ICT-MulitTimeFrame-FVG-Tracker-Retest-Liquidity-Levels/,ICT MulitTimeFrame FVG Tracker Retest  Liquidity Levels,wVvJzxJa-ICT-MulitTimeFrame-FVG-Tracker-Retest-Liquidity-Levels,PUB;3dd1ab2a914446bca9a1d16b3095d468,Bernard_Main,indicator,1,3,10,0,0,2026-07-24T10:41:22+00:00,3,"OVERVIEW  This indicator provides a structured multi-timeframe view of Fair Value Gaps, wick-based retracements, liquidity levels, and market sessions.  It is designed for traders who identify Fair Value Gaps on a higher timeframe while executing or monitoring price action on a lower timeframe. For example, a 15-minute FVG can be displayed and tracked directly on a 5-minute or 1-minute chart.  CORE FEATURES  Multi-Timeframe Fair Value Gaps  Select the source timeframe used to detect Fair Value G"
https://www.tradingview.com/script/LxOV1wDv-15-Min-Opening-Range-Projections/,15-Min Opening Range Projections,LxOV1wDv-15-Min-Opening-Range-Projections,PUB;a6a5d334a51b4eae84c8114a1f8dd78f,vishwakrishna416,indicator,1,1,8,0,0,2026-07-24T10:01:42+00:00,3,Here is a quick-reference user guide summarizing how to use and interpret the **15-Min Opening Range Projections** indicator.  ### 🎯 Overview  This indicator is designed for day traders who use Opening Range Breakout (ORB) strategies. It automatically identifies the price range established during the first 15 minutes of the trading day and calculates mathematical breakout and breakdown targets based on that range's volatility.  ### ⚙️ How It Works  1. **Timeframe Requirement:** You **must** appl
https://www.tradingview.com/script/gleSO1wU-MCX-Supertrend-10-2-Heikin-Ashi-3H-Indicator-w-alerts/,"MCX - Supertrend (10,2) + Heikin Ashi 3H - Indicator w/ alerts",gleSO1wU-MCX-Supertrend-10-2-Heikin-Ashi-3H-Indicator-w-alerts,PUB;0280ed1e7caa4d1d842ee0eac63a847c,kansalanurag,indicator,1,1,12,0,0,2026-07-24T12:25:12+00:00,3,"  Strategy :    Heiken Ashi candles, 3hr timeframe, Supertrend(10,2), flat position sizing (no pyramiding). Long entry when HA Close > HA Supertrend and HA Close > prev HA High; long exit when HA Close < prev HA Low. Mirror rules for shorts.     Chart Settings :    For use on MCX Silver or Gold charts as it is backtested only on those instruments.   Timeframe should be 3H  Only Heikin Ashi candles  Supertrend setting should be 10,2     Indicator Settings :    Supertrend - Up Trend plot = Supertr"
https://www.tradingview.com/script/CcI4iQNA-trendX-AI-EQH-EQL-Support-Resistance-Channels-PRO/,trendX-AI EQH/EQL & Support Resistance Channels PRO+,CcI4iQNA-trendX-AI-EQH-EQL-Support-Resistance-Channels-PRO,PUB;13c98d90b8544ff8950c746d2c220632,TentacleDayAI_Lab,indicator,1,1,12,0,0,2026-07-24T09:55:36+00:00,3,"# Support Resistance Channels PRO+ — TradingView publication description  > ### ⚠ READ FIRST — LICENSING > > This script carries the header **""© LonesomeTheBlue""** and **""Mozilla Public License 2.0""**. > > MPL 2.0 is a **file-level copyleft licence**. Any file containing MPL-covered code must remain > under MPL 2.0, and its source must stay available. This means: > > - **This script must be published OPEN-SOURCE**, not protected and not invite-only. > - The MPL header and the original author's c"
https://www.tradingview.com/script/Z8wro8cs-ORB-Opening-Range-I-EonMetrics/,ORB  Opening Range I EonMetrics ,Z8wro8cs-ORB-Opening-Range-I-EonMetrics,PUB;5e53ba31471f4452841e3b519b8a8418,EonMetrics,indicator,1,1,9,0,0,2026-07-24T10:28:12+00:00,3,"ORB - Opening Range  ORB marks the opening range — the high and low of the first minutes of a session — and tracks what price does with it for the rest of the day: breakouts by closing price, failed breakouts that snap back inside, and extension levels projected from the range height. The last few days stay on the chart so you can judge at a glance how your instrument actually behaves around its open.    🔶 HOW IT WORKS   From the session open (New York 09:30 by default) the script records the hi"
https://www.tradingview.com/script/4xchFsUo-GEX-Levels/,GEX Levels,4xchFsUo-GEX-Levels,PUB;dd944c99879c48e487e770a5b2130d4d,jdhahajaa,indicator,1,2,11,0,0,2026-07-24T03:51:15+00:00,3,"Input GEX levels in this format: Call Resistance, 30000, Put Support, 28000, HVL, 29270, 1D Min, 28732.22, 1D Max, 29597.78, Call Resistance 0DTE, 28575, Put Support 0DTE, 28500, HVL 0DTE, 29100, Gamma Wall 0DTE, 28575, GEX 1, 28800, GEX 2, 28900, GEX 3, 29000, GEX 4, 29250, GEX 5, 29500, GEX 6, 28700, GEX 7, 28300, GEX 8, 28600, GEX 9, 28400, GEX 10, 29750"
https://www.tradingview.com/script/FgFXPZIp-Smart-Renko-Engine/,Smart Renko Engine,FgFXPZIp-Smart-Renko-Engine,PUB;e828a681b7b54f27b06971b21071caa7,sampat_patil270975,indicator,1,1,10,0,0,2026-07-24T16:34:19+00:00,3,"# Smart Renko Engine  Smart Renko Engine is designed for traders who like the clarity of Renko charts but don't want to leave their regular candlestick charts behind. Instead of switching your chart type, this indicator builds a Renko-style trend line directly on top of any standard chart, allowing you to keep your candles, volume, drawing tools, and other indicators exactly as they are.  The goal is simple: reduce market noise, make trends easier to follow, and provide additional context with m"
https://www.tradingview.com/script/hMzHjFEo/, ATK/DEF High Low & MA Engine,hMzHjFEo,PUB;2f8cfeab1f4e415382e98fd6e289456f,ATTDEFS,indicator,1,1,10,0,0,2026-07-24T13:53:47+00:00,3,"ATK/DEF High Low & MA Engine is a market structure analysis framework designed to evalu histor high and low price behavior together with moving average structure, momentum conditio, and volume environment.  Unlike traditional high and low markers that only display previous turning points, this indicator focuses on analyzing the quality and context of price extr by combining swing point identification with broade market conditions.  The purpose of this engine is to provide a structured view of ho"
https://www.tradingview.com/script/OLXh5gWO-200-EMA-Buffer-Zones-by-ThinkTankLLC/,200 EMA + Buffer Zones by ThinkTankLLC,OLXh5gWO-200-EMA-Buffer-Zones-by-ThinkTankLLC,PUB;2a41ef5876a145c581c5e6e6056f241c,daryltroy,indicator,1,1,15,0,0,2026-07-24T05:24:35+00:00,3,200ema with a 5-7% buffer zone so price will still alert you if price trades within that 5-7% buffer zone near the 200ema.
https://www.tradingview.com/script/WziGtZpn-Daily-ATR-Percentage-Reached-Enhanced/,Daily ATR Percentage Reached - Enhanced ,WziGtZpn-Daily-ATR-Percentage-Reached-Enhanced,PUB;a490d3beb6fa4cfaa6f27686b5550c8c,gogaz,indicator,1,1,6,0,0,2026-07-24T08:58:33+00:00,3,"  📊 Daily ATR Percentage Reached - Enhanced Indicator Trading Tool for Volatility Analysis   . 📌 Overview What is the Daily ATR Percentage Reached Indicator? A comprehensive volatility analysis tool that measures how much of the daily Average True Range (ATR) has been fulfilled by the current day's price movement.  Core Concept ""Know exactly where price stands within today's expected volatility range""  The Problem It Solves ❌ Trading without context of daily volatility  ❌ Missing breakout/breakd"
https://www.tradingview.com/script/iOd2A4mw/,Trend structure system moving average resonance edition,iOd2A4mw,PUB;7e284845ac0747f89852d4850dddf146,qwqkqcwdgy,indicator,1,1,11,0,0,2026-07-25T04:35:17+00:00,3,均线标记高低点
https://www.tradingview.com/script/zBrLzkMW-3-10-Raschke/,3/10 (Raschke),zBrLzkMW-3-10-Raschke,PUB;58d93c714dc14c3ab6e02ae1065c3dcd,JoeRodTrades,indicator,1,1,7,0,0,2026-07-24T17:39:33+00:00,3,"This is an all in one LBR 3/10  Linda's divergence based on her rules shows up with a red line and a triangle. Linda's 2 min tick divergence (works mainly on the ES). She says she will take this trade with her eyes closed when this happens. I have found it to be most succesful in the mornings Linda's ante shows up with a purple or blue dot. This is still in the works, I do not recommend using. New Momentum thrust highlighted by the black line on the fast moving (blue line). This is set to 40 bar"
https://www.tradingview.com/script/gypi3ZS0-candle-colors-counter/,Candle Colors Counter,gypi3ZS0-candle-colors-counter,PUB;2d97656b51244462b0fe9e76047a30b0,TradePro1000,indicator,1,1,10,0,0,2026-07-24T13:59:46+00:00,3,"**Candle Dominance Counter**  This indicator measures candle color dominance over a user-defined number of recent candles. It is designed as a statistical decision-support tool rather than a trading signal generator.  ### Features  * Counts **bullish (white)**, **bearish (black)**, and **neutral** candles. * Includes the **current candle** in the calculation. * The lookback period is fully adjustable. * Displays the results in a clean on-chart table. * Highlights which side currently has candle "
https://www.tradingview.com/script/LuSnUrEy-Crypto-Futures-COT-Cohort-Positioning/,Crypto Futures COT -- Cohort Positioning,LuSnUrEy-Crypto-Futures-COT-Cohort-Positioning,PUB;c0f529248af246f1bef01feb8038889c,IvanLabrie,indicator,1,1,6,0,0,2026-07-24T20:43:32+00:00,3,"The Commitment of Traders report is a staple for futures traders on everything from gold to crude oil, but for some reason the crypto side is oddly hard to find. The mainstream screeners still leave CME Bitcoin and Ether off their COT and futures pages, so if you want to see who is actually positioned in the regulated futures, you are mostly out of luck. I wanted it on my own chart, so I built it.  It splits the CME crypto open interest into the three CFTC cohorts and plots each one: - Commercia"
https://www.tradingview.com/script/pu0L4Fr3-10AM-10PM-Open-Levels/,10AM & 10PM Open Levels,pu0L4Fr3-10AM-10PM-Open-Levels,PUB;e9e93fc372d4480cbd96cc677a779dc2,zacktward94,indicator,1,1,7,0,0,2026-07-24T18:41:12+00:00,3,draws 10 AM and 10 PM open price on chart this acts like a magnet for price once price retest this line. It usually pushes off with some force. This works very well with Powells strategy that is on TikTok.
https://www.tradingview.com/script/H8rX1rDQ-Ultimate-Risk-Manager-Position-Sizing-and-Trade-Levels/,Ultimate Risk Manager - Position Sizing  and Trade Levels,H8rX1rDQ-Ultimate-Risk-Manager-Position-Sizing-and-Trade-Levels,PUB;f94c2ab0aebc48319359294f80b87f1a,BullTradingAM,indicator,1,1,45,0,0,2026-07-23T16:37:34+00:00,3,"Ultimate Risk Manager is a pre-trade risk planner built around one idea: sizing and stop placement should be decided before the trade, from the market's own volatility, on any instrument you trade. It aims to be the last position-sizing tool you need to install — one engine for FX (both 5-decimal and JPY 3-decimal pairs), crypto, stocks, metals, index CFDs and futures.  It does not generate buy or sell signals and it does not predict anything. You bring the analysis; it draws the map and does th"
https://www.tradingview.com/script/VgV2BDrs-ConfluX/,ConfluX,VgV2BDrs-ConfluX,PUB;f45ce2dc5c4f4d9abed08cfaed36ac0c,KironKavanagh,indicator,1,1,24,0,0,2026-07-23T22:22:52+00:00,3,"A multi-factor directional bias indicator that reads five independent market forces and points to a single, honest answer: where is the tape actually pointing right now?  Overview  Most traders stare at four or five indicators, argue with themselves, and take the trade anyway. ConfluX does the arguing for you. It reads trend, momentum, structure, volatility, and flow on the timeframe you're watching and one higher timeframe, aggregates them into a single directional score, and shows you when the"
https://www.tradingview.com/script/9cP77u1x-EMA-BB-Pullback-Strategy-Long-Short/,EMA + BB Pullback Strategy (Long & Short),9cP77u1x-EMA-BB-Pullback-Strategy-Long-Short,PUB;c4a6a27cc59f4cd5b987ace355dfd049,ShashankV24,strategy,1,1,6,0,0,2026-07-24T14:48:14+00:00,3,"Title: Trend-Aligned Bollinger Pullback Strategy    Description:  This is a comprehensive, fully customizable trend-pullback strategy built in Pine Script v6.0. It is designed to capture mean-reversion opportunities within an established trend. Instead of trading breakouts, this strategy waits for momentum to establish itself, and then targets temporary price extremes (pullbacks) to secure optimal entries.  It combines the momentum-tracking power of Dual EMAs with the volatility bands of Bolling"
https://www.tradingview.com/script/tgoZ4np0-BB-Squeeze-Breakout/,BB Squeeze Breakout ,tgoZ4np0-BB-Squeeze-Breakout,PUB;fb9737609681478fb4140d8565a141a2,mnmabroukw36ix,indicator,1,1,6,0,0,2026-07-24T12:21:13+00:00,3,"# BB Squeeze Breakout Indicator 📊🔥  This indicator looks for Bollinger Band squeeze breakouts using a 21 SMA and the width of the bands. It shows when the market is tight, classifies setups as strong or weak based on the squeeze size, and then gives a buy or sell signal only when price breaks out and confirms the move. It is made to help you spot cleaner breakout trades in a simple visual way. 🚀  How to read it 👇  * Green histogram = tight squeeze 🟢 * Blue histogram = medium squeeze 🔵 * Red hist"
https://www.tradingview.com/script/sCycFIjw-EMA-Slope-of-Range-X-Days-Y-EMA/,"EMA Slope % of Range (X Days, Y EMA)",sCycFIjw-EMA-Slope-of-Range-X-Days-Y-EMA,PUB;b3a30cc98aa9497cb00661a39c2ab7be,kindPaella44850,indicator,1,1,5,0,0,2026-07-25T01:25:31+00:00,3,This indicator provides the slope of a EMA of a given Period (Y) as a % of the slope range over the look back period provided (X)
https://www.tradingview.com/script/pvYf1PU2-Cumulative-Volume-Delta-with-ATR-based-Colors/,Cumulative Volume Delta with ATR-based Colors,pvYf1PU2-Cumulative-Volume-Delta-with-ATR-based-Colors,PUB;a227799cbcde4b8082bb06d2b17e1cd5,bootsauce,indicator,1,1,7,0,0,2026-07-24T14:24:41+00:00,3,"Cumulative Volume Delta, 1sec volume source, brightness threshold based on ATR. EMA on CVD"
https://www.tradingview.com/script/kSP8O82w-XRS-Volume-Profile-Value-Area-Re-entry-Alerts/,XRS Volume Profile + Value Area Re-entry Alerts,kSP8O82w-XRS-Volume-Profile-Value-Area-Re-entry-Alerts,PUB;121060f9ea6348dbb9de0b8a6f6dc42c,xrstrading,indicator,1,1,6,0,0,2026-07-25T03:14:17+00:00,4,"XRS Volume Profile Engine  provides dynamic intraday volume profile analysis designed specifically for high-volatility futures contracts (e.g., NQ, MNQ, ES, MES) as well as equities and crypto.   Built with 1-minute intrabar precision, this engine calculates Value Area High (VAH), Value Area Low (VAL), and Point of Control (POC) dynamically while eliminating drawing limit truncations across wide price ranges.    KEY FEATURES       1. Dynamic Box Limit Auto-Scaler (High-Range Symbol Guard):     S"
https://www.tradingview.com/script/NSc0ipWi-Rumers-Magic-Lines/,Rumers Magic Lines,NSc0ipWi-Rumers-Magic-Lines,PUB;a59d42176aa443b39f9cbc48e8c4e2bb,dreherz1988,indicator,1,1,10,0,0,2026-07-25T02:53:39+00:00,4,Creates previous day range high/low. Nearest Swing High/low.
https://www.tradingview.com/script/U5ExEqQp-HTF-EMA-Dual-ST/,HTF EMA + Dual ST,U5ExEqQp-HTF-EMA-Dual-ST,PUB;acbd134b9fb343ee8368ebdb49ea17a6,itsjustAL,indicator,1,1,5,0,0,2026-07-24T21:03:44+00:00,4,"HTF EMA + Dual Supertrend  HTF EMA (1H/4H/D, adjustable length) defines the regime — above = longs only, below = shorts only. Two customizable Supertrends handle the rest.  ENTRY (2 triggers): 1. Entry ST flips in regime direction while price is on the correct side of the EMA 2. Entry ST is already in regime direction + price crosses above/below the EMA — catches trends that started before the EMA confirmed  EXIT (Exit ST only): - Price touches the Exit ST line (or candle close, selectable) - Ex"
https://www.tradingview.com/script/fHJR3kD8/,EMA 377 MULTI-MTF,fHJR3kD8,PUB;7e62c8931a7d46daa3d0bccbdac6434d,gunebak4n,indicator,1,1,5,0,0,2026-07-24T12:02:51+00:00,4,"🚀 EMA 377 MULTI-MTF  The **EMA 377 MULTI-MTF**, engineered by **gunebak4n**, is an institutional-grade multi-timeframe dynamic volatility and golden-ratio expansion channel framework. It is specifically designed to visually map high-conviction macro support/resistance zones, isolate extreme price deviations, and track multi-timeframe structural trends without causing chart clutter or lag.  E377-FC operates on the foundational principle that dynamic market trends resolve around high-period mathem"
https://www.tradingview.com/script/gKpA7UsJ/,Rebound V-Board,gKpA7UsJ,PUB;ad7ace4427864748a33d98f7c061c3b6,ikepen,indicator,1,1,6,0,0,2026-07-24T20:34:46+00:00,4,"Rebound V-Board  Multi-timeframe V-Ladder step scoreboard. It runs both Rebound V-Fib engines - RT (long / V-bottom rebound) and Closer (short / inverted-V breakdown) - with support/resistance detection on five timeframes at once and shows how far each timeframe's V-Ladder has progressed, as an on-chart emoji table and as sortable Screener columns. Early steps suggest continuation; late steps warn of the reversal.  Steps are the V-Ladder key levels of the family: hit / 1st / 2nd / 3rd / run on t"
https://www.tradingview.com/script/RhGTAWnb-Opening-Range-Key-Levels-AFD/,Opening Range & Key Levels [AFD],RhGTAWnb-Opening-Range-Key-Levels-AFD,PUB;63fb2e2d81f3442289228cfa5d27a93e,AuctionFoundry,indicator,1,1,5,0,0,2026-07-25T04:10:16+00:00,4,"Opening Range & Key Levels is an open-source Pine Script version 6 indicator for studying how price behaves around configurable opening ranges and reference levels. It tracks up to five opening-range windows, optional key levels, optional volume-weighted average price (VWAP) and volume-weighted moving average (VWMA) context, and an optional dashboard.  The script is descriptive. It reports confirmed break/retest events and state changes; it does not provide trade instructions, performance claims"
https://www.tradingview.com/script/RaXNeanu-Previous-Day-Levels-Stats-High-and-Low-Wicks-Gaps/,"Previous Day Levels & Stats - High and Low, Wicks, Gaps",RaXNeanu-Previous-Day-Levels-Stats-High-and-Low-Wicks-Gaps,PUB;5fb71d24d2c74c2fbc8bdde287086b25,MarketSlice,indicator,1,1,11,0,0,2026-07-24T02:03:14+00:00,4,"👀OVERVIEW Previous Day Levels & Stats (PDH/PDL) draws yesterday's open, high, low and close on today's chart and pairs them with a statistics table showing how this symbol has historically behaved at those levels and split both by whether yesterday closed red or green, and by where today opened.  Most previous-day indicators tell you where yesterday's high and low sit. This one also tells you what price has historically done at those levels including:  ⚪ How often the previous day level broke ⚪ "
https://www.tradingview.com/script/y2eyl03S-Fib-Zone-Lines/,Fib Zone Lines,y2eyl03S-Fib-Zone-Lines,PUB;b5232de23a3147268e8b7b40a584c35b,Midniteblade,indicator,1,1,5,0,0,2026-07-25T04:19:55+00:00,4,"If you use the Fib Retracement tool to set up levels then this indicator will help. Once you set up your Fib, just write the coordinates on the Fib indicator and it will create zones on top of the current Fib. You can adjust the width of the zones, color, and length. You can also click on ""Keep Old"" to add new zones with a new Fib. I tend to Fib from 6pm yesterday to Midnite and use those levels for the current day. I was taught by SlapStar and those levels are golden!"
https://www.tradingview.com/script/FHmMKFXZ-SMC-NotYet/,SMC-NotYet,FHmMKFXZ-SMC-NotYet,PUB;3ece43c843664de38efdf20b1b2b5c74,notyet1826,indicator,1,1,5,0,0,2026-07-25T08:18:47+00:00,4,"This is an Smc Indicator that invovles Fvg,Ifvg,Bull and Bear OrderBlock,Breaker Block,Choch,Bos,Buy and Sell Zones,Trend Display Dashboard.This Indicator is still In testing so do not use it as final confirmation for entries.If There is something missing or a problem with the indicator please leave a comments describing the issue"
https://www.tradingview.com/script/ekHtfUkH-Trend-Architecture-Locked-MTF-Dashboard/,Trend Architecture Locked MTF Dashboard,ekHtfUkH-Trend-Architecture-Locked-MTF-Dashboard,PUB;fe411fba626c4dc9ac4d2b643acec8b0,Roclav622,indicator,1,1,4,0,0,2026-07-24T20:19:03+00:00,4,"A standalone Multi-Timeframe (MTF) dashboard widget that locks onto higher-timeframe institutional trends, allowing you to view macro data flawlessly while day trading on fast lower-timeframe execution charts."
https://www.tradingview.com/script/RZh5PrlQ-MMF-Flow-Regime-Classifier/,MMF Flow Regime Classifier,RZh5PrlQ-MMF-Flow-Regime-Classifier,PUB;7164de6912574e2a8377befc6c97d94b,blastoplast,indicator,1,1,20,0,0,2026-07-23T22:45:06+00:00,4,"# MMF Flow Regime Classifier  **Part of the Financial Conditions Index suite** (alongside Real Yields Monitor, Macro Risk Regime, and Financial Conditions Index).  ## Overview  Money market fund assets are one of the cleanest reads on where cash sits in the risk cycle — but raw MMF levels are a poor timing signal on their own. Assets grind structurally higher with nominal GDP and rates, so a rising balance doesn't necessarily mean flight to safety, and a *falling* rate of growth doesn't necessar"
https://www.tradingview.com/script/7f9jHZPf-Average-Price-Sideways-Detector-Gap-Neutral/,Average Price Sideways Detector - Gap Neutral,7f9jHZPf-Average-Price-Sideways-Detector-Gap-Neutral,PUB;9b6476ed455c430eaf5eed0936d81da0,firozstar,indicator,1,1,10,0,0,2026-07-24T03:52:08+00:00,4,"## Average Price Sideways Detector – Gap Neutral  The **Average Price Sideways Detector (APSD)** is designed to identify bullish, bearish, and sideways market conditions by analyzing the behavior of the average price derived from each candle's **High, Low, and Close (HLC3)**.  Unlike conventional trend indicators, APSD focuses on **average-price direction, price compression, and persistence** to identify periods where the market is genuinely moving sideways.  ### How It Works  For every candle, "
https://www.tradingview.com/script/Y1jcGEK2-VWAP-Bands/,VWAP Bands,Y1jcGEK2-VWAP-Bands,PUB;5e1cf6ba355a4af89590a739f6ebc1ca,Fahrenheit_,indicator,1,1,5,0,0,2026-07-24T08:21:59+00:00,4," VWAP Bands (CC VWAP)  # Overview  The **VVWAP Bands** is an advanced, all-in-one Volume Weighted Average Price (VWAP) indicator designed for day traders and swing traders. It goes beyond the standard VWAP by incorporating customizable standard deviation bands, flexible session anchoring, and a built-in real-time status table to help you gauge market extremes and mean-reversion opportunities at a glance.  Whether you are trading equities during Regular Trading Hours (RTH) or tracking weekly cryp"
https://www.tradingview.com/script/srZnoN9T-Weis-Wave-Renko-Effort-vs-Result/,Weis Wave Renko - Effort vs Result,srZnoN9T-Weis-Wave-Renko-Effort-vs-Result,PUB;c1b1fbb0123d4722ac3525ed40f374c6,paulgill28,indicator,1,1,30,0,0,2026-07-23T17:53:31+00:00,4,"ABOUT THIS SCRIPT   Weis Wave Renko – Effort vs Result indicator  combines Renko price structure with Weis Wave volume analysis to help assess the relationship between market effort and price result.  This script is a fork and substantial extension of the original “Weis Wave Volume” script published by  modhelius . Full credit is given to modhelius for the original Weis Wave calculation, Renko assignment methodology and histogram on which this version is based.   PURPOSE  The script was develope"
https://www.tradingview.com/script/Vrrujyso-Delta-Volume-Profile-Order-Flow-Buy-Sell-Absorption-POC-LunqFX/,"Delta Volume Profile,Order Flow, Buy/Sell&Absorption POC LunqFX",Vrrujyso-Delta-Volume-Profile-Order-Flow-Buy-Sell-Absorption-POC-LunqFX,PUB;728b5faa510542b7ba25173e3cca7295,LunqFX,indicator,1,1,46,0,0,2026-07-23T13:53:39+00:00,4,"A normal volume profile shows you HOW MUCH volume traded at each price. Delta Volume Profile shows you WHO did it — buyers or sellers — at every price level. Each row of the profile is split into buying volume and selling volume, turning a plain histogram into a clean order-flow map that reveals where demand and supply were really built, and the one level where a large player was quietly absorbing the flow.  ❶ WHAT YOU SEE  ▸ THE DELTA PROFILE — a horizontal volume profile on the right of price,"
https://www.tradingview.com/script/rsLMlVIl-ADR-Average-Daily-Range-with-Low-Zone/,ADR% - Average Daily Range % with Low Zone,rsLMlVIl-ADR-Average-Daily-Range-with-Low-Zone,PUB;0b291e3b602c4395a27c55e8ee512963,evilball88,indicator,1,4,3,0,0,2026-07-24T20:58:04+00:00,4,Detects volatility compression by comparing the current ADR% with a dynamic lower-percentile floor. Highlights low-volatility regimes and marks entry into the compression zone.
https://www.tradingview.com/script/KBonL7Ea/,Opening Range Breakout,KBonL7Ea,PUB;b28bdb35f497415886b5ba6797f61998,DIVISION_ZERO,indicator,1,1,3,0,0,2026-07-24T23:19:42+00:00,4,"This indicator tracks the high and low of a configurable opening window (default: the first 15 minutes of the US cash session) and draws those levels for the rest of the trading day. How it works During the opening window, the running high and low are recorded. Once the window closes, both levels are drawn until the end of the day. The first confirmed close above the range high (or below the range low) is marked as a breakout — one signal per direction per day — and matching alert conditions are"
https://www.tradingview.com/script/Tn05Cftj-Asia-5M-ORB/,Asia 5M ORB,Tn05Cftj-Asia-5M-ORB,PUB;e10c79be6bf241cfa53c5b60f8ed6ae6,Dcreationz,indicator,1,1,3,0,0,2026-07-24T14:31:34+00:00,4,"Automatically charts the opening range of the first 5-minute candle of the Asia session.  Once the opening candle closes, the indicator marks its high and low with horizontal levels and price labels. The levels remain extended until the next Asia session begins, when they automatically reset and update."
https://www.tradingview.com/script/hUpqUdD1/,Dynamic Volume & Delta Profile [LTW] v1,hUpqUdD1,PUB;8d23ff8e5ce244c5a298e3dc990ee1e4,LoopTheWave,indicator,1,1,10,0,0,2026-07-23T19:32:52+00:00,4,"📊  Dynamic Volume & Delta Profile (Support/Resistance/Mitigation)     ■ OVERVIEW The Dynamic Volume & Delta Profile is an all-in-one technical indicator that integrates traditional Volume Profile with Order Flow Delta analysis, Smart Money Concepts (SMC) mitigation logic, and automated Support/Resistance (S/R) mapping.  Beyond displaying basic volume distribution, this script breaks down the balance between buying and selling pressure at specific price levels. It dynamically distinguishes betwee"
https://www.tradingview.com/script/Lna7avAr-VWAP-s-Key-lvls-ASFX-setups/,VWAP's + Key lvls - ASFX-setups,Lna7avAr-VWAP-s-Key-lvls-ASFX-setups,PUB;1fc10caea4194305a1f5e0a89a116482,Filipe_Fox,indicator,1,1,4,0,0,2026-07-24T13:47:17+00:00,4,Focus on Futures ES/NQ and DAX  Anchored VWAP NY VWAP Yesterday NY VWAP Overnight VWAP  For DAX London Open VWAP Yesterday Open VWAP  Open Range (first 15min after open) Set up ES/NQ open but can be set to London manually. 
https://www.tradingview.com/script/r13HxmcG-EMA-20-50-100-200/,EMA 20/50/100/200,r13HxmcG-EMA-20-50-100-200,PUB;c2786be05e2a40dbbb7d2b2ff97a798f,sedatonat,indicator,1,1,3,0,0,2026-07-24T13:38:13+00:00,4,"A clean EMA 20/50/100/200 overlay with carefully selected default settings for better chart readability. Default Configuration 🟢 EMA 20 – Green 🟡 EMA 50 – Yellow 🟠 EMA 100 – Orange 🔴 EMA 200 – Red Dashed lines Line width: 3 Designed to quickly identify trend direction, dynamic support/resistance, and key moving average crossovers without additional setup. Perfect for swing traders and long-term trend followers. "
https://www.tradingview.com/script/r3U4uD10-Sesh-Flow/,Sesh Flow,r3U4uD10-Sesh-Flow,PUB;0280a359e2ea42d0ac49f4c546c4edc6,elpic,indicator,1,2,4,0,0,2026-07-24T12:10:59+00:00,4,"SessionFlow (Sesh Flow)    Summary   Previous-session highs/lows, session boxes, and two kill zones per session (London, New York, Asian) in one shared, configurable timezone — the time-of-day context layer for ICT/SMC traders.   Description    SessionFlow  draws the  previous  trading session's high, low, and bounding box on your chart for three sessions — London, New York, and Asian — plus two toggleable  kill zones  per session (open and close). Everything operates in a single user-configurab"
https://www.tradingview.com/script/vUmanxTN-MACD-ProTrend-Multi-Confirmation-Strategy/,MACD ProTrend | Multi-Confirmation Strategy,vUmanxTN-MACD-ProTrend-Multi-Confirmation-Strategy,PUB;0caaae691d644dbd843d4aee98dd3bab,blitz_locked,strategy,1,1,14,0,0,2026-07-23T23:31:07+00:00,4,"A trend-following strategy that combines MACD momentum with multiple confirmation filters to identify high-probability long entries while managing risk through ATR-based position sizing and dynamic trailing stops.   Features      MACD bullish crossover entries above the zero line  Optional RSI, Volume, ADX, Higher Timeframe, and Market Regime filters  Volatility-adjusted position sizing using ATR  ATR trailing stop with momentum and trend-based exits  Configurable inputs for easy optimization an"
https://www.tradingview.com/script/9iTwlrA3/,Monday & Tuesday Candle Boxes + Daily Points,9iTwlrA3,PUB;792384ff085f45ffb56f3bd39931fada,omarogh,indicator,1,1,6,0,0,2026-07-25T07:08:38+00:00,4,## Monday & Tuesday Candle Boxes  مؤشر احترافي يحدد شموع يوم **الاثنين والثلاثاء** تلقائيًا على الرسم البياني، ويضع كل يوم داخل مربع مستقل بلون مختلف، مما يساعد على متابعة النطاق السعري لهذين اليومين وتحليل سلوك السعر حولهما.  ### المميزات:  🔹 تحديد شمعة يوم الاثنين داخل مربع مستقل.  🔸 تحديد شمعة يوم الثلاثاء داخل مربع مستقل بلون مختلف.  📊 تجميع نطاق السعر بين أعلى سعر (High) وأدنى سعر (Low) لشموع اليوم المحدد.  🎯 إضافة نقطة أعلى شمعة الاثنين والثلاثاء على الفريم اليومي لتمييزهما بصريًا.  ⏱️ يعم
https://www.tradingview.com/script/PRKappXo-SMC-Supply-Demand-Zones/,SMC Supply & Demand Zones,PRKappXo-SMC-Supply-Demand-Zones,PUB;d252e716e8334f2da31c19ed65c417a4,Michael_Fx_Trader,indicator,1,1,12,0,0,2026-07-25T05:05:40+00:00,5,"SMC SUPPLY AND DEMAND ZONES www.tradingview.com   OVERVIEW  A supply or demand zone is an area that price left in a hurry, leaving unfilled orders behind it. When price returns to that area, those resting orders can push it away again. Almost every charting tool can draw such zones. Very few can tell you whether a particular zone has ever actually worked.  SMC Supply and Demand Zones does both. It finds the zones from the displacement that formed them, draws each one as a band, and then keeps a "
https://www.tradingview.com/script/840F9LT3-PD-PW-Volume-Profile-Levels/,PD & PW Volume Profile Levels,840F9LT3-PD-PW-Volume-Profile-Levels,PUB;eaed37bc9b164bcba9dcc7f782864ddf,AdamElectron,indicator,1,1,3,0,0,2026-07-24T21:02:18+00:00,5,Previous Day VP Levels Previous Week VP Levels  - Made this using Claude AI
https://www.tradingview.com/script/pBEGoW2X-Market-Structure-50-Retracement/,Market Structure & 50% Retracement,pBEGoW2X-Market-Structure-50-Retracement,PUB;0957caefb5c542d6b342b064592ffc40,Gringa507,indicator,1,1,4,0,0,2026-07-24T17:40:59+00:00,5,his code detects Market Structure (Break of Structure / Trend Shifts) using pivot highs/lows and automatically plots the 50% Retracement (Equilibrium) level of the current swing range. I'm only looking for 50% of the total move since I cannot predict the entire move. NFA for learning purposes only .
https://www.tradingview.com/script/7Jhcn0ae-TraderGus-Key-Levels/,TraderGus Key Levels,7Jhcn0ae-TraderGus-Key-Levels,PUB;9735ea4c4f094784981643840c7956de,optionsniper8,indicator,1,2,9,0,0,2026-07-24T01:37:04+00:00,5,"TraderGus Key Levels draws every level an intraday momentum trader marks each morning — automatically, on any chart, with zero manual work.  What it draws:  🔹 PDH / PDL — prior day's regular-session high and low 🔹 PMH / PML — today's premarket high and low 🔹 PWH / PWL — prior week's regular-session high and low 🔹 ORB — opening range high and low (5, 10, 15, or 30 minutes — your choice)  All levels appear as clean horizontal rays with price-scale tags, color-coded per set. Add the indicator once "
https://www.tradingview.com/script/IQPJOQQT-EMA-Momentum-Cross-Engine/,EMA Momentum & Cross Engine,IQPJOQQT-EMA-Momentum-Cross-Engine,PUB;61d075a27f294654805d49014234cd1d,Luckyvicky134134,indicator,1,1,5,0,0,2026-07-25T02:15:18+00:00,5,"Indicator Summary: EMA Momentum & Cross Engine  This indicator is an advanced, fully customizable trend and momentum tool built around the 20 and 50 Exponential Moving Averages (EMAs). Instead of solely relying on traditional, lagging crossover signals, it proactively identifies high-probability reversals by mathematically measuring the tension between the moving averages.  Core Features:   Early Reversal Detection (DIV Signals): It measures the distance between the 20 and 50 EMA. When this dist"
https://www.tradingview.com/script/UhZOFD4h-Adam-VP-Levels/,Adam VP Levels,UhZOFD4h-Adam-VP-Levels,PUB;13b2e6be23aa40ecb53a7df4bd5e5eca,AdamElectron,indicator,1,1,5,0,0,2026-07-24T20:40:39+00:00,5,Previous Day VP Levels Extend to EOD Change Text size
https://www.tradingview.com/script/5uk9z4B4/,Swap Viewer - Visualizzatore Swap,5uk9z4B4,PUB;c1c6b18d97734abe866f40e93dc21183,nencio69,indicator,1,1,3,0,0,2026-07-24T09:12:01+00:00,5,"first indicator for swingtrader, you have to manually enter the swaps and the indicator will recognize the chart"
https://www.tradingview.com/script/gsx8IpMC-ABUKI-EMA-2-4-Advanced-Trend-Strategy/,ABUKI EMA 2/4 Advanced Trend Strategy,gsx8IpMC-ABUKI-EMA-2-4-Advanced-Trend-Strategy,PUB;59443737462d4ef5a2577ff05ded07b0,abukiman300,strategy,1,1,3,0,0,2026-07-24T08:14:53+00:00,5,"BEST ema strategy that give u a lot of options to adjust as u want it ,  "
https://www.tradingview.com/script/v1w3zUb6/,SuperTrend+TrailingStop+ChandelierExit/Stop [OmniFlamo],v1w3zUb6,PUB;5bc6873bd9dd46fbb681170ad5010c20,OmniFlamo,indicator,1,1,9,0,0,2026-07-23T21:18:57+00:00,5,"  Overview   This indicator combines four well-known trailing-stop methodologies into a single, switchable tool: SuperTrend, Trailing Stop, Chandelier Exit, and Chandelier Stop. Instead of publishing four separate scripts, this lets traders compare and switch between stop-calculation styles on the same chart using one input.   How it works   An ATR value is calculated using a selectable smoothing method (RMA/SMA/EMA/WMA/VWMA/DEMA/VAR), then multiplied by a user-defined factor. Depending on the s"
https://www.tradingview.com/script/cZYBpvtL-NLABS-Fan-Gauge/,NLABS - Fan Gauge,cZYBpvtL-NLABS-Fan-Gauge,PUB;bc50f4cf8d03497e8bbbf01bc65cf044,slauek,indicator,1,1,3,0,1,2026-07-24T07:20:33+00:00,5,"NLABS Fan Gauge — press / neutral / stand-aside, in one glance  One line. Three states. Zero interpretation required.  The Fan Gauge answers the only context question that matters once you have your levels: is this a tape worth pressing, or a tape that eats bounce trades?  What it measures  The gauge tracks price's distance from the session VWAP in ATR units, and — the part that matters — whether that distance is fanning open away from a rising VWAP or collapsing back into it. Trend strength isn"
https://www.tradingview.com/script/orfuN0DX-Barky-s-EMA-Clouds/,Barky's EMA Clouds,orfuN0DX-Barky-s-EMA-Clouds,PUB;6b9b5fc2ee204891845fb7a73952b1c2,Barkworth,indicator,1,1,4,0,0,2026-07-24T08:40:58+00:00,5,"Simple indicator that plots Barky's trading system related EMA clouds onto your chart. Nothing special, but very intuitive for customisation."
https://www.tradingview.com/script/PJVzM3ZS-Trend-Ribbon-MachineSuiteAI/,Trend Ribbon [MachineSuiteAI],PJVzM3ZS-Trend-Ribbon-MachineSuiteAI,PUB;c922f0af2e9a44b4b6cf517d1d74f468,MachineSuiteAI,indicator,1,1,19,0,0,2026-07-23T15:23:20+00:00,5,"Trend Ribbon    respect ranking, measured cross odds and auditable statistics   🟦 OVERVIEW  A five-average trend ribbon (8 / 21 / 50 / 100 / 200 by default; EMA, WMA, SMA, HMA or VWMA) built on one idea: the ribbon should measure itself.  Beyond the stack-based trend state and 50/100 cross markers, it keeps auditable statistics on the chart it is loaded on: which average price has actually been respecting (and how reliably), how every 50/100 cross resolved, what happened after squeeze expansions"
https://www.tradingview.com/script/E9t53QJv-Judas-Swing-Detector-algo-aakash/,Judas Swing Detector [algo_aakash],E9t53QJv-Judas-Swing-Detector-algo-aakash,PUB;ea0007f82cf94cbd8335972f9eff1e15,algotim,indicator,1,1,102,0,0,2026-07-23T11:06:57+00:00,5,"Judas Swing Detector is a session-based reversal indicator that models the institutional Judas Swing as a complete, sequential price event rather than a single false-breakout candle. Instead of flagging every session-open wick that reverses, the script requires a full chain of confirmed conditions — a locked Initial Range, a liquidity sweep beyond it, a rejection close back inside, an optional market structure shift, institutional-grade displacement, and higher-timeframe trend agreement — before"
https://www.tradingview.com/script/mCDKn3zW-MFB-Value-Acceptance-new/,MFB - Value Acceptance (new),mCDKn3zW-MFB-Value-Acceptance-new,PUB;da03b55800e442d388d0c7fbd75a2a10,Peacethruprocess,indicator,1,1,11,0,0,2026-07-24T02:42:01+00:00,5," Peace – Here is an improved version of “MFB – Value Acceptance”.  The original indicator is hidden on Tradingview, so I thought I could make improvements, and then try to re-post.  As usual, this MFB indicator works well with the ""Momentum Flow Build w/FVG v6 (clean)"" indicator that draws key levels.  New improvements include “RSI Divergence”, and Session VWAP green or red (according to buyers or sellers momentum).  Here is the Luxalgo – Quant description:  MFB - Value Acceptance: The Upgrades "
https://www.tradingview.com/script/SWfXWNew-10AM-10PM-Open-Levels/,10AM & 10PM Open Levels,SWfXWNew-10AM-10PM-Open-Levels,PUB;77222ea3722040fea3f0a46c9eeb162a,zacktward94,indicator,1,1,2,0,0,2026-07-24T20:38:46+00:00,5,"10AM / 10PM Opening Levels  The 10AM / 10PM Opening Levels indicator automatically plots the opening price of the 10:00 AM and 10:00 PM New York sessions as clean horizontal support and resistance levels.  These opening prices frequently become important intraday reference points where price reacts, consolidates, breaks out, or reverses. Many traders use them as directional bias levels or confluence with market structure, liquidity, order blocks, fair value gaps, Fibonacci retracements, and supp"
https://www.tradingview.com/script/BQIwW6tQ-Test-Indicator/,Test Indicator,BQIwW6tQ-Test-Indicator,PUB;810c7e2e564a4a4595e3fc17a8cb1fec,johnjaskula67,indicator,1,1,14,0,0,2026-07-23T21:54:07+00:00,5,"//@version=6 indicator(“Multi-Indicator Buy Signal”, shorttitle=“MIBS”, overlay=true)  // USER SETTINGS fastEmaLength = input.int(20, “Fast EMA Length”, minval=1, group=“Trend”) slowEmaLength = input.int(50, “Slow EMA Length”, minval=2, group=“Trend”) longEmaLength = input.int(200, “Long-Term EMA Length”, minval=2, group=“Trend”) useLongFilter = input.bool(true, “Require Price Above Long-Term EMA”, group=“Trend”)  rsiLength = input.int(14, “RSI Length”, minval=2, group=“Momentum”) rsiMinimum = i"
https://www.tradingview.com/script/GBB7nFtr-Prop-Firm-Consistency-Tracker-XWiseTrade/,Prop Firm Consistency Tracker [XWiseTrade],GBB7nFtr-Prop-Firm-Consistency-Tracker-XWiseTrade,PUB;27889b30d0634010ad70f4e0d090661b,xwisetrade,indicator,1,1,3,0,0,2026-07-25T01:03:36+00:00,5,"Prop firm consistency rules kill more funded accounts than drawdown limits do - and most traders only find out AFTER they breach one. This tool puts your consistency status ON the chart, live, so you know when to stop trading BEFORE you break the rule.  WHAT IT DOES  Most prop firms (FundedNext, Apex, FundingPips and others) require that no single trading day contributes more than a fixed share (commonly 30-40%) of your total profit. This indicator tracks, in real time:  - Today's P&L share of y"
https://www.tradingview.com/script/x44kfPiS-Shifted-Hourly-Candles-00-RTH-for-1H-chart/,"Shifted Hourly Candles :00 (RTH, for 1H chart)",x44kfPiS-Shifted-Hourly-Candles-00-RTH-for-1H-chart,PUB;fc3fa76b93084f92b2108f70a61fcc20,camicabrera,indicator,1,1,3,0,0,2026-07-24T12:47:38+00:00,5,"What it does  On US stocks, TradingView's hourly bars on Regular Trading Hours are anchored to the 9:30 session open, so every 1-hour candle opens and closes at minute :30 (9:30–10:30, 10:30–11:30, ...). Switching to Extended Hours gives you :00 alignment, but then your chart and indicators include pre-market and after-hours data.  This indicator gives you the third option TradingView doesn't offer natively: hourly candles cut at the top of the clock hour, built from RTH data only. It redraws al"
https://www.tradingview.com/script/nW8YcEJr-WhatzRapz-Scalper-Triple-Stoch/,WhatzRapz Scalper Triple Stoch,nW8YcEJr-WhatzRapz-Scalper-Triple-Stoch,PUB;4e42a1f146d74394a41991aca42fc0e3,WhatzRapz,indicator,1,1,2,0,0,2026-07-24T09:52:28+00:00,5,"Triple Stochastic — 3 Stacked Stochastics with Confluence Signals  Three independently configurable stochastics displayed in a single pane, visually stacked into their own bands so it reads like three separate indicators — a fast one for timing, and two slow ones for the bigger trend context.  Default settings  Top (fast): %K 9, smoothing 9, %D 3 — short-term momentum and entry timing Middle (slow): %K 60, smoothing 10, %D 1 — the broader momentum backdrop Bottom (medium): %K 40, smoothing 40, %"
https://www.tradingview.com/script/gDuzbr14/,Aquile Reali  Days and Weeks,gDuzbr14,PUB;c67ebbf6ce87491fa7cd54ab8b997699,giua64,indicator,1,1,4,0,0,2026-07-25T02:40:45+00:00,5,"Aquile Reali — Days and Weeks  A clean, non-intrusive tool that plots the key reference levels of the current and previous day and week directly on the chart, without cluttering price action.  What it shows:  Previous Day High / Low (PDH / PDL) and Previous Week High / Low (PWH / PWL) — the levels institutional order flow reacts to most often, drawn as solid lines with price labels.  Current Day and Week High / Low (DH / DL, WH / WL) — updated live as the session develops, shown as dotted lines "
https://www.tradingview.com/script/cMzDYdQX-Multi-TF-200-EMA/,Multi-TF 200 EMA,cMzDYdQX-Multi-TF-200-EMA,PUB;cb884b7d28ef4e1cbd4fc900fe36f44a,itsjustAL,indicator,1,1,2,0,0,2026-07-24T18:24:25+00:00,5,"Multi-TF 200 EMA Waterfall  Plots 200-period EMAs across 7 timeframes (1m, 3m, 5m, 15m, 1H, 4H, 1D) on a single chart. Each EMA is individually toggleable with custom colors and line widths. TF labels appear on the right edge of each line.  Bull/bear clouds between each EMA pair can be toggled on/off individually. Green cloud = faster TF EMA above slower TF EMA (bullish alignment). Red cloud = faster TF below slower (bearish).  WHY ALL 200s INSTEAD OF 9/20/50 RIBBONS: Most traders stack differen"
https://www.tradingview.com/script/u0JyMhrb/,SMA + BB STATUES,u0JyMhrb,PUB;f4caf8ae0a264c6c9f0b2a32529d76e7,bedro2034,indicator,1,1,3,0,0,2026-07-24T15:41:15+00:00,5,1. Price Action: TDP 2 (Candlestick Body Ratios) What it does: It looks for specific bullish and bearish candles based on a minimum body ratio (the body of the candle must make up at least 55% of the total high-to-low range). How it works: Bullish Candles: Marked with a Green Arrow pointing up. The script remembers the low of the most recent valid bullish candle. Bearish Candles (Under Low): Marked with a Red Arrow pointing down if a valid bearish candle closes below the low of the last bullish 
https://www.tradingview.com/script/0QSbdgpc-SPX-Forward-Path-2026-2027/,SPX Forward Path 2026-2027,0QSbdgpc-SPX-Forward-Path-2026-2027,PUB;9c3d01a5ba7249d0ba59acc17820e78b,zachpeugh,indicator,1,1,3,0,0,2026-07-25T03:53:17+00:00,5,"A price forecast for the upcoming year.  A plethora of confluence here from midterm averages, to seasonality, to rate expectations and the tides of liquidity.  Along with a nice big good old fashion head and shoulders to kick off a bear market.  "
https://www.tradingview.com/script/8tEnze8O-Equal-High-Low-Alerts/,Equal High / Low Alerts,8tEnze8O-Equal-High-Low-Alerts,PUB;f95cefcb465d4db0880a1357361ad14e,Yohanneseyai,indicator,1,1,3,0,0,2026-07-24T18:38:53+00:00,5,price tends to sweep equal highs and lows and this indicator identifies them for you
https://www.tradingview.com/script/7UyCKSsX-BRAHMOS-Price-Gap-Detector/,BRAHMOS Price Gap Detector,7UyCKSsX-BRAHMOS-Price-Gap-Detector,PUB;f7668474e59a4fde918d71288f083edd,reachcooltrader,indicator,1,1,2,0,0,2026-07-24T17:55:52+00:00,6,"Gap Identifer between two candles in all the timeframes. It will display the last gap between two candles. Dashboard contains Gap Type, Candle1, Candle2 with timings"
https://www.tradingview.com/script/4ACDhPZH-EMAx6-Regime/,EMAx6 Regime,4ACDhPZH-EMAx6-Regime,PUB;30aa1bb7c06843fb9c07fdbe1f22430f,TumbagaLi458,indicator,1,1,2,0,0,2026-07-24T14:44:52+00:00,6,"EMA66 is a multi-EMA visualization tool designed for structure analysis rather than signal generation.  Instead of using a single moving average, this indicator allows six independently configurable EMA lines. Each EMA can use its own source (Close, High or Low), period and visibility.  Default configuration:  • EMA1 = Close EMA14 • EMA2 = Close EMA50 • EMA3 = Close EMA200 • EMA4 = High EMA50 • EMA5 = Low EMA50 • EMA6 = Close EMA800  The indicator provides two visualization systems.  1. Fixed Pa"
https://www.tradingview.com/script/76arZif2-NeuPortal-Market-Compass-Empirical-Bands-Regime-Indices/,"NeuPortal Market Compass - Empirical Bands, Regime & Indices",76arZif2-NeuPortal-Market-Compass-Empirical-Bands-Regime-Indices,PUB;f3f1bf380e7d498183aae606ff8ba86e,neuportal,indicator,1,1,2,0,0,2026-07-24T14:28:59+00:00,6,"NeuPortal Market Compass is a single overlay that instruments any symbol on any timeframe with three layers of context plus a readout dashboard, so you get the useful curves, the envelope, a forward band and the key indices from one indicator instead of stacking five.  WHAT IT DRAWS  1) Trend curves. EMA fast / mid / slow (20 / 50 / 200 by default) and an optional VWAP. The classic structure read at a glance.  2) Volatility envelope. A standard Bollinger band (20, 2 by default) for immediate con"
https://www.tradingview.com/script/4h8A0gG8/,HOLY Vegas Channels,4h8A0gG8,PUB;5c166be0b609410883ee90f02a86d55d,newartjersey,indicator,1,1,2,0,0,2026-07-24T11:14:55+00:00,6,"Vegas Channels (also known as Vegas Tunnel) is a trend-trading system originating from forex trader Vegas. Its core concept is to use multiple sets of EMAs (Exponential Moving Averages) to establish price channels to determine trends, support/resistance, and entry/exit points. Many TradingView indicators are now derived from this concept."
https://www.tradingview.com/script/Awl2g0RA-Time-Range-Highlighter/,Time Range Highlighter,Awl2g0RA-Time-Range-Highlighter,PUB;df5d9f49209d4b4e8f79816f193c656d,GallupsCagle290,indicator,1,1,5,0,0,2026-07-24T07:43:13+00:00,6,using for highlight candles in a specific timeframe and time range
https://www.tradingview.com/script/dykNOFCR-Price-Ends-Levels/,Price Ends Levels,dykNOFCR-Price-Ends-Levels,PUB;d9785ba8bbf749b8a9bcf3226a209bc0,rillyu,indicator,1,1,15,0,0,2026-07-23T20:05:01+00:00,6,"Price Level Reaction & Psychological Zone Indicator  Version 1.0   Overview   Price Ends 26 / 50 Signals is a price-level visualization tool inspired by the 26 / 50 price ending concept presented by TheoTrade in the ""Golden Setup"" presentation.  The indicator highlights recurring price endings that some traders monitor as potential reaction areas. Rather than attempting to predict market direction, it automatically identifies when price reaches these predefined levels and visually maps them on t"
https://www.tradingview.com/script/3k5jF4IF-barrettfvg-Reversal-Points/,barrettfvg Reversal Points,3k5jF4IF-barrettfvg-Reversal-Points,PUB;7de6b8b5cae9401faf27f4001cd2ef74,BarrettFVG,indicator,1,1,14,0,0,2026-07-23T17:52:47+00:00,6,"barrettfvg Reversal Trade Planner is a lightweight reversal-planning indicator built to turn reversal signals into a cleaner visual trade plan. It marks possible Buy/Sell reversal areas and, when a signal appears, plots one active stop-loss and take-profit plan at a time. The signal model combines three ideas: Trend-state reversal logic: The script uses an ATR-based trend state to identify when price behavior changes from bullish to bearish or bearish to bullish. This helps avoid marking every m"
https://www.tradingview.com/script/LRlK3uKF-Session-Micro-Structure-Shift-Range-Equilibrium-Radar/,Session Micro-Structure Shift & Range Equilibrium Radar,LRlK3uKF-Session-Micro-Structure-Shift-Range-Equilibrium-Radar,PUB;7529daa107f24ee1b1fc503a8f25f383,Dark_Ace_Master,indicator,1,1,5,0,0,2026-07-25T01:27:06+00:00,6,"Overview and Purpose The Session Micro-Structure Shift and Range Equilibrium Radar is an open source technical analysis indicator designed for intraday traders utilizing ICT and Smart Money Concepts (SMC). It automates the tracking of key trading sessions like Asia, London, and New York, measures range equilibrium, and filters for structural shifts combined with Fair Value Gap (FVG) retests.   How the Indicator Works and Mathematical Logic  1. Session Range and Equilibrium Computation:    The sc"
https://www.tradingview.com/script/HKFwSrrZ-Candle-Close-Timer-15-30-1H/,Candle Close Timer 15 30 1H,HKFwSrrZ-Candle-Close-Timer-15-30-1H,PUB;c50feb9edfb7468bb49669572286e9cc,stockgurutrades,indicator,1,1,8,0,0,2026-07-23T19:44:53+00:00,6,"Candle Close Timer for 15m 30m and 1 hour chart. At 5 minutes before the candle closes, the font will turn red"
https://www.tradingview.com/script/cUcFv4pW-OpenFlow-SMC/,OpenFlow SMC,cUcFv4pW-OpenFlow-SMC,PUB;724b417f8ead467bbe8abdaf8860a1c9,jaydesaigu,indicator,1,1,16,0,0,2026-07-23T14:52:29+00:00,6,"# OpenFlow SMC — Structure & Trend Suite  **Free · Open-source · Non-repainting · Pine Script v6**  OpenFlow SMC brings the common Smart-Money-Concepts toolkit — order blocks, fair value gaps, break of structure / change of character, a trend engine, and buy/sell markers — into a single, transparent, open-source indicator. Everything here is built from standard, public-domain technical-analysis primitives. Nothing is hidden, nothing is sold, and the full source is open for you to read, learn fro"
https://www.tradingview.com/script/BQ9dRf7d-SHK-RSI-STRENGTH-PRICE-MOMENTUM/,SHK RSI STRENGTH & PRICE MOMENTUM,BQ9dRf7d-SHK-RSI-STRENGTH-PRICE-MOMENTUM,PUB;98041189be3b4b4299e3b4098c47700c,Syed_Hussain_K,indicator,1,1,24,0,0,2026-07-23T14:00:08+00:00,6,"An RSI-based momentum oscillator that overlays two independently configurable moving averages on top of the RSI to visualize trend strength and short-term momentum shifts at a glance.  █ How it works - RSI — the standard Relative Strength Index (length and source configurable). - Mid line — the RSI pivot line, editable from 35 to 55 (default 50), used as the bull/bear split for the fill and alert regime. - Strength — a slower moving average of the RSI (default: WMA 21) that shows the underlying "
https://www.tradingview.com/script/yEIgaEVq/,Cyberpunk MA Spectrum,yEIgaEVq,PUB;0216c6db0d5f4c0c988fd0e880ca7f42,ken5_5489,indicator,1,1,7,0,0,2026-07-23T16:50:52+00:00,6,"# Cyberpunk MA Spectrum  Cyberpunk MA Spectrum is an indicator designed to display multiple moving averages, from short-term to long-term, and visualize their direction through color changes.  When a moving average is sloping upward, it is displayed in cyan. When it is sloping downward, it is displayed in magenta.  Short-term moving averages are shown with higher transparency, while longer-term moving averages become progressively darker and more visible. This makes it easier to distinguish shor"
https://www.tradingview.com/script/LHFLNvu7-Hourly-Minute-Lines/,Hourly Minute Lines,LHFLNvu7-Hourly-Minute-Lines,PUB;77100e0de4664fb28d332806cd79018c,Midniteblade,indicator,1,1,7,0,0,2026-07-24T03:03:14+00:00,6,"I created this to help back test, forecast or trade. It will mark either the 9min bar, 15min bar, 30 min bar or the hourly bar. You can choose which ones and color. It will place a marker on the first BOS or CHOCH after the 9min bar. I call it the 9min Theory. I trade the first BOS or CHOCH after the 9min bar alot, depending on condition."
https://www.tradingview.com/script/OZAZxfg4-MoreThanMoney-Aurum-Flow/,MoreThanMoney - Aurum Flow,OZAZxfg4-MoreThanMoney-Aurum-Flow,PUB;039b58f362ea4bbeb81867687c2fffd5,morethanmoneypt,indicator,1,1,10,0,0,2026-07-23T20:44:37+00:00,6,"MoreThanMoney — Aurum Flow  A trend-following signal engine for crypto perpetuals (best on 1H). It only trades with the trend and hands you a complete, static plan for every setup.  Trend filter (DEMA 15/50/238) + RSI confirmation — no counter-trend noise. Signal: volume POC crossover, aligned with the trend. Static levels: Entry, SL and TP1–TP3 are locked on the signal bar (ATR-based: 1:1.5 / 1:3 / 1:6). Perp-ready labels: each level shows distance to entry in points and %. Account panel: enter"
https://www.tradingview.com/script/kcgyz0F5/,[Kpt-Ahab] Rotation & Relative Flow Heatmap,kcgyz0F5,PUB;c136152e5b8b41618ba0e1bf9e2a4876,Kpt-Ahab,indicator,1,1,2,0,0,2026-07-25T06:52:18+00:00,6,Rotation & Relative Flow Heatmap   Rotation & Relative Flow Heatmap compares up to 11 user-selected symbols and displays their relative market behavior as a continuously colored heatmap.   The script can visualize:    * Price * Volume * Relative dollar volume * Price return weighted by relative dollar volume * Price return weighted by positive dollar-volume Z-score   The signed-flow modes combine short-term price direction with relative trading activity. Each symbol’s result is compared with the
https://www.tradingview.com/script/oQzDN7Iw-Funding-Rate-OI-Radar-StrixEDGE/,Funding Rate & OI Radar [StrixEDGE],oQzDN7Iw-Funding-Rate-OI-Radar-StrixEDGE,PUB;bb2023616f4f4ac3a2cb56d339bfdaae,StrixEDGE,indicator,1,1,4,0,0,2026-07-23T18:53:30+00:00,6,"What It Does  Funding Rate & OI Radar is a multi-symbol derivatives dashboard that consolidates funding rate intensity, open interest momentum across three timeframes, and price-OI divergence signals into a single on-chart table. It is designed for perpetual futures traders who need to read market positioning at a glance — without switching tabs or charts.  The indicator tracks up to 5 perpetual contract symbols simultaneously, surfaces extreme funding conditions as they develop, and flags struc"
https://www.tradingview.com/script/Shzk91w6-ORB-Opening-Range-Breakout-with-Auto-Targets/,ORB - Opening Range Breakout with Auto Targets,Shzk91w6-ORB-Opening-Range-Breakout-with-Auto-Targets,PUB;e6d8987ac0d340b9ba01104e67f40ed4,Stoicchoco809,indicator,1,1,4,0,0,2026-07-25T01:31:52+00:00,6,ORB  Opening Range Breakout with Auto Targets  Description  ORB with Auto Targets plots the opening range and its breakout targets for you automatically so you are not drawing levels by hand during the morning rush  You tell it when your range starts how long it lasts and how long you want to keep watching It handles the rest the range builds itself in real time locks in when the window closes and projects measured move targets above and below  ---  What It Draws  * The forming range From the mo
https://www.tradingview.com/script/dwQDMv9x-MACD-Standard-12-26-9/,MACD - Standard 12-26-9,dwQDMv9x-MACD-Standard-12-26-9,PUB;c96bf20a81c3442c9f2d2de6110803db,sedatonat,indicator,1,1,1,0,0,2026-07-24T13:27:20+00:00,6,The classic MACD (12-26-9) with a clean layout and customizable moving average options (EMA/SMA). This script preserves the standard MACD calculation while adding: EMA or SMA selection Color-coded histogram Built-in crossover alerts Clean visualization Ideal for traders who prefer the original MACD without unnecessary modifications. 
https://www.tradingview.com/script/olDfyKIq-MACD-MidTerm-50-100-9/,MACD - MidTerm 50-100-9,olDfyKIq-MACD-MidTerm-50-100-9,PUB;85ae534c780f4286905bdd375dd21186,sedatonat,indicator,1,1,1,0,0,2026-07-24T13:25:08+00:00,6,"A clean Mid-Term MACD (50-100-9) designed to reduce market noise and highlight higher-quality momentum shifts. Compared to the standard MACD, the longer moving averages help identify stronger trend changes and filter out short-term fluctuations. Features: Mid-term momentum detection (50-100-9) EMA/SMA selection for MACD and Signal lines Color-coded histogram Built-in trend reversal alerts Suitable for swing trading and trend-following strategies This indicator is designed to complement price act"
https://www.tradingview.com/script/Bhi6oTvz-BTC-Liquidity-Sweep-v6-by-Lakshmanan/,BTC Liquidity Sweep v6 by Lakshmanan,Bhi6oTvz-BTC-Liquidity-Sweep-v6-by-Lakshmanan,PUB;513a4d9526ac460eb5bd68e9d17e6204,Lashmanan,indicator,1,1,12,0,0,2026-07-23T18:06:20+00:00,6,BTC Liquidity Sweep v6 helps you identify Buy and Sell points with alerts support. you shall filter entries with RSI momentum while placing order.
https://www.tradingview.com/script/IFO3JPL6-RSI-Smart-Divergence/,RSI Smart Divergence ,IFO3JPL6-RSI-Smart-Divergence,PUB;0978ffd0bdfc4119ae9bf126638d3813,josseliani,indicator,1,1,316,0,2,2026-07-23T09:06:13+00:00,6,"RSI Smart Divergence is a simple RSI divergence indicator built for a clean chart and a flexible trading style.  There are many RSI divergence indicators available. I made this version because I wanted a very specific and simple visual: confirmed divergences shown on both the RSI and the price chart at the same time, small markers, clean divergence lines, alerts, and only the settings I actually use in trading.  How I use it: I change the RSI period and pivot settings depending on the timeframe "
https://www.tradingview.com/script/DHwykExm/,     ATR Position Size & Risk Manager fixed-% risk per trade,DHwykExm,PUB;50a69fb99de645739136b38e42ea42dc,SignalForge-Ai,indicator,1,1,1,0,0,2026-07-25T08:26:25+00:00,6,"    Position sizing tool: risk a fixed % of your account with an ATR-based stop      and see entry / stop-loss / take-profit levels plus exact size in a table.       Built for prop-firm traders (FTMO, FundedNext style daily-loss rules) and for      anyone who sizes by volatility instead of guessing lot sizes.       HOW IT WORKS:      - Stop distance = ATR × multiplier (default 1.5)      - Size = (balance × risk%) ÷ (stop distance in ticks × tick value)      - Take profit drawn at your chosen R:R"
https://www.tradingview.com/script/JCMnfwLH-Relative-Strength-Scoring-System/,Relative Strength Scoring System,JCMnfwLH-Relative-Strength-Scoring-System,PUB;645f920e6b0c4c70ab795017b9988466,kanhiaya4196,indicator,1,1,3,0,0,2026-07-25T08:10:01+00:00,6,Guage the Relative Strength using Ratio charts overlayed with Moving Averages 
https://www.tradingview.com/script/lxMAm66r-Regime-RS-Score-Table/,Regime + RS Score Table,lxMAm66r-Regime-RS-Score-Table,PUB;72d5293ec4be4b33af0acf316254346b,kanhiaya4196,indicator,1,1,1,0,0,2026-07-25T07:30:06+00:00,6,Guage relative strength using Ratio charts benchmarked against the asset of choice
https://www.tradingview.com/script/hdc8wfSH-DTFX-Time-Based-Ranges/,DTFX Time Based Ranges,hdc8wfSH-DTFX-Time-Based-Ranges,PUB;fdaf3ff3bbf54146b1d2cf7d8b85e6f4,zeeTAJONline,indicator,1,1,4,0,0,2026-07-25T07:30:03+00:00,7,Thanks to Dave for the TBR. This modified version gives you more details and all historical TBRs can be enabled. Unlimited customizations.
https://www.tradingview.com/script/U7aBrqKe-EMA-Trend-Screener/,EMA Trend Screener,U7aBrqKe-EMA-Trend-Screener,PUB;f2927632480b437993cc696bdb35f688,microflank,indicator,1,1,2,0,0,2026-07-25T04:15:49+00:00,7,"📊 EMA Trend Screener — Multi-Timeframe Bias Filter  Quickly scan up to 12 instruments to find which ones are trading above BOTH the 50 EMA and 200 EMA on your chosen timeframe. Perfect for trend-following traders who only want to trade in the direction of the higher timeframe trend.  ━━━━━━━━━━━━━━━━━━━━━━━━━━━━━━━━━━━━━━━━  ✅ WHAT IT DOES  • Scans 12 symbols simultaneously for bullish EMA alignment • Shows current price, 50 EMA, and 200 EMA for each symbol • Color-coded status: GREEN = above bo"
https://www.tradingview.com/script/PTsfpZoa-Earnings-Move-Table-Last-2-Years/,Earnings Move Table (Last 2 Years),PTsfpZoa-Earnings-Move-Table-Last-2-Years,PUB;8ee0ebaf8a8b4a8682730c602eb844ad,f20180822h,indicator,1,1,2,0,0,2026-07-25T04:10:11+00:00,7,Give full visibility to how stocks react around and post earnings event
https://www.tradingview.com/script/rUMUZe7d-Session-Fair-Value-Map/,Session Fair Value Map ,rUMUZe7d-Session-Fair-Value-Map,PUB;5f47c2fc749e4561977d3d02d969d9e2,WizardofLittleElm,indicator,1,1,1,0,0,2026-07-25T01:09:43+00:00,7,"Mark out the session opens for Globex Asia, London, and New York. "
https://www.tradingview.com/script/wbrAnavm/,MAEM - Volume Suite,wbrAnavm,PUB;82d3bd73521847e8ad332859c84fa4c0,MAEmisary,indicator,1,1,1,0,0,2026-07-24T19:22:37+00:00,7,"MAEM - Volume Suite combina VWAP anclado y perfil de volumen en un solo indicador, para leer dónde está realmente concentrado el volumen y cuál es el precio ""justo"" del periodo.  1) VWAP Anclado (automático): calcula el VWAP con anclaje configurable (Sesión, Semana, Mes o Fecha fija) y lo recalcula automáticamente en cada nuevo anclaje. Incluye dos bandas de desviación estándar configurables para ver extensión de precio respecto al VWAP.  2) Perfil de Volumen (POC / VAH / VAL): distribuye el vol"
https://www.tradingview.com/script/NhKJfvnI-Multi-Session-Opening-Range-Davies-T/,Multi-Session Opening Range [Davies T],NhKJfvnI-Multi-Session-Opening-Range-Davies-T,PUB;f21c32e910b6412d86b38d696547c332,DAVIES_T,indicator,1,1,1,0,0,2026-07-24T09:20:13+00:00,7,"Multi-Session Opening Range  Plots the Opening Range Breakout (ORB) for up to four sessions at once — London, New York AM, New York PM, and Asia — each with its own on/off toggle.  For every session you enable, it draws a box around the high and low of the opening range, plus a dashed line through the middle marking the 50% level. The box and line stay extended on the chart for the rest of the session.  How to use it: Turn on the sessions you trade in the settings. Default range is the first 15 "
https://www.tradingview.com/script/uKQBgrg2-Weis-Wave-Renko-Effort-vs-Result/,Weis Wave Renko - Effort vs Result,uKQBgrg2-Weis-Wave-Renko-Effort-vs-Result,PUB;82504657b01c4817ac7533b571ee7a2b,paulgill28,indicator,1,1,10,0,0,2026-07-23T17:36:00+00:00,7,"ABOUT THIS SCRIPT    Weis Wave Renko – Effort vs Result indicator combines Renko price structure with Weis Wave volume analysis to help assess the relationship between market effort and price result.  This script is a fork and substantial extension of the original “Weis Wave Volume” script published by  modhelius . Full credit is given to  modhelius  for the original Weis Wave calculation, Renko assignment methodology and histogram on which this version is based.   PURPOSE  The script was develo"
https://www.tradingview.com/script/yenaNyGK-Opening-Prices/,Opening Prices,yenaNyGK-Opening-Prices,PUB;fe5a404e58f74e709a42757f682672ae,zeeTAJONline,indicator,1,1,1,0,0,2026-07-25T07:53:29+00:00,7,Most important opening prices of the market. Up to 7 customizable options. 
https://www.tradingview.com/script/uvrHSjzm-DTFX-Time-Based-Ranges-Opening-Ranges/,DTFX Time Based Ranges + Opening Ranges,uvrHSjzm-DTFX-Time-Based-Ranges-Opening-Ranges,PUB;6d958e3fd7a6462fa82caeae38f14397,zeeTAJONline,indicator,1,1,2,0,0,2026-07-25T07:22:22+00:00,7,A single tool for both Opening Range of each session and DTFX TBR. You get 2 powerful trade strategies in this single tool. 
https://www.tradingview.com/script/iYJfyf3i-Session-VWAP-Band-Candles/,Session VWAP Band Candles,iYJfyf3i-Session-VWAP-Band-Candles,PUB;fcb7f0cdc60c43e2bee52284ed2c9a70,ruditog,indicator,1,1,1,0,0,2026-07-25T06:17:50+00:00,7,Session VWAP Band Candles changes color when outside Daily VWAP.
https://www.tradingview.com/script/NTzpgteX-Multi-VWAP-6-Anchored-Lines-and-SMAs/,Multi-VWAP 6 Anchored Lines and SMAs,NTzpgteX-Multi-VWAP-6-Anchored-Lines-and-SMAs,PUB;9bb62881b15f4b33a80cdf04fe727e4c,ruditog,indicator,1,1,1,0,0,2026-07-25T06:15:08+00:00,7,Multi VWAP 6 for multiple timeframes with SMA to get levels for trading break and retest.
https://www.tradingview.com/script/DwfhSa1E-Elysium-Endo-Levels/,Elysium Endo Levels,DwfhSa1E-Elysium-Endo-Levels,PUB;a137431b48ed459fa22832feee22dde0,zjprofits,indicator,1,1,2,0,0,2026-07-25T05:37:58+00:00,7,"Intraday trading levels condensed into one indicator. Code forked from ""multi-tf standard devs  "" and ""Key Times & Opening Prices  ""    Session highs and lows  Key opens  Standard deviation (price, vwap)  Previous day high and low  Previous week high and low. "
https://www.tradingview.com/script/VbBfePBM-Dollar-Volume/,Dollar Volume %,VbBfePBM-Dollar-Volume,PUB;c9baa526f6f44171ab25b0de63ba3a81,rw76,indicator,1,1,2,0,0,2026-07-25T03:20:06+00:00,7,"Relying on raw share volume is one of the most common traps in technical analysis. One million shares traded on a $2 stock is only $2 million of capital. One million shares traded on a $400 stock is $400 million of capital. If you are only looking at share volume, you are blind to where the actual money is flowing.  This indicator is built to track true institutional footprints by measuring Dollar Volume (Price × Volume) instead of raw shares.  It calculates the current day's dollar volume and p"
https://www.tradingview.com/script/KMAdX5Vw-ATR-STOP-BUFFER-daytraderjo/,ATR STOP BUFFER - daytraderjo,KMAdX5Vw-ATR-STOP-BUFFER-daytraderjo,PUB;06c88b9d69484d23a7db49d4ca230e99,daytraderjo,indicator,1,1,2,0,0,2026-07-24T18:09:25+00:00,7,Top of the screen table takes percentage of ATR and calculates for reference. (taken from FSH and adjusted to my preferences)   
https://www.tradingview.com/script/1WzalNNH/,Selector MTF 4H + 1H,1WzalNNH,PUB;a72222367888426b93dc8e4f15623afb,jdo202,indicator,1,1,1,0,0,2026-07-24T17:39:02+00:00,7,El script identifica acciones con tendencia alcista en 4 horas y un cruce alcista reciente del MACD en 1 hora. 
https://www.tradingview.com/script/6EYFwSKy-Liquidation-Imbalance-Squeeze/,Liquidation Imbalance Squeeze,6EYFwSKy-Liquidation-Imbalance-Squeeze,PUB;9863c4fb06b442599332189014e145f1,slauek,indicator,1,1,4,0,0,2026-07-24T06:36:29+00:00,7,"🎯 The Core Idea This strategy aims to catch explosive breakouts just as a market transitions from a quiet, low-volatility phase into a high-volatility trend. It combines two main concepts:  Order Flow Imbalance: Estimating whether heavy buying or selling pressure is building up.  Volatility Squeeze: Identifying when price is tightly coiling and preparing to explode in one direction.  🔍 How It Works Step-by-Step 1. Estimating Order Flow Pressure (Liquidation Proxy) Normal volume doesn't tell you "
https://www.tradingview.com/script/j71Qq1cM-London-Breakout-Box/,London Breakout Box,j71Qq1cM-London-Breakout-Box,PUB;57593d25f8ce4da3bbde962b631e6bea,Milyenair,indicator,1,1,2,0,0,2026-07-24T06:07:34+00:00,7,"3:00 AM ET — a new  box is born at London open 3:00–8:00 AM ET — the box's top and bottom stretch live with every new high and low 8:00 AM ET (NY open) — the high/low freeze; whatever the range is, that's the box 8:00 AM–12:00 PM ET — the box keeps extending rightward so you can watch NY price trade around (or break out of) the London range Boxes also draw on all past days, so you can scroll back and study how previous breakouts behaved"
https://www.tradingview.com/script/V5WNDlUr-NIFTY-20-80-Price-Levels/,NIFTY 20 & 80 Price Levels,V5WNDlUr-NIFTY-20-80-Price-Levels,PUB;a4023a5873ef466bb11eb82446056d48,Tushar_Sharmapmvlc,indicator,1,1,5,0,0,2026-07-23T16:36:25+00:00,7,"OVERVIEW  NIFTY 20 & 80 Price Levels is a simple price-grid indicator designed to automatically mark horizontal levels whose final two digits are 20 or 80.  Examples:  24,220 24,280 24,320 24,380 24,420 24,480  The indicator is primarily designed for NIFTY charts. It helps traders view recurring 20 and 80 price levels without manually calculating or drawing them.  The script does not generate buy or sell signals, identify trend direction, or place trades.  HOW THE LEVELS ARE CALCULATED  The indi"
https://www.tradingview.com/script/fvwcmd9H-PSRC-NYAM-3X-Liquidity-Sweep-V3/,PSRC | NYAM 3X Liquidity Sweep V3,fvwcmd9H-PSRC-NYAM-3X-Liquidity-Sweep-V3,PUB;3ee223acaec24c0487a17fdb2971a48c,PlazoSullivanRocheCapital,indicator,1,1,4,0,0,2026-07-24T04:05:19+00:00,7,"1. Executive Summary  PSRC-LSMSS is a multi-timeframe Pine Script v6 AI Engine that identifies 3 key institutional liquidity raids during the New York AM session and confirms them against a structural market-shift model before generating a tiered, alert-ready signal. It was built following an explicit Quant-First, Code-Second discipline: the edge hypothesis, timeframe stack, and risk model were defined before a single line of entry logic was written, and every stage of the resulting pipeline has"
https://www.tradingview.com/script/ExAuuDz7/,Poor trend[ALT_analyst],ExAuuDz7,PUB;edb624bc98d54aaa8c687c484902b14a,ALT_analyst,indicator,1,1,3,0,0,2026-07-23T19:06:59+00:00,7,"Poor trend      ATTENTION: This script is STRICTLY for market environment recognition (Regime Filter). It does NOT provide entry signals or trading recommendations.   ■Overview  This indicator, ""Poor trend  "", is an administrative filter designed not to search for entry signals, but to logically validate and enforce the decision to ""take no position."" In directional trading, significant drawdowns occur during low-quality, trendless environments. This script continuously quantifies market stagnat"
https://www.tradingview.com/script/2wGxbRZP/,ATK/DEF Support Resistance S/R Channel Rating Engine,2wGxbRZP,PUB;6bfae31cf42446a6883a631151bf9cc6,ATTDEFS,indicator,1,1,35,0,0,2026-07-23T10:38:31+00:00,7,"ATK/DEF Support Resistance S/R Channel Rating Engine is a mu-factor support and resistance evaluat framework designed to analyze historl pric behavior and structural market reactions.  Unlike traditional support and resistance tools that mainly focus on previous reaction leve, this indicator focuses on evaluating the quality, strength, and structural condition of pric-based support and resistance areas through multiple analytical factors.  The engine combines three independent evaluat components"
https://www.tradingview.com/script/v9c7V54I-SwingTrades-Long-30Mins/,SwingTrades-Long-30Mins,v9c7V54I-SwingTrades-Long-30Mins,PUB;61e9db4efa65410f948dc8d1a2401c72,pallepati,indicator,1,1,2,0,0,2026-07-24T02:41:47+00:00,7,"Moved the ""3Q - where has it come from, where can it go, is the reward-vs-risk worth it"" logic to this script from SwingTrades-Long-Daily (companion script/indicator)"
https://www.tradingview.com/script/AmVDa35P-Money-Engine/,Money Engine,AmVDa35P-Money-Engine,PUB;200553d021124e7393a3e671a875406d,DTradexa,indicator,1,1,13,0,0,2026-07-23T13:48:46+00:00,7,"A comprehensive Smart Money Concepts (SMC) / ICT indicator designed for traders who want clean market structure, key liquidity levels, and institutional trading zones—all in one tool.  Features Previous Day Levels Previous Day High (PDH) Previous Day Low (PDL)  Customizable colors, line styles, and widths Optional labels  Asian Session Asian High Asian Low  Asian Range  Configurable session time  Support & Resistance Automatic Support detection  Automatic Resistance detection  Swing-based levels"
https://www.tradingview.com/script/2JGP3Oe1-Institution-Levels-Gath/,Institution Levels Gath,2JGP3Oe1-Institution-Levels-Gath,PUB;c36b82e91d96472c990ae7b9f68d81f9,evagatfx,indicator,1,1,26,0,0,2026-07-23T11:06:28+00:00,7,"This Pine Script indicator displays key psychological price levels at 000, 200, 500, and 800 intervals. It marks the beginning of every month with a vertical separator and draws each month’s open, high, and low as horizontal segments. The script highlights the psychological level nearest to the current monthly open and shows the pip distance from the monthly open to the current price. It also adds alternating monthly background shading and a table comparing price with the previous month’s range."
https://www.tradingview.com/script/CsiFiivy-SPY-1-and-5-Levels/,SPY $1 and $5 Levels,CsiFiivy-SPY-1-and-5-Levels,PUB;e163a3d31c664daf9d2c8dd082f3b69b,chadb27,indicator,1,1,12,0,0,2026-07-23T17:08:42+00:00,8,Marked horizontal levels for every point on SPY and also marks a thicker line for every 5 points on SPY. 
https://www.tradingview.com/script/NIg0rlYG-Dynamic-Rollover-Spread-Window/,Dynamic Rollover & Spread Window,NIg0rlYG-Dynamic-Rollover-Spread-Window,PUB;7ca2b99ccbd94a118e4ff2ce0fa2742a,nickbonenkamp,indicator,1,1,2,0,0,2026-07-24T00:12:16+00:00,8,"Dynamic Rollover & High Spread Zones  If you trade across different asset classes, you know that daily rollovers, CFD maintenance breaks, and weekly opens carry massive spread widening and low liquidity. Getting caught in a trade during these windows often leads to unnecessary slippage or getting stopped out by the spread alone. This indicator automatically highlights these high-risk liquidity gaps directly on your chart. Instead of manually drawing time boxes or switching indicator settings eve"
https://www.tradingview.com/script/1ptAHs96-ZCT-Open-Interest/,ZCT Open Interest,1ptAHs96-ZCT-Open-Interest,PUB;2ee2421e5a4b4ef4a1d17a28a36ad300,ZeroComplexityTrading,indicator,1,1,2,0,0,2026-07-23T21:32:21+00:00,8,"Open Interest Indicator lets you see whether a move has real conviction behind it.   Use it to filter breakouts, breakdowns, and choppy ranges before you enter a trade. Built for traders who want confluence alongside price action and volume- not just another lagging indicator."
https://www.tradingview.com/script/fj52qrwS-QIFM-SMC-Market-Structure/,QIFM SMC Market Structure ,fj52qrwS-QIFM-SMC-Market-Structure,PUB;a551e48a6fb04cfdab2268a49004af30,Tushar_Sharmapmvlc,indicator,1,1,12,0,0,2026-07-23T16:15:13+00:00,8,"QIFM SMC Market Structure — 2CR/2CG, BOS, CHoCH, FVG & OB  OVERVIEW  QIFM SMC Market Structure is a rule-based charting indicator designed to identify and display developing market structure using a custom Two-Candle Retracement framework.  The indicator combines:  • Two-Candle Retracement confirmation: 2CR and 2CG • Developing and confirmed Break of Structure levels • Pending and confirmed Change of Character levels • Dual CHoCH identification • Structure-based Fibonacci retracement levels • St"
https://www.tradingview.com/script/tMHhzI6j-Flag-Pattern-Breakout-Dots3Red/,Flag Pattern Breakout [Dots3Red],tMHhzI6j-Flag-Pattern-Breakout-Dots3Red,PUB;3acb50b19e244f7380b5bacaf62c8e61,Dots3Red,indicator,1,1,25,0,0,2026-07-23T10:48:23+00:00,8,"█ FLAG PATTERN BREAKOUT   This script detects bull and bear flag patterns using two structural components: the staff (the impulsive pole) and the edge (the consolidation channel). Rather than relying on generic pivot-to-pivot zigzag lines, both components are built from regression-fitted geometry so the drawn shapes reflect the actual price structure rather than an approximation.  █ THE STAFF The staff is the sharp, near-straight-line impulsive move that starts a flag. Two checks work together t"
https://www.tradingview.com/script/XGLUotUy-Prior-Day-RTH-OHLC-Current-Session-Open/,Prior Day RTH OHLC + Current Session Open,XGLUotUy-Prior-Day-RTH-OHLC-Current-Session-Open,PUB;2e17d5a0019d44c688520a4d78df12a6,planodad,indicator,1,1,3,0,0,2026-07-23T21:26:14+00:00,8,"Prior Day RTH OHLC + Current Session Open plots key reference levels from the most recent completed regular trading session, along with a user-defined Current Session Open level.  The indicator is designed for intraday charts where traders want clean regular-session reference levels while viewing extended-hours price action.  It tracks the current regular session during the day, then locks in the completed regular-session Open, High, Low, and Close once the post-market session begins.  It also i"
https://www.tradingview.com/script/jRyORzsa-30-Engulfing-Levels-9-SMA-Touch/,30% Engulfing Levels - 9 SMA Touch,jRyORzsa-30-Engulfing-Levels-9-SMA-Touch,PUB;c95d6768693e4b89ae36aa33f2d91de6,burnsseanpatrick2,indicator,1,1,21,0,0,2026-07-23T14:55:30+00:00,8,Plots a line at the top and bottom 30% levels of any candle that touches the 9sma. User can also define whether they'd like the lines to extend right by a number of bars or whether they'd like to use a different SMA
https://www.tradingview.com/script/dXqRRzZy-State-Machine-Entry-Debugger/,State Machine Entry Debugger,dXqRRzZy-State-Machine-Entry-Debugger,PUB;1e9dc8d17dbe49d8a8b392fe279c9ab9,CoffeeKiller,indicator,1,1,6,0,0,2026-07-23T14:41:13+00:00,8,"State Machine Entry Debugger - CoffeeKiller   State Machine Entry Debugger - CoffeeKiller is a development and diagnostic indicator designed to make a strategy's long-entry process visible on the chart.  Many strategies do not enter immediately when one condition becomes true. Instead, they move through a sequence of internal states. That sequence may include detecting a setup area, validating filters, waiting for confirmation, checking execution permission, and finally producing an entry signal"
https://www.tradingview.com/script/DDUvTLkI-Quantitative-Footprint-Divergence-Dynamic-HUD-by-Gurujames/,Quantitative Footprint Divergence & Dynamic HUD by Gurujames,DDUvTLkI-Quantitative-Footprint-Divergence-Dynamic-HUD-by-Gurujames,PUB;fb1542a2abc04200a308148f305d23b9,GuruJames22,indicator,1,1,4,0,0,2026-07-23T19:30:25+00:00,8,"he dynamic HUD acts as the analytical brain of the execution model. Inside the barstate.islast block, the algorithm processes the activeBuyerLines and activeSellerLines arrays to determine the exact geometric distance from the current real-time price to the nearest unmitigated liquidity pools.  HUD Processing Logic:  True Delta Extraction: The HUD directly queries the footprint.delta() of the currently forming real-time bar, giving the trader a live read on whether aggressive buyers or sellers a"
https://www.tradingview.com/script/4EVQr7eI-Year-Month-Opening-Ranges/,Year + Month Opening Ranges,4EVQr7eI-Year-Month-Opening-Ranges,PUB;80dcd411ba2449558647cf99b5c8dfd7,tswitzman30,indicator,1,1,4,0,0,2026-07-23T17:39:31+00:00,8,Marks the 1st trading day range of 1st trading day of year and 1st trading day of month. It marks the high and low of the  range.  It uses the cash session only. 
https://www.tradingview.com/script/KVZHoKjZ-Lalu-Bhai/,Lalu Bhai,KVZHoKjZ-Lalu-Bhai,PUB;23a789b9ca174879880cc98c99d74b0b,jayinstrument,indicator,1,1,2,0,0,2026-07-23T18:14:49+00:00,8,Lalu Bhai Expert For Buy Sale Share and Predict Price
https://www.tradingview.com/script/01ztCgYx/,"Stop ATR A [20] [2,00] - Estilo Profit",01ztCgYx,PUB;b674ec332be245859b305a032144d9f4,Aug111084Aug,indicator,1,1,3,0,0,2026-07-23T17:39:53+00:00,8,stop atr padrao profit chart amarelo 20 periodos desvio 2
https://www.tradingview.com/script/EOY3ndjg-Bank-Nifty-Box-9/,Bank Nifty Box 9 ,EOY3ndjg-Bank-Nifty-Box-9,PUB;386ab0546bf64c8fb35e00289ccd7768,Tushar_Sharmapmvlc,indicator,1,1,6,0,0,2026-07-23T16:59:48+00:00,8,OVERVIEW  Bank Nifty Box 9 is an intraday reference-level indicator designed primarily for BANKNIFTY.  The indicator uses the closing price of the first 5-minute candle of the trading day and calculates an upper and lower band at a configurable percentage distance from that closing price.  The default calculation uses ±0.09%.  It also displays the daily Volume Weighted Average Price (VWAP) to provide additional intraday price-location context.  The indicator displays:  • Upper 0.09% band • Lower
https://www.tradingview.com/script/aLGXytNm-VMC-Cipher-B-evolved-with-regime-detection-filters-false-signal/,VMC Cipher B evolved with regime detection /filters false signal,aLGXytNm-VMC-Cipher-B-evolved-with-regime-detection-filters-false-signal,PUB;b82162cfbb8f46bf85e076e5cb686e6e,CamurTheDog,indicator,1,1,6,0,0,2026-07-23T12:33:14+00:00,8,"Overview   Adaptive Cipher is an evolution of the classic VMC Cipher B, built to solve one of the fundamental weaknesses of oscillator-based indicators: they fail in trending markets.  The original VMC Cipher B works beautifully in ranging markets — it catches oversold bottoms and overbought tops with high accuracy. But when a stock enters a sustained trend, the WaveTrend oscillator gets ""stuck"" in overbought territory and starts generating sell signals throughout an entire bull run. Adaptive Ci"
https://www.tradingview.com/script/ZTpLo1XG-Smooth-Live-Weekly-SMA/,Smooth Live Weekly SMA,ZTpLo1XG-Smooth-Live-Weekly-SMA,PUB;b309b35d561f42da85e3122ead6f95b1,yahavmen,indicator,1,1,1,0,0,2026-07-23T14:04:28+00:00,8,"Smooth Live Weekly SMA displays a weekly Simple Moving Average on a daily chart without the traditional staircase appearance.  The indicator connects confirmed weekly SMA values to form a clean, continuous line. It also extends the latest segment to the developing current-week SMA, using the latest market price as the provisional weekly close. This means the indicator remains current throughout the week instead of stopping at the previous week’s value.  Features:  • Adjustable weekly SMA length "
https://www.tradingview.com/script/RG32oqBG-Fractals-Extended-Levels/,Fractals Extended Levels,RG32oqBG-Fractals-Extended-Levels,PUB;57fee7a5cb0046fbacd41434fb4c4516,goldenchiqfx,indicator,1,1,27,0,0,2026-07-23T09:40:50+00:00,8,"Fractals Extended Levels marks confirmed upper and lower fractals and draws customizable horizontal levels from the latest fractal points. You can adjust the number of lines, colors, thickness, style, and whether the levels extend to the right. "
https://www.tradingview.com/script/gIs5tbMW/,SD Zone Pro - Grouped Pivot Volume & Supply-Demand Zones,gIs5tbMW,PUB;972479e2638b4f808df4d21328e19d6b,tcspirit,indicator,1,2,40,0,0,2026-07-23T09:13:00+00:00,8,"SD Zone Pro - Grouped Pivot Volume & Supply-Demand Zones  Overview  SD Zone Pro is an advanced Supply and Demand (SD) zone detection tool engineered to highlight key institutional interest areas on your charts.  Unlike traditional supply/demand indicators that rely solely on single-bar imbalances or simple market structure breaks, SD Zone Pro uses a smart pivot-clustering algorithm. It tracks consecutive swing highs and lows, aggregates their corresponding trading volumes, and dynamically groups"
https://www.tradingview.com/script/2F8X7p1e-V20-Strategy/,V20 Strategy,2F8X7p1e-V20-Strategy,PUB;f4b6b103aa84432b886c74a32613604d,davidjosephind,strategy,1,1,14,0,0,2026-07-23T09:37:22+00:00,8,"Core concept: This strategy trades the ""V20"" pattern, a run of consecutive green candles that gains at least 20% (configurable) from the low of the run to the high, followed by a pullback entry near the run's base.  Pattern detection: - Counts consecutive green candles (close > open, or close == open with open > previous low) - Once a run ends (a red candle appears), it checks whether that just-finished run gained at least `minGainPct` (default 20%) from its lowest low to its highest high, and l"
https://www.tradingview.com/script/gFm1SzXQ-The-Black-Anchor-v1-0/,The Black Anchor v1.0,gFm1SzXQ-The-Black-Anchor-v1-0,PUB;033d2ae27262480a8fea815db5a0b64f,KaungMyatXiaolong,indicator,1,1,19,0,0,2026-07-23T10:22:49+00:00,8,"H1 Strategy, trading rules:  One open trade at a time Earliest Entry: 0800 SGT Last Entry: 2300 SGT  No Weekend Hold Tuesday, Wednesday, Thursday Open trades close at 0000 Saturday SGT No hold over weekend Stops at MRL"
https://www.tradingview.com/script/G6plo2Wu-XAUUSD-Clean-Institutional-Scalper-v11/,XAUUSD Clean Institutional Scalper v11,G6plo2Wu-XAUUSD-Clean-Institutional-Scalper-v11,PUB;079ee2d43c3746c48afc8f1e998672ed,knightsmwani,indicator,1,1,10,0,0,2026-07-23T11:23:06+00:00,8,"//@version=6 indicator(""XAUUSD Clean Institutional Scalper v11"", overlay=true, max_boxes_count=40, max_labels_count=80, max_lines_count=60)  //==================== // Inputs //==================== showBg         = input.bool(true,  ""Session Background"") showBiasBox    = input.bool(true,  ""Bias Box"") showSessionBox = input.bool(true,  ""Session Box"") showZone       = input.bool(true,  ""Entry Zone"") showSweeps     = input.bool(true,  ""Sweep Labels"") showLevels     = input.bool(true,  ""Support / Res"
https://www.tradingview.com/script/jtLHdxUU-WEINSTEIN-4-STAGE-ANALYSIS-A-B-Sub-Stages/,WEINSTEIN 4-STAGE ANALYSIS (A/B Sub-Stages),jtLHdxUU-WEINSTEIN-4-STAGE-ANALYSIS-A-B-Sub-Stages,PUB;49f71b0326654e26b7f7956456d6d5e0,Stephen_F,indicator,1,1,6,0,1,2026-07-23T21:50:46+00:00,8,"WEINSTEIN 4-STAGE ANALYSIS (A/B Sub-Stages)  This indicator implements Stan Weinstein's classic 4-stage market cycle theory, with an added layer of A/B sub-stage granularity so you know not just what stage a stock is in, but where it sits within that stage.  THE FOUR STAGES  Stage 1 - Basing: Price is flat, moving averages are flattening out after a decline. No clear trend. This is a ""wait and watch"" phase.  Stage 2 - Advancing: Price is above a rising 200 SMA, with the 50 SMA also above the 200"
https://www.tradingview.com/script/dz3XffmT/,DR MONEYTREND,dz3XffmT,PUB;1869f850d0ca471b9ee415fa3cf46828,Florin_23,indicator,1,1,3,0,0,2026-07-23T21:34:23+00:00,8,DR Xxxxxxx xxxx xxxx xx x xxxxxxxx xxxx xxx xxxx xxxx xxxxx xxxxx xxxx xxx xxxx xxxx  x xxxxx xxxxx
https://www.tradingview.com/script/GUaRGMmZ-Dynamic-N-Day-MA-x3/,Dynamic N-Day MA (x3),GUaRGMmZ-Dynamic-N-Day-MA-x3,PUB;1a30c867f3fb44ce9b729fb2d866bd95,ParkCityGuy,indicator,1,2,7,0,0,2026-07-23T16:06:33+00:00,8,"# Dynamic N-Day MA (x3) — Indicator Description  ## Overview  A moving-average indicator that plots up to three fully independent SMA lines, each configured in units of **trading days** rather than raw bar count. Instead of hardcoding a bar length (which only means what you intend it to mean on one specific chart resolution), each line calculates its actual bar-count period dynamically from two inputs — Session Length and MA Length — so a ""5-day MA"" genuinely represents 5 trading days' worth of "
https://www.tradingview.com/script/c7wVidBW-Virgin-RTH-Levels-with-Alerts/,Virgin RTH Levels with Alerts,c7wVidBW-Virgin-RTH-Levels-with-Alerts,PUB;a9b6e3c70840406ab838135b2ae43e73,Morph_ES,indicator,1,1,2,0,0,2026-07-23T22:44:46+00:00,8,"# Virgin RTH Levels with Alerts  If you're looking to trade breakouts or breakdowns and/or fake-outs without having to be glued to the screens, or manually drawing the levels every day, then this is the script for you!   ## What it does  This indicator automatically marks the Regular Trading Hours (09:30–16:00 New York) High and Low of every prior day — plus the prior day's Halfback (50% of the RTH range), prior week's and prior month's RTH High/Low, and the year-to-date RTH High/Low — and keeps"
https://www.tradingview.com/script/iX2wEwNZ-polo-bbc/,polo bbc,iX2wEwNZ-polo-bbc,PUB;e56bdd0f42d444008576c53eaed1ab8f,polo-0,strategy,1,1,6,0,0,2026-07-23T22:31:04+00:00,9,"click buy click sell Both variants push funded blow rate up meaningfully (roughly +4 to +7 points on both windows) while payout/target-hit numbers move in inconsistent directions — better on one window, flat or worse on the other. This is a genuinely different pattern from when Trend Pullback was added as the 3rd signal, where nearly every metric improved together. Here, the rarer/noisier OTE signal adds enough extra variance to the mix that it isn't a clean trade — it doesn't earn its place in "
https://www.tradingview.com/script/x2DVIlW9-60-Pips-Above-and-Below/,60 Pips Above and Below,x2DVIlW9-60-Pips-Above-and-Below,PUB;ec045eb412c147bfbd2fa72554634f22,oscarabrown97,indicator,1,1,12,0,0,2026-07-23T19:30:45+00:00,9,"This indicator shows live price $6 above and below live gold price. The purpose of the indicator is to use for a scalping strategy following EMA trend which uses a fixes stop loss of $6 and therefore is used to quickly visulise the stop loss level in real time to validate the entry.   It is not an indicator to verify trade, but an indicator to show the price difference in real time.  "
https://www.tradingview.com/script/HG74VEVg-Nawaztech-Quant-smm-500-zon-Golden-Numbers-Major-Minor/,Nawaztech Quant + smm + 500 zon Golden Numbers (Major & Minor),HG74VEVg-Nawaztech-Quant-smm-500-zon-Golden-Numbers-Major-Minor,PUB;1045492a431d4ab78c0231e0fc09ead1,nawaztech,indicator,1,1,6,0,0,2026-07-23T14:21:41+00:00,9,"Overview: The ""Golden Numbers (Major, Minor & Mid-50)"" indicator developed by Nawaztech Quant is an advanced price-level mapping tool designed for day traders, scalpers, and technical analysts. It automatically plots dynamic psychological levels, major round numbers, mid-zones, and moving averages on any chart timeframe.  Key Features: 1. Major Golden Levels: Highlighted in deep bold gold (dashed lines) at major intervals (e.g., 100 points). Acts as major support and resistance barriers. 2. Mino"
https://www.tradingview.com/script/G17r2s0m-ADR-LoD-dist/,ADR% & LoD. dist%,G17r2s0m-ADR-LoD-dist,PUB;a1f12d88ef1c4c27be0a6f5f887d5a20,gordonmclee3,indicator,1,2,2,0,0,2026-07-23T16:16:44+00:00,9,"Who it's for Breakout traders who want a quick read on whether a setup is still worth taking. ADR% helps you judge if the stock still has room based on its normal daily range. If price is already beyond its typical ADR%, you may choose not to buy. LoD dist helps with intraday entries by showing how far price is from the low of day, especially when using that low as your stop.  Why we built this We wanted one clean indicator that showed both ADR% and distance from low of day. Existing tools eithe"
https://www.tradingview.com/script/xla3FbZ2-Dynamic-N-Day-MA-x3/,Dynamic N-Day MA (x3),xla3FbZ2-Dynamic-N-Day-MA-x3,PUB;3bf142e4e9d9499ebf3913f469e2d7cd,ParkCityGuy,indicator,1,2,1,0,0,2026-07-23T16:02:11+00:00,9,"# Dynamic N-Day MA (x3) — Indicator Description  ## Overview  A moving-average indicator that plots up to three fully independent SMA lines, each configured in units of **trading days** rather than raw bar count. Instead of hardcoding a bar length (which only means what you intend it to mean on one specific chart resolution), each line calculates its actual bar-count period dynamically from two inputs — Session Length and MA Length — so a ""10-day MA"" genuinely represents 10 trading days' worth o"
https://www.tradingview.com/script/zj67CRP0-IB-9-SMA-Candle-30-Levels/,IB + 9 SMA Candle 30% Levels,zj67CRP0-IB-9-SMA-Candle-30-Levels,PUB;a20a0e67bca14593a492475f1c2ac9e7,burnsseanpatrick2,indicator,1,1,7,0,0,2026-07-23T15:58:00+00:00,9,plots 30% levels on candles that fall within IB high/low for asia or NY that touch 9sma
https://www.tradingview.com/script/uWeqLH6p-Recent-High-and-Low/,Recent High and Low,uWeqLH6p-Recent-High-and-Low,PUB;f216a611c360420694e9fb40b76d5f0f,nicojenkins,indicator,1,1,1,0,0,2026-07-23T15:48:02+00:00,9,"Recent High/Low Breakout Strategy  A simple breakout strategy built on the Recent High/Low Marker logic — designed to trade continuation moves as price breaks through recent structure.  Long entry: triggered when price breaks above the most recent swing high (green dotted line) Short entry: triggered when price breaks below the most recent swing low (red dotted line) Exit/reversal: position closes (or flips) when price breaks the opposing level, keeping you aligned with the dominant short-term t"
https://www.tradingview.com/script/ESmW0zok/,EMA + MACD Pullback Trend Strategy,ESmW0zok,PUB;c9e7bc82e77e4b91a40a68ec198a12ee,Saletrader1,strategy,1,1,4,0,0,2026-07-23T15:16:47+00:00,9,"EMA + MACD Pullback Trend Strategy  This strategy is designed to identify trend continuation opportunities using a combination of exponential moving averages, MACD confirmation, and pullback-based price action.  The core logic trades in the direction of the prevailing trend. A fast EMA and a slow EMA are used as directional filters. When the fast EMA is above the slow EMA, the strategy assumes a bullish bias. When the fast EMA is below the slow EMA, the bias becomes bearish.  In addition to the "
https://www.tradingview.com/script/BOevwT5r-Key-Levels-PDH-PDL-PWH-PWL-PMH-PML/,Key Levels - PDH/PDL/PWH/PWL/PMH/PML,BOevwT5r-Key-Levels-PDH-PDL-PWH-PWL-PMH-PML,PUB;25e7b18cdbbc471388b68bb5fa0594b8,Offgurpreet,indicator,1,1,4,0,0,2026-07-23T14:42:17+00:00,9,🟢 Previous Day High (Green) 🔴 Previous Day Low (Red) 🔵 Previous Day Open (Blue) 🟠 Current Day Open (Orange)
https://www.tradingview.com/script/DNkf2q3P-EMA135-w-HL-LH-Entries/,EMA135 w/ HL/LH Entries,DNkf2q3P-EMA135-w-HL-LH-Entries,PUB;32461fe996dc4172a19436df8b78bc9f,nikita_castle00,indicator,1,3,1,0,0,2026-07-23T20:16:10+00:00,9,"EMA default period intended for 1min chart, mathematically adapted from 15min momentum EMA.   Default settings alert entry on the 1st HL confirmed above EMA when price crosses EMA to the upside, and vice-versa when crossing to the downside. The 2nd HL or LH is also printed with a signal triangle for: A) another entry oppo B) confirmation of trend if you took the initial entry (visual confirmation to stay in the trade).  How to trade it: My idea is to enter on the first signal with a stop against"
https://www.tradingview.com/script/5acNOFoa-Highs-Lows-FVG-MSS-v9/,Highs/Lows + FVG + MSS  v9,5acNOFoa-Highs-Lows-FVG-MSS-v9,PUB;8c5f6294393a4e36b4932b76ca2224fc,jamessalazar,indicator,1,1,5,0,0,2026-07-23T14:24:19+00:00,9,Highs/Lows + FVG + MSS  v9 marks out highs lows PDH PDL MSS FVG 
https://www.tradingview.com/script/RNG5bZ0x-Yield-Curve-Theme-Monitor-v5/,Yield Curve Theme Monitor v5,RNG5bZ0x-Yield-Curve-Theme-Monitor-v5,PUB;e8a1fe90f2094ccfbe7b07c8e33d2468,MrOrderFlow,indicator,1,1,1,0,0,2026-07-23T19:32:36+00:00,9,MR OF bond theme identifier  bull flattening  bull steepener  bear steepener bear flattener
https://www.tradingview.com/script/oclbNBF2-Acura/,Acura,oclbNBF2-Acura,PUB;57b161e755ff4e54aede0707bb2cd366,genelvnv,indicator,1,1,2,0,0,2026-07-23T19:28:45+00:00,9,"indicators rsi ema's vol etc  Scalps, multiple time frames crypto focused."
https://www.tradingview.com/script/TlixisYc-Volume-Highlight-USD-BTC-Open-Interest/,Volume Highlight (USD/BTC) + Open Interest,TlixisYc-Volume-Highlight-USD-BTC-Open-Interest,PUB;475ff9a7a499450eac945df4d774dc55,JoeBet,indicator,1,1,1,0,0,2026-07-23T17:21:50+00:00,9,Just try it and report back with suggestions.  I am looking for feedback in how to improve it
https://www.tradingview.com/script/neBVhXxq-SkuldX-BTC-OI-Delta-Signal/,[SkuldX] BTC OI Delta + Signal,neBVhXxq-SkuldX-BTC-OI-Delta-Signal,PUB;49f395c354d342e08382f9bcf5c4f49a,skuldxtrade,indicator,1,1,6,0,0,2026-07-23T09:29:27+00:00,9,SkuldX BTC OI Delta + Signal — Institutional Positioning Intelligence by SkuldX Trading Systems  What is it? SkuldX BTC OI Delta + Signal goes beyond simply showing Open Interest numbers. It decodes the relationship between price movement and OI changes to identify the true nature of every market move — whether it's driven by real conviction or forced liquidations. This distinction is what separates high-probability entries from noise.  How it works Open Interest Delta measures how many BTC cont
https://www.tradingview.com/script/gAyu5zRt/,GBPJPY  zones,gAyu5zRt,PUB;11975ed5037e4948bee147e92467fdc8,sahin_dogan,indicator,1,1,9,0,0,2026-07-23T12:43:00+00:00,9,Zones für den gbpjpy markt um short time zu traden 
https://www.tradingview.com/script/VVU7Yasa-Above-Below-Markers/,Above / Below Markers,VVU7Yasa-Above-Below-Markers,PUB;ba1e11f21851493dbcf030a9735a59b3,sma_ninja,indicator,1,1,2,0,0,2026-07-23T11:34:25+00:00,9,"# indie:lang_version = 5  from indie import indicator, param, color, plot, level, line_style from indie.algorithms import Macd  @indicator('4 colour MACD') @param.int('fast_length', default=12, min=7, title='Fast moving average') @param.int('slow_length', default=26, min=7, title='Slow moving average') @level(0, title='Zero line', line_color=color.GRAY, line_style=line_style.SOLID, line_width=1) @plot.histogram(title='MACD', line_width=3) def Main(self, fast_length, slow_length):     macd, _, _ "
https://www.tradingview.com/script/Gmbxhq6x-Gold-Psychological-Zones-M5-IFVG-Legendarylx/,Gold Psychological Zones + M5 IFVG [Legendarylx],Gmbxhq6x-Gold-Psychological-Zones-M5-IFVG-Legendarylx,PUB;8ecb4cf0da254005b23569d9637e2343,LEGENDARYLX,indicator,1,1,26,0,0,2026-07-23T09:00:06+00:00,9,"Invictum Gold ICT Psych Framework is a trading indicator designed primarily for XAUUSD (Gold). It highlights key psychological price zones and combines H4 trend direction with ICT concepts such as liquidity sweeps, Market Structure Shift (MSS), and 5-minute IFVGs.  Main Features:  Psychological price zones at key whole-number levels H4 trend and market bias Relevant H4 highs and lows M5 liquidity sweep detection M5 Market Structure Shift (MSS) M5 IFVG identification Potential Long and Short setu"
https://www.tradingview.com/script/QILTlnmE-GER40-NAS100-Trading-Windows-Plus-TDO/,GER40 | NAS100 Trading Windows Plus TDO,QILTlnmE-GER40-NAS100-Trading-Windows-Plus-TDO,PUB;baf333730625497e841a22ff31cacd8f,chiefofuji,indicator,2,1,1,0,0,2026-07-25T11:33:17+00:00,9,"  Draws one kill zone box per day for the last two trading days only. GER 40 uses 02:00 to 05:00 New York time. NAS 100 uses 09:30 to 12:00 New York time. Each box is bounded by the high and the low made inside that window.  Plots the True Day Open, the price at 00:00 New York time, for the current day only. The line ends at the live candle and does not project forward.  Runs only on CAPITALCOM:GER40 and CAPITALCOM:NAS100, and only on intraday timeframes. On any other chart it draws nothing.  Us"
https://www.tradingview.com/script/atvJpWjW-Range-Profile-Oscillator/,Range Profile Oscillator,atvJpWjW-Range-Profile-Oscillator,PUB;2bb4bf3f99fd49808e17c5d888e41e1f,Uncle_the_shooter,indicator,1,1,8,0,0,2026-07-25T11:32:58+00:00,9,"█ OVERVIEW Range Profile Oscillator is a momentum oscillator that analyzes the position of price relative to a dynamic price range profile (Range Profile). Within a defined historical window the script builds a profile of price activity, locates its point of highest activity concentration and the boundaries of the overbought and oversold zones, then measures how far the current price has moved away from this equilibrium area. Unlike traditional oscillators, the reference levels are neither fixed"
https://www.tradingview.com/script/85y5igFW-Ultimate-ICT-Indicator-Setup/,Ultimate ICT Indicator Setup,85y5igFW-Ultimate-ICT-Indicator-Setup,PUB;ee6c15a3ba9143cea968f8fca52d262f,joelmclean,indicator,2,1,1,0,0,2026-07-25T11:30:17+00:00,9,The only ICT indicator set up you will need. NQ1! ES1! 
https://www.tradingview.com/script/qEwoveSi-GOD-MODE-Quad-Consensus/,GOD MODE - Quad Consensus,qEwoveSi-GOD-MODE-Quad-Consensus,PUB;584ade9ddf0d49529a5ade7376d01f60,raptoralgo,indicator,2,1,0,0,0,2026-07-25T11:24:41+00:00,9,                                                                     ⚡ GOD MODE v0.9.1 — QUAD CONSENSUS TRADING SYSTEM ⚡                                                                                    A sophisticated multi-system consensus indicator that combines       four independent trading algorithms to generate high-probability     trading signals with built-in risk management.                        🧩 SYSTEMS INCLUDED  🧠 AtroNox AI • Bollinger Band breakout system • Trend detection • Mu
https://www.tradingview.com/script/7IDLYpCB-Split-Volume-Signals/,Split Volume + Signals,7IDLYpCB-Split-Volume-Signals,PUB;ead95a5c71ed4aea96898803c33ac2ef,mnmabroukw36ix,indicator,1,1,0,0,0,2026-07-25T11:10:18+00:00,10,"Split Volume Indicator 🔍📊  This tool helps you see who is really in control. 👀  Not just volume. But split volume. 🟢🔴  Green shows estimated buying pressure. 🟢 Red shows estimated selling pressure. 🔴  So instead of one plain volume bar, you can see the fight inside the candle. ⚔️  How it works ⚙️  Each volume bar is split into 2 parts:  Buy volume 🟢 Sell volume 🔴  The split is estimated from the candle structure. If price closes near the high, buying pressure is stronger. 📈 If price closes near "
https://www.tradingview.com/script/lOADMUiu-New-York-First-4H-Range-Only/,New York First 4H Range Only,lOADMUiu-New-York-First-4H-Range-Only,PUB;4474086952a84cccb635a420c1b329bd,pumphob,indicator,1,1,3,0,0,2026-07-25T11:08:27+00:00,10,This indicator displays the high and low range of the first 4-hour New York trading session.  It is designed to help traders identify key intraday support and resistance levels.  The indicator is intended for educational and analytical purposes only.
https://www.tradingview.com/script/kl2C6IvY-Nexus-Intraday-Ultimate-Dashboard-Public/,Nexus Intraday Ultimate Dashboard (Public),kl2C6IvY-Nexus-Intraday-Ultimate-Dashboard-Public,PUB;3c3ba1a611d0401eb5ae2d863fc561a6,SRSINDIA,indicator,3,1,0,0,0,2026-07-25T11:04:45+00:00,10,"Overview  The Nexus Reclaim System is a proprietary intraday trading suite designed to capitalize on liquidity traps and failed breakouts around highly sensitive daily price levels. Instead of relying on lagging indicators, this system is built entirely around ""The Nexus""—a critical, user-defined pivot zone where institutional order flow and retail traps typically collide.  Designed for precision intraday trading, the system automatically detects when price structurally reclaims this level, plot"
https://www.tradingview.com/script/vlcTH1Tp-SnapBack-Liquidity-Sweep-Reversal-by-Triggon/,SnapBack  Liquidity Sweep Reversal by Triggon,vlcTH1Tp-SnapBack-Liquidity-Sweep-Reversal-by-Triggon,PUB;cb3ff20e4efe46149e6dc67b92685462,Triggon_,strategy,2,1,3,0,0,2026-07-25T11:04:12+00:00,10,"# SnapBack — Liquidity Sweep Reversal (v1)  ## Concept  Price frequently pushes beyond a recent swing high or swing low just far enough to trigger resting stop orders and pull in late breakout participants, before failing to hold and reversing back into the prior range. This behavior is commonly described as a liquidity sweep, and it reflects a short-term imbalance between aggressive order flow chasing a new extreme and the market's actual ability to sustain a new directional leg.  SnapBack is b"
https://www.tradingview.com/script/X82EXJwh-Trend-Breakout-Entries/,Trend Breakout Entries,X82EXJwh-Trend-Breakout-Entries,PUB;8ec02ff640d5440a9160ff144584db48,Michael_Fx_Trader,indicator,1,1,2,0,0,2026-07-25T10:58:53+00:00,10,"TREND BREAKOUT ENTRIES www.tradingview.com  OVERVIEW  Trend Breakout Entries draws the trendlines that matter across your chart, on both sides at once, and signals only when price breaks one of them with real force rather than a marginal poke.  It connects recent swing highs into falling resistance lines and recent swing lows into rising support lines, keeps several of each live at the same time, and watches every one of them. When price closes decisively beyond a resistance line, and that break"
https://www.tradingview.com/script/6oGnXvji/,BoSalim Trading Sessions,6oGnXvji,PUB;382ecef645e64529989144062e4d3b96,sa6861sa,indicator,2,1,65,0,0,2026-07-25T10:53:18+00:00,10,مؤشر BoSalim Trading Sessions هو أداة متكاملة لمتابعي تداول الجلسات والبيانات اليومية، تم تصميمه لتسهيل قراءة الرسم البياني وتحديد أهم المستويات السعرية والأوقات التي يتحرك فيها السوق.
https://www.tradingview.com/script/gO2QhS0O-Ton-US-RRG-Heatmap/,[Ton] US RRG Heatmap,gO2QhS0O-Ton-US-RRG-Heatmap,PUB;e59a892e0e344c409aa21573b321d49a,MeesatiTrade,indicator,2,2,0,0,0,2026-07-25T10:41:04+00:00,10, US RRG Heatmap    Overview เครื่องมือสำหรับสแกน Sector Rotation ในตลาดหุ้นอเมริกา โดยทำหน้าที่เปรียบเทียบความแข็งแกร่งและโมเมนตัม ของ 25 กลุ่มอุตสาหกรรมหลักเทียบกับตลาดรวม (SPY)  เพื่อหาว่ากระแสเงินกำลังไหลเข้าหรือออกจากจุดไหนของตลาดแบบเรียลไทม์  .    RRG Framework  ตารางใช้การประมวลผลค่าความแข็งแกร่ง (RS-Ratio) และ ความเร็วของเทรนด์ (RS-Momentum) ออกมาเป็น 4 สี   ++  สีเขียว (Leading): RS-Ratio > 100 และ RS-Momentum > 100 (เงินไหลเข้าชัดเจนที่สุด) +- สีส้ม (Weakening): RS-Ratio > 100 แต่ RS-Mo
https://www.tradingview.com/script/n7JkSWQX-Ultimate-Trading-Marker-Date-Time-Bull-Bear/,Ultimate Trading Marker - Date Time Bull Bear,n7JkSWQX-Ultimate-Trading-Marker-Date-Time-Bull-Bear,PUB;12cefa9035bd4603a39a5383eab8f153,Kaeya,indicator,3,1,1,0,0,2026-07-25T10:21:45+00:00,10,"Marks any recurring time you choose on any timeframe, then quantifies — with sample sizes, expectancy, excursion stats, and significance testing — how price has historically behaved at that exact time, so you can judge whether a time-of-day pattern is a real tendency or just noise.   # Ultimate Trading Markers - Date Time Bull Bear — Complete Settings Guide  Core function: time-based chart markers. You pick a recurring schedule — every N minutes, every N hours, daily, weekly, or monthly at a spe"
https://www.tradingview.com/script/mgj8p5wZ-Fibonacci-Level-Trades/,Fibonacci Level Trades,mgj8p5wZ-Fibonacci-Level-Trades,PUB;9823e9f30712461887affe9429577a54,Michael_Fx_Trader,indicator,1,1,7,0,0,2026-07-25T10:21:07+00:00,10,"FIBONACCI LEVEL TRADES www.tradingview.com  OVERVIEW  Fibonacci Level Trades draws the Fibonacci retracement and extension of the current swing automatically, watches how price reacts at those levels, and marks a buy or a sell only when that reaction is confirmed by trend, momentum and candle rejection together.  The difference between this and a plain Fibonacci tool is the word confirmed. A manual Fibonacci gives you the levels and leaves the rest to you. A basic auto-Fibonacci fires on every t"
https://www.tradingview.com/script/qyMegEWT-Custom-DVO-ATR-Adjusted-Varadi-Oscillator/,Custom DVO (ATR-Adjusted Varadi Oscillator),qyMegEWT-Custom-DVO-ATR-Adjusted-Varadi-Oscillator,PUB;2257fba720744218bbbf88899a122a8a,thetrading,indicator,1,1,1,0,0,2026-07-25T10:20:38+00:00,10,"Custom DVO is a volatility-adjusted mean reversion oscillator. It measures how far price has stretched from its daily median relative to current ATR, then ranks that stretch against its own recent history to produce a 0-100 reading. Unlike RSI or the original David Varadi Oscillator, extremes are calibrated to the stock's current volatility regime, so a pullback only registers as oversold when it's genuinely large relative to how much the stock has been moving lately, not just relative to price."
https://www.tradingview.com/script/1dm2qXfA-SMC-OrderFlow-FVG/,SMC OrderFlow FVG,1dm2qXfA-SMC-OrderFlow-FVG,PUB;34169db732a144919f4075f49f00d8fa,Michael_Fx_Trader,indicator,1,1,5,0,0,2026-07-25T10:02:52+00:00,10,"SMC ORDERFLOW FVG www.tradingview.com  OVERVIEW  A fair value gap is a three-candle imbalance. The middle candle moves so hard that the first and third candles do not overlap, leaving a slice of price that never traded efficiently. Traders watch those gaps because price often returns to fill them.  SMC OrderFlow FVG does three things that a plain gap tool does not. It finds gaps on three timeframes at once, so you can see whether a level is short-term noise or higher-timeframe structure. It scor"
https://www.tradingview.com/script/GVQ9tWmN-PO3-LOGIC-TOMFX/,PO3 LOGIC TOMFX,GVQ9tWmN-PO3-LOGIC-TOMFX,PUB;f0cd907df44e4c658269973cfa01ab54,Tomfx_Bazeer,indicator,1,1,17,0,0,2026-07-25T09:54:02+00:00,10,# PO3 (Power of Three) Indicator  **PO3 (Power of Three)** is a Smart Money Concept (SMC) based indicator designed to help traders identify high-probability market opportunities using the **Accumulation → Manipulation → Distribution** cycle.  This indicator helps visualize potential institutional price movements and makes it easier to understand where liquidity is being collected before the market makes its intended move.  ### Features  * ✅ PO3 (Power of Three) market structure detection * ✅ Acc
https://www.tradingview.com/script/clLkE03b-HPX-Relative-RSI/,HPX Relative RSI,clLkE03b-HPX-Relative-RSI,PUB;ef1208af2a1346f1b9bf61831b44c544,uthen_ritsongsak,indicator,1,2,0,0,0,2026-07-25T09:51:40+00:00,10,"HPX Relative RSI v2.0  HPX Relative RSI is a Relative Momentum indicator that compares the RSI of the current chart with the RSI of a user-selected reference symbol.  Instead of relying only on traditional RSI overbought/oversold levels, HPX Relative RSI focuses on identifying whether an asset is becoming stronger or weaker relative to a benchmark.  The reference symbol can be any TradingView instrument, making the indicator suitable for multiple markets, including:  Cryptocurrency Stocks Indice"
https://www.tradingview.com/script/C5UMcZng/,Mochipoyo MTF Currency Pair Scanner,C5UMcZng,PUB;846857969cc7453f8e9ca8b1436b996c,mochipoyo_fxtrader,indicator,3,1,4,0,0,2026-07-25T09:40:23+00:00,10,"Mochipoyo MTF Currency Pair Scanner    Overview   Mochipoyo MTF Currency Pair Scanner is a discretionary market-analysis dashboard designed to reduce the time required to review multiple currency pairs and timeframes.  The indicator combines four analytical components in a single chart interface:     Persistent trend assessment using EMA 20, EMA 30, and EMA 40  RCI 9 reversal timing from configurable overbought and oversold zones  Pivot-confirmed regular and hidden MACD divergence  Relative curr"
https://www.tradingview.com/script/LaNwsi2R-Adaptive-Trend-Consensus/,Adaptive Trend Consensus,LaNwsi2R-Adaptive-Trend-Consensus,PUB;ea91208328eb4348996d0226fc8586e9,KironKavanagh,indicator,1,1,2,0,0,2026-07-25T09:20:41+00:00,10,"Adaptive Trend Consensus (ATC) Why this exists  Nearly every trend tool has the same failure mode: it is excellent while a market trends and it bleeds out while a market chops. The usual response is to stack more trend indicators on top of each other — three moving averages, a Supertrend and a MACD. That does not help, because those tools are all measuring the same thing. When one is wrong they are usually all wrong together. Stacking correlated indicators increases confidence without increasing"
https://www.tradingview.com/script/tS6ozxqA-Earnings-Acceleration-Detector-Explosive-Ratio/,Earnings Acceleration Detector Explosive Ratio,tS6ozxqA-Earnings-Acceleration-Detector-Explosive-Ratio,PUB;ccba8e63682d4894a1b82ac31d621a0b,bilalahmaducc,indicator,3,1,0,0,0,2026-07-25T09:12:49+00:00,10,"Explosive Ratio — Earnings Acceleration Signal   This indicator screens for stocks where net income is growing faster than operating profit — a pattern that often precedes strong price moves. It works on any stock with quarterly financial data on TradingView.   The concept   Explosive Ratio = Net Income growth % ÷ EBIT growth %  When this ratio exceeds 1.5x while EBIT growth itself is ≥ 20%, profits are compounding faster at the bottom line than at the operating line — margin expansion, falling "
https://www.tradingview.com/script/HmMDG0mr-Chess/,Chess,HmMDG0mr-Chess,PUB;329c24cf187a486e930b41e6252bda81,SimpleCryptoLife,indicator,1,1,9,0,0,2026-07-25T09:07:42+00:00,10,"Play real, full games of  Chess   against the computer , live on your chart. The first playable chess on TradingView.  🟩  HIGHLIGHTS    ⭐ Genuine independent gameplay - infinite different games possible.  ⭐ The computer ranked over 1200 at Blitz across 100+ rated games on a popular online chess website.  ⭐ Optional trash talk from the computer.  ⭐ Play as White or Black, with the board flipped so your pieces sit at the bottom.  ⭐ The computer thinks and responds fast.  ⭐ Only legal moves are all"
https://www.tradingview.com/script/ay5yUe8j-Public-Library-ChessTalk/,Public_Library_ChessTalk,ay5yUe8j-Public-Library-ChessTalk,PUB;ff03c84a9c4343ffae74759b6557b127,SimpleCryptoLife,library,1,1,2,0,0,2026-07-25T09:06:01+00:00,10,"This is where the  Chess  script keeps its trash talk. The library stores every line the computer can say, and decides when it speaks and which line it picks. It imports nothing, knows nothing about chess, and never calls `math.random()`.  There are eight kinds of occasion: the computer won material, it lost material, it promoted, it's still in its opening book, the game just started, it wins, it loses, or the game ends in a draw. Each occasion fires at its own rate, so the computer needles you "
https://www.tradingview.com/script/MJyvyn8y-Public-Library-ChessBook/,Public_Library_ChessBook,MJyvyn8y-Public-Library-ChessBook,PUB;a33250ea39be4083992e8eee7fe46236,SimpleCryptoLife,library,1,1,0,0,0,2026-07-25T09:04:37+00:00,10,"This library holds the opening book for the  Chess  script. It lives apart from the brain (ChessAI) so the openings can grow without republishing the logic. It imports nothing and contains no logic of its own beyond building the map.  Each entry pairs the moves played so far (both sides' moves, lowercase, one space between) with our reply, written the same way - so the key ""e2e4 e7e5"" answers with ""g1f3"". Some entries offer several replies separated by ""|"", and the consumer picks between them wi"
https://www.tradingview.com/script/woFs5kzQ-InvestoFunda-Score-Fundamental-Scoring-Indicator/,InvestoFunda Score Fundamental Scoring Indicator,woFs5kzQ-InvestoFunda-Score-Fundamental-Scoring-Indicator,PUB;36d6c3e97f4843c597e127bd5bf0b71d,bilalahmaducc,indicator,3,1,0,0,0,2026-07-25T09:04:06+00:00,11,"This indicator gives any company a fundamental health score out of 100, computed entirely from TradingView's financial data. It works on any stock with available financials — no external data needed.   How it works    32 fundamental ratios are evaluated across 5 categories, each weighted equally:   Growth  — Net Profit, Operating Profit and Revenue YoY growth, EPS trend  Stability  — margins, current ratio, debt/equity, interest coverage, ROE, cash flow quality ( CCFO vs CPAT), and more  Valua t"
https://www.tradingview.com/script/lP1CQ5YP-Market-Structure-Pro/,Market Structure Pro,lP1CQ5YP-Market-Structure-Pro,PUB;e59dc0bcf1ca4234afd6406dcd1e3b9f,TonyANT,indicator,1,1,5,0,0,2026-07-25T09:03:27+00:00,11,"Market Structure Pro — Multi-Timeframe Structure + ATR Trailing Stop.  A precision market-structure tool that goes beyond a simple pivot indicator by combining SMC-style swing detection, multi-timeframe CHoCH/BOS tracking, and a school-standard ATR trailing stop — all adapted automatically to the chart timeframe.  How it works: The indicator scans pivot highs and lows using an SMC-calibrated Length (automatically picked for the current timeframe or set manually). Each broken pivot is classified "
https://www.tradingview.com/script/GoLJedFv-Public-Library-ChessAI/,Public_Library_ChessAI,GoLJedFv-Public-Library-ChessAI,PUB;db4bfb67e861440fa3731b6db7b8c57c,SimpleCryptoLife,library,1,1,0,0,0,2026-07-25T09:03:07+00:00,11,"This library is the brain of the  Chess  script: a small chess opponent built on the ChessCore rules engine.  It is not a search engine. It is a  ladder  of ten rules that looks at one position, tries the rules in order, and plays the first that fires:  1. Mate in one 2. Opening book 3. Avoid checkmate 4. Defence 5. Win material 6. Safe check 7. Exchange when ahead 8. Endgame 9. Develop 10. Any other safe move   🟩  THE FORESEE   Before the ladder runs, a foresee stage takes every legal move and "
https://www.tradingview.com/script/ZrpIHkeC-Public-Library-ChessCore/,Public_Library_ChessCore,ZrpIHkeC-Public-Library-ChessCore,PUB;c0e876b75d98447ebec1daafb8b13923,SimpleCryptoLife,library,1,1,1,0,0,2026-07-25T09:01:22+00:00,11,"The rules of chess as a reusable Pine engine. It doesn't display anything or think of any moves. It just defines what is legal. This is the foundation library of the  Chess  script, and it's built so that any Pine project needing real chess - a different engine, a puzzle board, a game replayer - can build on it without rewriting the rules.   🟩  WHAT IT DOES      Keeps the whole position in one object: the board, whose turn it is, castling rights, the en-passant target, the move clocks, and a cac"
https://www.tradingview.com/script/TePoL0i2/,ATK/DEF High Low Flow Engine ,TePoL0i2,PUB;35834dde0cf04e4e9901d3d6f8c1e660,ATTDEFS,indicator,1,1,2,0,0,2026-07-25T08:40:05+00:00,11,"ATK/DEF High Low Flow Engine is a market structure analysis tool designed to evaluate the effectives of swing highs and swing lows through the combination of price structure, volume activity, and flow behavior.  Unlike traditional swing high and swing low tools that only display historical turning points, this indicator focuses on analyzing the internal behavior behind each structural high and low area.  The objective is not simply to locate previous price extremes, but to evaluate the quality a"
https://www.tradingview.com/script/4zthQSVP-Ocean-Current-STH-NUPL-DeV/,Ocean Current / STH-NUPL | [DeV],4zthQSVP-Ocean-Current-STH-NUPL-DeV,PUB;3c161b52901847f7afac510fd3d68e5f,bigfishcrypto,indicator,1,1,2,0,0,2026-07-25T08:37:58+00:00,11,Credit to ©DeVrizii by BFC  Price ration EMA SMA  Divergence Hunter
https://www.tradingview.com/script/SjhDT1lQ-ATR-Stop-Loss-indicator/,ATR Stop Loss % indicator,SjhDT1lQ-ATR-Stop-Loss-indicator,PUB;a879f458a2e64079b45107de642f27d5,nicks_kim,indicator,1,1,0,0,0,2026-07-25T08:23:32+00:00,11,"**ATR Stop Loss % Indicator — Volatility-Based Stop Loss Sizing**  This indicator calculates a suggested stop loss distance as a percentage of current price, based on Average True Range (ATR). It's designed to help traders size stops that adapt to current volatility rather than using a fixed percentage.  **How it works** - ATR is calculated over a user-defined lookback period (default: **14**) - The ATR value is multiplied by a user-defined **multiplier (N)** to set the stop distance in price te"
https://www.tradingview.com/script/GyfdR2Yo-Meridian-Master-Engine/,Meridian Master Engine,GyfdR2Yo-Meridian-Master-Engine,PUB;d0c769d3bdd74c7eb4c5188f866c1601,Market_Logic_India,indicator,3,1,2,0,0,2026-07-25T08:22:18+00:00,11,"MERIDIAN MASTER ENGINE — Divergence × Momentum × Pressure × Trend × Volatility × Value, Forward-Calibrated   ═══════════════════════════════════════════════════════════════════════════   WHAT IT IS   The Meridian engines each answer ONE question — reversal, continuation, order-flow pressure, trend/structure, volatility regime, value/location. This is the MASTER layer that combines them and, crucially, MEASURES whether combining them actually beats using one engine alone on YOUR chart.   It consu"
https://www.tradingview.com/script/5L8tvDMZ/,MT5 Webhook Alert Template  JSON alerts for any bridge,5L8tvDMZ,PUB;07b6e8c3b7e847da8964639046eabe0d,SignalForge-Ai,indicator,1,1,0,0,0,2026-07-25T08:21:36+00:00,11," A ready-to-use alert template that fires webhook-compatible JSON messages on      EMA-cross + RSI-filtered signals. Built to send TradingView alerts straight to      MetaTrader 5 through any webhook bridge.       HOW TO USE (2 minutes):      1. Add the indicator to your chart.      2. Create an alert (Alt+A) on this indicator, condition ""Any alert() function         call"", and paste your bridge's webhook URL into the Webhook URL field.      3. Done — the alert message is already valid JSON, don"
https://www.tradingview.com/script/YO7Q0x9M-Constance-Brown-RSI-Reverse-Engineered-S-R/,Constance Brown - RSI Reverse Engineered S/R,YO7Q0x9M-Constance-Brown-RSI-Reverse-Engineered-S-R,PUB;b51293c36fe944b396132f84d296402d,tidy_mike,indicator,1,1,0,0,0,2026-07-25T08:14:20+00:00,11,"**Constance Brown – RSI Reverse Engineered Support & Resistance**  The **Constance Brown – RSI Reverse Engineered Support & Resistance** indicator transforms the traditional RSI from a lagging momentum oscillator into a forward-looking price projection tool. Instead of calculating the RSI from price, it mathematically reverses Wilder's RSI formula to determine the exact price required for the market to reach specific RSI levels such as 30, 50, 70, 80, and 90. This implementation uses an efficien"
https://www.tradingview.com/script/tTaYboci-zeeTFX-Pro-Key-Levels/,zeeTFX Pro Key Levels,tTaYboci-zeeTFX-Pro-Key-Levels,PUB;beb3ebde8b3c462ebec2f793dcb8663c,zeeTAJONline,indicator,1,1,0,0,0,2026-07-25T07:59:59+00:00,11,"Key Levels you always need to watch, most important of them are the closing prices on daily, weekly, monthly or session breaks. "
https://www.tradingview.com/script/QbWGkTqA-TY-s-MA-disparity-for-mean-reversion-strategy/,TY's MA disparity for mean reversion strategy,QbWGkTqA-TY-s-MA-disparity-for-mean-reversion-strategy,PUB;7a2a8fc7d4fc45df822690cbc74e666e,nicks_kim,indicator,1,1,0,0,0,2026-07-25T07:57:59+00:00,11,"MA Disparity (SMA/EMA) — Overbought/Oversold Zone Indicator  This indicator plots the percentage disparity between the closing price and a selected moving average, helping identify overbought and oversold conditions relative to a long-term trend.  How it works  Choose between SMA or EMA as the base moving average (default: 200-period SMA) Disparity is calculated as: (Close − MA) / MA × 100 The disparity line is color-coded — red when price is above the MA, blue when below A center line (0%) mark"
https://www.tradingview.com/script/geYh0nBA-lavka-mvs-fvg-fva-v2/,[LavKa] MVS FVG+FVA v2,geYh0nBA-lavka-mvs-fvg-fva-v2,PUB;4f8ad9c3cdc44f12aae2ec7562dad683,LaVKAa,indicator,3,1,0,0,0,2026-07-25T07:56:39+00:00,11," MVS FVG+FVA Overlapping Hi/Lo A Multi-Timeframe Map of Fair Value Gaps and Their Overlapping Swing Levels  LavKa MVS FVG+FVA combines multi-timeframe Fair Value Gap detection with a structured method for identifying the swing level connected to each imbalance.  The indicator is designed to show not only where an FVG exists, but also which previously unspent swing high or swing low overlaps that gap. This relationship is displayed as a dotted FVA line extending from the original swing level towa"
https://www.tradingview.com/script/5MLAFh9J-zeeTFX-HTF-Candles-HTF-Bar-Highlight-TBR/,zeeTFX HTF Candles + HTF Bar Highlight + TBR,5MLAFh9J-zeeTFX-HTF-Candles-HTF-Bar-Highlight-TBR,PUB;c844691d2464455b8a86426512c7ed51,zeeTAJONline,indicator,2,1,0,0,0,2026-07-25T07:51:09+00:00,11,Two different ways to look into high time frame candles while you are on a lower time frame chart. + TBR. 
https://www.tradingview.com/script/U9mlO2zu-zeeTFX-HTF-MAs-on-LTF-MA-Cloud-Horizontals-MAs/,zeeTFX HTF MAs on LTF + MA Cloud + Horizontals MAs,U9mlO2zu-zeeTFX-HTF-MAs-on-LTF-MA-Cloud-Horizontals-MAs,PUB;627a0daaa4d64d608916c623c3762802,zeeTAJONline,indicator,2,1,0,0,0,2026-07-25T07:38:13+00:00,11,"High Time Frame moving averages on current or lower time frame chart, Customizable MA Cloud of your choice. Up to 7 all type of moving averages. "
https://www.tradingview.com/script/MuHNPaeH-MRTGLE-Auction-Framework/,MRTGLE Auction Framework,MuHNPaeH-MRTGLE-Auction-Framework,PUB;a5bc5726100645f5812812e590b92689,WaldorfTradingLLC,indicator,3,1,0,0,0,2026-07-25T07:35:48+00:00,11,"MRTGLE · Auction Framework — Session Boxes + 9-Setup Probability Engine   www.skool.com   What it does  This indicator implements a session-based day-classification framework for Nasdaq-100 futures (NQ/MNQ). It automatically draws and grades the three sessions of each trading day, classifies how the New York session resolved, and maintains a rolling statistical record of recent completed trading days — displayed in a live panel so the current day's context is visible before the New York open. Op"
https://www.tradingview.com/script/gCzTD0Tm-NY-Lunch-Sweep-NQ-ES-By-Ash-TheTrader/,NY Lunch Sweep [NQ ES] | By Ash_TheTrader,gCzTD0Tm-NY-Lunch-Sweep-NQ-ES-By-Ash-TheTrader,PUB;98029a8ae679405fbc390372b8291f15,Ash_TheTrader,indicator,2,1,3,0,0,2026-07-25T07:27:14+00:00,11,"Ash_TheTrader | NY Lunch Sweep     THE 12:00 PM NEW YORK LIQUIDITY TRAP    Liquidity builds. The Lunch Low gets swept. A bullish iFVG confirms. The complete trade plan appears.   Most traders chase the move. This indicator waits for the setup.   SETUP FLOW    Lunch Range → Low Sweep → Bullish Rejection → iFVG → Long Entry → 1R / TP1 / TP2    KEY FEATURES   • Automatically builds the 12:00–1:00 PM New York Lunch Range • Marks Lunch High, Lunch Low, and 50% midpoint • Automatically handles New Yor"
https://www.tradingview.com/script/D9uRqp8b-TLCS-Standard-Pivots/,TLCS Standard Pivots,D9uRqp8b-TLCS-Standard-Pivots,PUB;99f958bfd0ca471a88fdb668c315ca38,TheLionCapital,indicator,2,1,1,0,0,2026-07-25T06:59:19+00:00,11,"Welcome to  TLCS Standard Pivots , your ultimate all-in-one institutional levels indicator designed to declutter your charts while providing you with high-probability reaction zones used by professional traders. The Indicator is inspired by the  'Secrets of a Pivot Boss'  Book written by Mr. Frankin O. Ochoa.  Trading without knowing where the true support and resistance levels lie is like driving blindfolded. This indicator automatically calculates and plots the most critical daily, weekly, mon"
https://www.tradingview.com/script/YJD8CIZg-MG-Trend-Algo-v1/,MG Trend Algo v1,YJD8CIZg-MG-Trend-Algo-v1,PUB;a057cd07071b4d3a9c34ed8c69867c12,MGTrendAlgo,indicator,3,1,0,0,0,2026-07-25T06:56:34+00:00,11,"**What it is**  MG Trend Algo is a discretionary-assist trend engine for intraday futures and index markets. It defines the active trend regime with a smoothed **Range Filter**, then uses a two-step ""arm-then-confirm"" entry model, a structure-and-ATR trailing stop, and a volume-weighted key-level map. It is a decision-support indicator, not automated financial advice.  **How the trend regime is calculated**  The core is a Range Filter, not a moving average. Each bar it measures the average absol"
https://www.tradingview.com/script/vKSMqhTI-HYPEUSDT-P-Order-Flow-Momentum-Distribution-Fade-V1-1/,HYPEUSDT.P Order Flow Momentum & Distribution Fade V1.1,vKSMqhTI-HYPEUSDT-P-Order-Flow-Momentum-Distribution-Fade-V1-1,PUB;3f195de28b9c4ac3af4f577d4331163d,AryantoH,strategy,3,1,0,0,0,2026-07-25T06:24:06+00:00,11,"Overview  This strategy is designed specifically for HYPEUSDT Perpetual Futures (Binance) on the 1-hour timeframe.  The script combines multiple market conditions—including trend strength, momentum, volume participation, and order flow behavior—to identify potential long and short trading opportunities.  The implementation was developed from historical quantitative analysis rather than discretionary chart interpretation.  Strategy Logic  The strategy evaluates several independent conditions befo"
https://www.tradingview.com/script/yyIEFbfb-HLC-ROHAN/,HLC ROHAN,yyIEFbfb-HLC-ROHAN,PUB;c88f181161f54875a373570741327560,jayinstrument,indicator,1,1,0,0,0,2026-07-25T06:23:30+00:00,11,"For Buy Sell With Our System Also With Ema,Super Tend And Many More Thing"
https://www.tradingview.com/script/YVwczMHm-ATR-Multiple-from-50-MA/,ATR% Multiple from 50-MA,YVwczMHm-ATR-Multiple-from-50-MA,PUB;ec6c754e798841b8890e31ff4c8679ba,GregIX,indicator,1,1,1,0,0,2026-07-25T06:07:52+00:00,11,ATR% Multiple from 50-MA  Credit to @jfsrev   Just have added some extra features.
https://www.tradingview.com/script/YiXrcr3u-ICT-HTF-Candles-IB-TM/,ICT HTF Candles + IB TM,YiXrcr3u-ICT-HTF-Candles-IB-TM,PUB;3b092629013c46bcabd6c303104228f7,batzaya13,indicator,1,1,2,0,0,2026-07-25T06:01:17+00:00,11,"//@version=6 indicator('ICT HTF Candles + IB', overlay = true, max_boxes_count = 500, max_lines_count = 500, max_labels_count = 500, max_bars_back = 5000)  type Candle     float o     float c     float h     float l     int o_time     int o_idx     int c_idx     int h_idx     int l_idx     string dow     box body     line wick_up     line wick_down     label dow_label     bool is_ib     float ib_mother_h     float ib_mother_l  type Trace     line o     line c     line h     line l     label o_l "
https://www.tradingview.com/script/8ukekttI-ICT-HTF-Candles-IB/,ICT HTF Candles + IB,8ukekttI-ICT-HTF-Candles-IB,PUB;5e33244b457f407d9405d75ca34449f6,batzaya13,indicator,1,1,1,0,0,2026-07-25T05:59:43+00:00,11,"//@version=6 indicator('ICT HTF Candles + IB', overlay = true, max_boxes_count = 500, max_lines_count = 500, max_labels_count = 500, max_bars_back = 5000)  type Candle     float o     float c     float h     float l     int o_time     int o_idx     int c_idx     int h_idx     int l_idx     string dow     box body     line wick_up     line wick_down     label dow_label     bool is_ib     float ib_mother_h     float ib_mother_l  type Trace     line o     line c     line h     line l     label o_l "
https://www.tradingview.com/script/winbNHFx-Gutale-Lot-Size-Calculator/,Gutale Lot Size Calculator,winbNHFx-Gutale-Lot-Size-Calculator,PUB;80f1638aab214130814e9e597ec08d88,ApdifitahGutale,indicator,2,1,0,0,1,2026-07-25T05:46:18+00:00,12,"🧮 Gutale Lot Size Calculator The Gutale Lot Size Calculator is a clean, modern, and light-weight risk management tool designed for traders who want to maintain strict discipline in their position sizing.  Instead of manually calculating lot sizes on an external calculator or second monitor, this indicator automatically computes your exact lot size directly on your chart in real-time.  ✨ Key Features ⚡ Real-Time Lot Sizing: Instantly calculates the precise standard lot size based on your current "
https://www.tradingview.com/script/Um1oCDzj-IMAN-Asia-London-Newyork-Session/,"IMAN Asia, London, Newyork Session",Um1oCDzj-IMAN-Asia-London-Newyork-Session,PUB;4654939e61ba46ec92d1bfa2654388bb,Kazzy00,indicator,2,1,1,0,0,2026-07-25T05:45:25+00:00,12,"Here's a description for IMAN Asia, London, Newyork Session:  IMAN Asia, London, Newyork Session  This indicator marks the Asia, London, and New York trading sessions directly on your chart and tracks how price behaves at each session's high and low afterward — built for traders who watch session-based support/resistance and retests.  How it works Each session is shaded with its own colored box while it's active, and once it closes, two lines are drawn marking that session's high and low, starti"
https://www.tradingview.com/script/PPoz5lrV-NoWickTrading-Smart-Market-Structure-S-D-Sessions/,"NoWickTrading: Smart Market Structure, S/D & Sessions ",PPoz5lrV-NoWickTrading-Smart-Market-Structure-S-D-Sessions,PUB;63d3470685d9405e847fae70dbae03c4,safwanfaaza,indicator,2,1,7,0,0,2026-07-25T05:34:09+00:00,12,"Elevate your chart reading and streamline your daily analysis with the NoWickTrading Free Market Structure Indicator.   This comprehensive suite is designed for price action traders who need clean, automated, and accurate visual mapping of market structure, session timings, and key supply/demand zones. Instead of cluttering your chart with manual drawings, this tool dynamically tracks the flow of price and alerts you to potential setups in real-time.   Key Features Included:     Automated Supply"
https://www.tradingview.com/script/8InleR4Z-15-Minute-BTC-Kalshi-Script-With-Singals/,15 Minute BTC Kalshi Script With Singals,8InleR4Z-15-Minute-BTC-Kalshi-Script-With-Singals,PUB;27061a0b3d614aec81bf776826ba82af,BetWithChill,indicator,3,1,0,0,0,2026-07-25T05:15:33+00:00,12,This script is designed to help you on Kalshi 15 Minute BTC predictions.  This is not a promise to win money.  This tool can help you see trends by calculating RSI and Momentum as well as identifing top ceiling and low to help you make the best educated guess.  
https://www.tradingview.com/script/eaShpULO-Angaragan-Master-Execution-Engine-v11-0/,Angaragan Master Execution Engine v11.0,eaShpULO-Angaragan-Master-Execution-Engine-v11-0,PUB;cff8045f0371410496874a2e14d69fae,usnisa,indicator,2,1,2,0,0,2026-07-25T05:13:18+00:00,12,"The Angaragan Master Execution Engine is an institutional-grade, multi-anchor quantitative trading architecture built in Pine Script v6. It synthesizes volume-weighted average price (VWAP) dynamics, volatility corridors, dynamic Renko state machines, and exponential moving averages into a single unified execution system.  The engine features a real-time AI Dynamic Decision Matrix that tracks synchronized anchor turns, evaluates session maturity/extremes, and provides automated, step-by-step targ"
https://www.tradingview.com/script/JsQiMNDr-Breakout-Middle-Man-Consolidation-Pattern-by-Algobliss-in/,Breakout - Middle Man Consolidation Pattern by @Algobliss.in,JsQiMNDr-Breakout-Middle-Man-Consolidation-Pattern-by-Algobliss-in,PUB;e4e6ab3afcc343299e6e00506e6fc3da,SrinivasTangella,indicator,2,1,3,0,0,2026-07-25T05:09:06+00:00,12,WHAT IT DOES  This tool finds a simple three-candle shape on your chart and draws a box around it. Left Candle - Middle Candle - Right Candle Left and Right candle fits inside the Middle candle range   The shape is easy to describe. One candle is bigger than the candle before it and the candle after it — bigger at the top and bigger at the bottom. Both of its neighbours fit inside it.  You see this when the market makes a wide move and then immediately goes quiet. The big candle is the move. The
https://www.tradingview.com/script/d24uSbIk-Meridian-Value-Location-Engine/,Meridian Value & Location Engine,d24uSbIk-Meridian-Value-Location-Engine,PUB;5b309ab62ab547b8929c64c817953ef7,Market_Logic_India,indicator,3,1,2,0,0,2026-07-25T05:04:51+00:00,12,"MERIDIAN VALUE & LOCATION ENGINE — Orthogonal, Research-Grounded, Forward-Calibrated   ═══════════════════════════════════════════════════════════════════════════   WHAT IT IS   Every other tool tells you what price is doing. This one tells you WHERE it is doing it — relative to fair value and the accepted range. A market is a two-way auction (Auction Market Theory) that rotates around value, spending most of its time inside a value area and only occasionally accepting price away from it. That p"
https://www.tradingview.com/script/Q0Oz78i9-Strike-Flow-Compass/,Strike Flow Compass,Q0Oz78i9-Strike-Flow-Compass,PUB;9c952c18791f431591ccab2acbb8580c,kamal.aspire,indicator,2,1,8,0,0,2026-07-25T05:00:53+00:00,12,"Strike Flow Compass is an intraday market-structure indicator designed for NIFTY ATM options (user input). It compares the live behavior of the selected strike Call and Put to identify which side is exerting greater directional influence.  Unlike traditional indicators that derive signals only from the underlying index, Strike Flow Compass analyzes the option pair itself using:  Intraday VWAP Score – measures whether trading activity is consistently occurring above or below VWAP during the curre"
https://www.tradingview.com/script/MlEQ9OtY-RTH-Opens-9-30/,RTH Opens (9:30),MlEQ9OtY-RTH-Opens-9-30,PUB;a67d162fea2943d29be8b47edf0a1fbf,brandonrw20x,indicator,1,1,1,0,0,2026-07-25T04:50:47+00:00,12,"shows the last 20 days open price, made for 5 min chart. was acting weird on other time frames. - KB"
https://www.tradingview.com/script/YwXubDsf-Crypto-Market-Sentiment/,Crypto Market Sentiment,YwXubDsf-Crypto-Market-Sentiment,PUB;639921ae48b44a15a879c192044c903a,SatsIncome,indicator,2,1,7,0,0,2026-07-25T04:40:54+00:00,12,"This shows you Crypto market sentiment, from Extreme Fear to Extreme Greed, right on your chart.  The idea behind it is simple: when everyone in the market is greedy and buying without thinking, price is usually close to a top. When everyone is scared and selling, price is usually close to a bottom. Most traders lose money because they follow the crowd, buy when everyone else buys, panic sell when everyone else panics. This tool helps you see where the crowd actually is right now, so you can do "
https://www.tradingview.com/script/roFyyml0-Nexus-Pulse/,Nexus Pulse,roFyyml0-Nexus-Pulse,PUB;56b68679dff94ddfa857cba8295cdbac,NexusTrend,indicator,3,1,0,0,0,2026-07-25T04:19:52+00:00,12,"# Nexus Pulse — Premium Momentum, Velocity & Volume Engine  ## Executive Summary **Nexus Pulse** is a institutional-grade momentum-phase analysis system designed for professional traders. Unlike traditional momentum oscillators that merely calculate price rate-of-change, Nexus Pulse combines statistical price normalization, volume-weighting dynamics, and volatility envelopes into an integrated engine.  By analyzing the underlying health, structure, and stage of market momentum, Nexus Pulse empow"
https://www.tradingview.com/script/qsjcoq67/,CSV-only exporter,qsjcoq67,PUB;c052da2a0f114d5c97079231db58bf4d,TVcn01,indicator,3,1,0,0,0,2026-07-25T04:12:55+00:00,12,个人专用
https://www.tradingview.com/script/oQYe77op-PSRC-Markov-Regime-1D-Chart/,PSRC | Markov Regime [1D Chart],oQYe77op-PSRC-Markov-Regime-1D-Chart,PUB;8fb6cbb7239d45228f48cb9e9b8dd5a1,PlazoSullivanRocheCapital,indicator,2,1,1,0,0,2026-07-25T04:05:25+00:00,12,"1. Overview & Purpose  The PSRC Markov Regime Confidence Filter is a companion module to the PSRC Daily Bias Dashboard. It answers a question the base dashboard does not: given the current market regime, is a bias signal statistically likely to persist, or is it occurring in a regime where persistence has historically been unreliable?  The base dashboard scores bias from three structural factors — Prior Day Value Area position, liquidity sweep + absorption, and VWAP/CVD momentum — and gates zone"
https://www.tradingview.com/script/3MrknMtA/,BB_test_invite,3MrknMtA,PUB;53aa385c01114d8aa8e8b5928a1f41ab,jiwoojin4028,indicator,3,1,0,0,0,2026-07-25T04:00:07+00:00,12,볼밴_배포테스트_초대
https://www.tradingview.com/script/HTLndwYK-Skuld-Levels-MR-APP-BRT/,Skuld Levels MR APP BRT,HTLndwYK-Skuld-Levels-MR-APP-BRT,PUB;e91a0ef2ec3c476eb48f82de42b71ba8,LokisLocked,indicator,2,1,0,0,0,2026-07-25T03:43:57+00:00,12,"I did no analysis today.  No prep. No hand-marked levels. No game plan. I woke up, walked over to the MacBook, sat down, blinked, and it was over. +$4,700.  I'm only realizing as I type this that I did no analysis. That's either the dumbest thing I've ever published or it's the entire point of everything I built to get here. The screenshot is exactly what was on my screen when I hit publish, so let me walk you through it and you can decide.  I YouTube'd and Claude'd my way through the noise. Pun"
https://www.tradingview.com/script/XAh8kUpg/,Painel de Registro de Trades v5,XAh8kUpg,PUB;5f1c9a3f62524752a31b035082ceb4a0,clickpto_com3,indicator,2,1,0,0,0,2026-07-25T03:39:17+00:00,12,"### Overview The **Trade Dashboard & Performance Tracker** is an intuitive visual tool designed to help traders monitor their real-time trading operations and perform accurate historical backtesting directly on the chart.  By presenting key trade parameters in a clean, real-time updated table, this indicator eliminates guesswork and helps you evaluate your strategy's efficiency and Risk-to-Reward ratio effortlessly.  ---  ### Key Features  - **Real-Time & Backtest Trade Logging:** Tracks trade e"
https://www.tradingview.com/script/sdQv0Gwb-SMT-X-MTF/,SMT-X MTF,sdQv0Gwb-SMT-X-MTF,PUB;14e56e40bf514ac7845c3f5058ff58df,Captain_Chopin,indicator,3,1,2,0,0,2026-07-25T03:26:29+00:00,12,"**SMT-X MTF**  > Multi-timeframe SMT divergence scanner — runs SMT-X Core detection across up to 8 timeframes simultaneously on a single chart, from 1-minute up to Daily. > > SMT (Smart Money Technique) divergence occurs when two correlated instruments fail to confirm each others swing extreme. This indicator detects that condition at multiple timeframes at once, giving a ranked view of which timeframes are currently printing divergence. > > **Non-repainting:** each timeframes detection runs on "
https://www.tradingview.com/script/PDfsbNvG/,Opening Range w/1st FVG [OWI],PDfsbNvG,PUB;9ff8692b17664ee7a4c5000b29c0887a,onewayinvestment_hk,indicator,2,1,3,0,0,2026-07-25T03:17:37+00:00,12,"📘  Opening Range w/1st FVG   — User Guide     Overview   The Opening Range w/1st FVG   indicator is designed to help intraday traders identify the Opening Range (OR), track breakout conditions, and validate moves with the first Fair Value Gap (FVG). It combines structured range analysis with price inefficiency detection, offering a clear framework for trade entries, targets, and risk management.  ⚙️  Configuration Options   1. Time Zone & Session  Select between America/New_York or Asia/Hong_Kon"
https://www.tradingview.com/script/y7Pa8h2r-Earnings-Analysis/,Earnings Analysis,y7Pa8h2r-Earnings-Analysis,PUB;2d899717d07b4cbdaa692db55ac1476e,f20180822h,indicator,1,1,0,0,0,2026-07-25T03:10:58+00:00,12,Allows you to quickly see behaviour of a stock around its earnings
https://www.tradingview.com/script/GhpVZlKU-NexusTrend/,NexusTrend,GhpVZlKU-NexusTrend,PUB;b663e0a530c843f4a92c62d09e9d6d41,NexusTrend,indicator,3,1,2,0,0,2026-07-25T02:46:10+00:00,12,"NexusTrend — Market Structure and Trend Analysis ════════════════════════════════════════════════════════════════════════  NexusTrend is an integrated market analysis toolkit designed to assist traders in evaluating trend direction, structural pivot breaks, supply/demand order zones, Fair Value Gaps, and multi-timeframe market alignment within a single unified view.   ━━━ TECHNICAL OVERVIEW ━━━  1. Core Trend Engine • Baseline Calculation: Derived using a 100-period Weighted Moving Average (WMA)"
https://www.tradingview.com/script/fHW3ATJz-Elite-VSA-Volume-Bars-By-Qasmi/,Elite VSA Volume Bars (By Qasmi),fHW3ATJz-Elite-VSA-Volume-Bars-By-Qasmi,PUB;a045fa8998e64029ac4bf8be3d000e12,imranqasmi313,indicator,2,1,3,0,0,2026-07-25T02:27:48+00:00,12," # Elite VSA Volume Bars (By Qasmi)  **Elite VSA Volume Bars (By Qasmi)** is a clean and lightweight Volume Spread Analysis (VSA) volume indicator designed to help traders instantly identify the strength of market participation.  Instead of displaying all volume bars with the same color, the indicator classifies every bar into four professional volume categories based on a moving average of volume, allowing traders to quickly recognize periods of low activity, increasing participation, professio"
https://www.tradingview.com/script/IUAoO3mj/,CRT - ICT Toolkit by MJAlpha,IUAoO3mj,PUB;a4ac01c25e6045ea8e120402a98bdd1b,mayhelcuevas84,indicator,2,1,1,0,0,2026-07-25T02:26:12+00:00,12,"CRT - ICT Toolkit by MJAlpha  This script is an integrated ICT/SMC workflow tool, not a collection of separate indicators placed on the same chart. All modules share a single user-defined reference timezone and a common session-boundary detection engine, so every element (sessions, killzones, daily/weekly/monthly highs-lows, key opens, and time markers) stays aligned to the same real futures-session clock instead of relying on several indicators that often disagree on session times or calendar-d"
https://www.tradingview.com/script/tZij9XeD-Saker-Clean-OB-Liquidity-Signal-Alerts/,Saker Clean OB Liquidity Signal Alerts,tZij9XeD-Saker-Clean-OB-Liquidity-Signal-Alerts,PUB;6a272ff542184175b1ffea2602ab922b,mnabilsaker,indicator,3,2,3,0,0,2026-07-25T02:22:08+00:00,12,Saker Clean OB Liquidity Signal combines Order Block direction with aligned liquidity zones to provide clearer and more organized trading signals on the chart.  The indicator displays:  Current Order Block direction Liquidity level aligned with the active direction Early setup signal when price approaches a potential area Confirmed entry signal after confirmation conditions are met A compact dashboard showing the current market and signal status TradingView alerts for early setups and confirmed 
https://www.tradingview.com/script/vaNb7wnZ-dmanstyle-SmartTrend-GOLD/,dmanstyle - SmartTrend GOLD,vaNb7wnZ-dmanstyle-SmartTrend-GOLD,PUB;be4758dd678748629ef98085423f44ef,dman6325,indicator,2,1,4,0,0,2026-07-25T02:14:08+00:00,12,"dmanstyle – SmartTrend GOLD is a professional trend-following and trade confirmation indicator designed specifically for Gold traders who prefer clear, objective decision-making without unnecessary chart clutter.  Instead of relying on a single technical indicator, SmartTrend GOLD combines multiple market conditions into one easy-to-read trading environment, helping traders identify high-probability opportunities while avoiding weak market conditions."
https://www.tradingview.com/script/BM5Jhrny-PWH-PWL-V5/,PWH/PWL V5,BM5Jhrny-PWH-PWL-V5,PUB;cf62984f3abe4370a0207a3e8ec75f0e,MiketheBarbarian,indicator,2,1,0,0,0,2026-07-25T02:13:23+00:00,13,"This display prior week highs and lows, opening and closing levels as well as EQ"
https://www.tradingview.com/script/bgWNftfh-Meridian-Trend-Structure-Engine/,Meridian Trend & Structure Engine,bgWNftfh-Meridian-Trend-Structure-Engine,PUB;f9968ca7bda84787bccb6d764ccbe062,Market_Logic_India,indicator,3,2,2,0,0,2026-07-25T02:09:30+00:00,13,"MERIDIAN TREND & STRUCTURE ENGINE — Orthogonal, Research-Grounded, Forward-Calibrated   ═══════════════════════════════════════════════════════════════════════════   WHAT IT IS   Most trend tools draw one line — a moving average, a Supertrend, a regression channel — and ask you to trust it. But ""trend"" is not one thing, and a single line hides its own disagreements. This engine separates the questions a real trend read has to answer, and keeps them in their proper roles:   • DIRECTION — where th"
https://www.tradingview.com/script/65ch10gf/,CRT - ICT Toolkit by MJAlpha,65ch10gf,PUB;729b0f4848254e4ea46c008495ab0d6e,mayhelcuevas84,indicator,2,1,2,0,0,2026-07-25T02:01:16+00:00,13,"CRT - ICT Toolkit by MJAlpha  A fully customizable, all-in-one ICT/SMC toolkit built to combine the most-used ICT concepts into a single indicator with total visual control over every element, instead of running multiple separate scripts on the same chart.  Included sections (each with its own master on/off switch):  Full Sessions & Killzones — draws the Asian, London, NY AM and NY PM sessions/killzones as boxes with configurable range, high/low/mean lines, and editable labels.  Fair Value Gaps "
https://www.tradingview.com/script/E1pdlDFk/,Atlas Breakout Scanner Pro,E1pdlDFk,PUB;d6ad475347cd46009972cccaf4dc1b13,carloslamilla,indicator,3,2,2,0,0,2026-07-25T01:47:17+00:00,13,"**Atlas Breakout Scanner Pro** is a session-based breakout indicator designed to identify high-probability breakout opportunities around major market sessions. The script builds a price range before the selected session and waits for a **confirmed candle close** outside that range before generating a signal, helping reduce false breakouts caused by intrabar price movements.  Once a breakout is confirmed, the indicator automatically plots the entry level, stop loss, and two profit targets while m"
https://www.tradingview.com/script/taF5KPss-PV-Quantix-Pro-v20/,PV Quantix Pro v20,taF5KPss-PV-Quantix-Pro-v20,PUB;8c347f668cdb48978fb4adcc996da354,Praquantix_Labs,strategy,2,1,1,0,0,2026-07-25T01:16:39+00:00,13," PV Quantix Pro v20 is an institutional-grade, systematic, and rule-based quantitative trading suite designed specifically for intraday momentum and trend-following strategies, optimized for the 5-Minute timeframe. Built on the principles of multi-indicator confluence and strict volatility-adjusted risk control, this suite filters out market noise and executes trades only when high-probability conditions align. The core architecture of PV Quantix Pro v20 evaluates key technical parameters across"
https://www.tradingview.com/script/r0tkQSJO-PV-Quantix-Pro-v20/,PV Quantix Pro v20,r0tkQSJO-PV-Quantix-Pro-v20,PUB;c8649286d44a419da71287e74f338134,Praquantix_Labs,strategy,1,1,0,0,0,2026-07-25T01:15:11+00:00,13,"PV Quantix Pro v20 is an institutional-grade, systematic, and rule-based quantitative trading suite designed specifically for intraday momentum and trend-following strategies, optimized for the 5-Minute timeframe. Built on the principles of multi-indicator confluence and strict volatility-adjusted risk control, this suite filters out market noise and executes trades only when high-probability conditions align. The core architecture of PV Quantix Pro v20 evaluates key technical parameters across "
https://www.tradingview.com/script/Me2T0IfD-Moving-averages-and-Bollinger-Bands-Lines-WynTrader/,Moving averages and Bollinger-Bands Lines [WynTrader],Me2T0IfD-Moving-averages-and-Bollinger-Bands-Lines-WynTrader,PUB;f3a1c50cd15b48508484caebe2883cf9,Wyn-Trader,indicator,1,1,1,0,0,2026-07-25T01:11:36+00:00,13,"Classical Moving averages and Bollinger-Bands Lines :     BB-B is set to 18 period median line and multiplier of 2  Moving average lines are set to 20, 50, 100 and 200, as classical lines used everywhere  MA line can be modified to other value and color.   When  PROJECTION lines is ACTIVATED , the MAs projection lines  can be showed, helping to anticipate the future movement, if so...   "
https://www.tradingview.com/script/LO2U82j2-Regime-Quadrant-Map-XWiseTrade/,Regime Quadrant Map [XWiseTrade],LO2U82j2-Regime-Quadrant-Map-XWiseTrade,PUB;aa8129f66d9f4bbc964380f647d61722,xwisetrade,indicator,1,1,1,0,0,2026-07-25T01:10:21+00:00,13,"Most ""regime"" indicators sort the market into two boxes: trending or ranging. But that single axis hides the variable that actually decides whether a trend is tradeable - volatility. A market drifting up in dead-calm conditions and a market ripping up in violent conditions are both ""trending,"" yet they demand opposite tactics. Collapsing them into one label is why so many trend filters fail exactly when you lean on them. This indicator separates the two questions that a one-dimensional filter fu"
https://www.tradingview.com/script/vi5ng094-Flow-MGC/,Flow MGC,vi5ng094-Flow-MGC,PUB;83584bd52725447f8500bff8ef42b014,DefiDigits,indicator,3,1,0,0,0,2026-07-25T00:44:46+00:00,13,"EMA trend ribbon for MGC that only arms and fires long/short signals when ADX confirms a real trend, filtering out chop so it defers to your a mean reversion setup when conditions are range-bound."
https://www.tradingview.com/script/dVygx3Jj-VWAP-VA-Fade-Reversal-By-Kizuma-Trading/,VWAP VA Fade Reversal By Kizuma Trading,dVygx3Jj-VWAP-VA-Fade-Reversal-By-Kizuma-Trading,PUB;4b08bb9671cd4b4d8050c5dccb889ef6,Kizuma1,indicator,3,2,1,0,0,2026-07-25T00:35:20+00:00,13,"Kizuma VWAP Value-Area Fade    A mean-reversion tool that identifies fade opportunities at the VWAP standard-deviation bands and plots a complete trade map — entry, target, and stop — for each signal.  The concept  Price spends most sessions rotating inside the VWAP value area. When it stretches to a band and shows rejection, this indicator flags a potential fade back toward VWAP. The logic is built around a simple principle: fades work in range conditions, not trend conditions, so the tool incl"
https://www.tradingview.com/script/CUUemLPt-Daily-4H-Supply-Demand-Zones/,Daily/4H Supply & Demand Zones,CUUemLPt-Daily-4H-Supply-Demand-Zones,PUB;5bee422df5a54dea928795812c5faec5,TFE98,indicator,2,1,5,0,0,2026-07-25T00:33:51+00:00,13,"Daily/4H Supply & Demand Zones  automatically identifies refined supply and demand areas from the Daily and 4-hour timeframes and displays them on lower-timeframe charts.  Daily zones represent larger market structure areas, while 4H zones provide more precise intraday reaction levels. Each zone extends to the right and is clearly labeled with its timeframe, direction, and price range.  How to use it  Look for price to return into a marked zone and wait for confirmation before entering.  Supply "
https://www.tradingview.com/script/xPZkYW0K/,Ozzy Liquidity Bubbles v2.0,xPZkYW0K,PUB;e24c9c0a4de54dbe8c4c19428511de90,osvaldo_1602_sc,indicator,2,1,3,0,0,2026-07-25T00:24:27+00:00,13,"//@version=6 indicator(""Ozzy Liquidity Bubbles v2.0"", shorttitle = ""Ozzy Map"", overlay = true, behind_chart = false, max_labels_count = 100)  // Mapa ESTIMADO: no representa montos reales ni datos directos de CoinGlass. // Las burbujas comparan la fuerza relativa de pivotes y volumen visibles.  groupMap = ""1. Mapa de liquidez"" pivotLen = input.int(6, ""Fuerza de los pivotes"", minval = 2, maxval = 20, group = groupMap) mapLookback = input.int(150, ""Rango máximo del mapa"", minval = 30, maxval = 500"
https://www.tradingview.com/script/BpxoaMdo-Daisia-Key-Levels/,Daisia Key Levels,BpxoaMdo-Daisia-Key-Levels,PUB;3a5d58e6f385438fab994648cb36c6de,Daidai29,indicator,2,1,0,0,0,2026-07-25T00:12:03+00:00,13,"# Key Levels  **Key Levels** is a price-action indicator that automatically plots the most important daily reference levels used by traders to identify support, resistance, and potential reversal or continuation zones.  The indicator displays:  * **PDL (Previous Day Low)** – A key support level that can act as a bounce or breakdown area. * **Pre-L (Premarket Low)** – Highlights the lowest price during the premarket session, often serving as an important support level after the market opens. * **"
https://www.tradingview.com/script/QTEQAkju-Harmonic-Patterns-by-Kizuma-Trading/,Harmonic Patterns by Kizuma Trading,QTEQAkju-Harmonic-Patterns-by-Kizuma-Trading,PUB;2a606c80fe9e40f297f4450b9501c9b2,Kizuma1,indicator,3,1,0,0,0,2026-07-25T00:10:53+00:00,13,"Harmonic Patterns by Kizuma Trading Automatic detection of harmonic and classic chart patterns, with entries, targets, stops, and live win-rate statistics built in. Fully non-repainting — a pattern is drawn only once its completion pivot is confirmed, so what appears on your chart stays there, identical live and on reload.  WHAT IT DETECTS  15 harmonic patterns: Gartley, Bat, Alternate Bat, Butterfly, Crab, Deep Crab, Shark, Cypher, AB=CD, 5-0, Anti-Gartley, Anti-Bat, Anti-Butterfly, Anti-Crab, "
https://www.tradingview.com/script/kjl2JYVR-Clustered-Supply-Demand-Zones/,Clustered Supply Demand Zones,kjl2JYVR-Clustered-Supply-Demand-Zones,PUB;10143b0118ba4e01b88e008256b90298,Kallamsrinu5481,indicator,2,1,1,0,0,2026-07-24T23:58:16+00:00,13,"Clustered Supply Demand Zones is a visual market-structure tool designed to identify areas where price has repeatedly reacted around similar levels.  Unlike a simple pivot marker, this script groups nearby pivot highs and pivot lows into broader supply and demand zones. The grouping distance is based on ATR, so zone clustering adjusts to the current volatility of the chart. This helps reduce chart noise and highlights price areas that have shown repeated historical reactions.  Supply zones are b"
https://www.tradingview.com/script/qbejjIy5-Key-Levels/,Key Levels,qbejjIy5-Key-Levels,PUB;d9add9eb25b0489cb2c9e887a00b3a30,Daidai29,indicator,2,1,2,0,0,2026-07-24T23:54:09+00:00,13,"# Key Levels  **Key Levels** is a price-action indicator that automatically plots the most important daily reference levels used by traders to identify support, resistance, and potential reversal or continuation zones.  The indicator displays:  * **PDL (Previous Day Low)** – A key support level that can act as a bounce or breakdown area. * **Pre-L (Premarket Low)** – Highlights the lowest price during the premarket session, often serving as an important support level after the market opens. * **"
https://www.tradingview.com/script/lxvW44pM/,FRC Mother Candle Highlighter,lxvW44pM,PUB;52234f4be7664798b2ade573c19032c4,ffajardwip,indicator,2,1,1,0,0,2026-07-24T23:48:16+00:00,13,"Mother Candle Inside Bar Highlighter is a price-action analysis tool designed to identify and visually highlight a specific Mother Candle (MC) and Inside Bar (IB) relationship. The indicator detects an Inside Bar when the current candle remains completely within the high-low range of the immediately preceding candle. The preceding candle is then treated as the Mother Candle reference. To refine the pattern detection, the script requires the Mother Candle and Inside Bar to have opposite candle di"
https://www.tradingview.com/script/IJ4sFGcU-Sphinx-Unicorn-FVG-Breaker-Nesting-Model/,Sphinx Unicorn - FVG Breaker Nesting Model,IJ4sFGcU-Sphinx-Unicorn-FVG-Breaker-Nesting-Model,PUB;5f29bae0943c4984afcc9741f660daaf,TheHermeticTrader,indicator,1,1,1,0,0,2026-07-24T23:34:43+00:00,13,"Description:  Sphinx Unicorn identifies a specific price structure from ICT-influenced methodology: a swing point that forms inside an unfilled fair value gap (FVG), which price then reclaims through displacement. This structure is commonly called a ""unicorn"" — a breaker nested within an FVG. The script scans for these continuously, tracks each candidate through a defined lifecycle, and confirms only those that complete the full sequence.  What makes this different from a generic FVG or order-bl"
https://www.tradingview.com/script/LaDw2hgw-Daily-Hold-Above-Calls-Reject-Below-Puts/,Daily Hold Above Calls / Reject Below Puts,LaDw2hgw-Daily-Hold-Above-Calls-Reject-Below-Puts,PUB;fa7deb8c9ce04349bc470d3d1cf6d211,Daidai29,indicator,2,1,0,0,0,2026-07-24T23:29:18+00:00,13,"**Daily Hold Above Calls / Reject Below Puts**  This Pine Script is designed to help identify high-probability bullish and bearish intraday opportunities using the daily reference level.  * **Hold Above = Calls:** When price breaks above the daily level and successfully holds it as support, the script signals a potential long (call) opportunity. * **Reject Below = Puts:** When price fails to reclaim the daily level or rejects it as resistance, the script signals a potential short (put) opportuni"
https://www.tradingview.com/script/6gOQu64I/,IDM Inducement,6gOQu64I,PUB;910b6e0cc94a43fe9d291a769a4537c8,ffajardwip,indicator,2,1,9,0,0,2026-07-24T23:26:43+00:00,13,"IDM Inducement Structure  is a market structure analysis tool designed to identify a specific sequence of structural pivots, Break of Structure (BOS), and the subsequent Inducement (IDM) level. The indicator uses configurable pivot points to establish potential swing highs and swing lows. When price breaks a relevant structural pivot, the script identifies a bullish or bearish Break of Structure based on the selected confirmation method. The BOS confirmation can be configured to use either the c"
https://www.tradingview.com/script/me3UAMmu/,Round Numbers + Intraday/OI Profile,me3UAMmu,PUB;e7fcb981b8d04efbba5db79f3c96aa05,filmworachai,indicator,2,1,5,0,0,2026-07-24T22:53:34+00:00,13,"This script is a technical utility designed to bridge options market data with spot price charts. It visualizes structural liquidity nodes and psychological price levels by adjusting for the real-time Futures-Spot price differential.  Core Logic & Features:  Custom Volume Profile: Utilizes a custom text parser to read user-inputted options data (Strikes, Calls, Puts). It plots horizontal profiles to visualize Intraday and Open Interest (OI) positioning.  Structural Round Numbers: Automatically m"
https://www.tradingview.com/script/NkApIj7s-Unmitigated-FVG-CRT-by-Raine/,Unmitigated FVG + CRT by Raine,NkApIj7s-Unmitigated-FVG-CRT-by-Raine,PUB;5948bba86c684a8395c5fc75ca19f7a0,Raine42,indicator,2,13,2,0,0,2026-07-24T22:36:01+00:00,13,"A streamlined price-action indicator designed to identify unmitigated Fair Value Gaps (FVGs), Consequent Encroachment (C.E.), and Candle Range Theory (CRT) with clean, customizable chart visualization.  Key Features:  Automatic timeframe-aligned unmitigated FVGs Optional current-timeframe FVGs C.E. / Mean Threshold displayed within FVGs Customizable FVG colors, borders, labels, styles, and lengths Automatic FVG removal based on customizable mitigation criteria Automatic 3-Candle CRT detection on"
https://www.tradingview.com/script/PsI714Ks-TY-s-Secret-Sauce/,TY's Secret Sauce ,PsI714Ks-TY-s-Secret-Sauce,PUB;1f4be68a02434b2192bf701e9033a6df,ytsimnuj,indicator,2,1,4,0,0,2026-07-24T22:29:56+00:00,13,MY MNQ 1:1 scalping strategy. Nothing is 100% but this works for me.
https://www.tradingview.com/script/tFwFFMs6/,FRC MSNR Zigzag Momentum candle ,tFwFFMs6,PUB;24204caba53e4f96b6c1b7b2253179be,ffajardwip,indicator,2,1,8,0,0,2026-07-24T22:09:07+00:00,13,"MSNR  ZigZag  Momentum Candle Overview This is a single Pine Script v6 overlay indicator that stacks ten independent detection modules onto one price chart. It grew out of a Smart Money / supply-demand base (MSNR), with a zigzag and a momentum-candle engine bolted on afterward. Every module draws directly on the chart, has its own settings group, and can be toggled off individually. Nothing here uses higher-timeframe data — it all works on whatever timeframe you have open (overlay=true, tf_step "
https://www.tradingview.com/script/PbIEUAxL-The-Secret-Sauce/,The Secret Sauce ,PbIEUAxL-The-Secret-Sauce,PUB;b851e609636243bdbef78ddb9c562f27,ytsimnuj,indicator,2,1,1,0,0,2026-07-24T22:09:04+00:00,14,My MNQ 1:1 scalping strategy. Nothing is 100% but this works for me. 
https://www.tradingview.com/script/hbBsVqCg-STK-X-JOAT/,STK X JOAT,hbBsVqCg-STK-X-JOAT,PUB;52dbab66e56e4666826c3c35b22b7266,officialjackofalltrades,indicator,3,1,15,0,0,2026-07-24T21:52:53+00:00,14,"STK X JOAT    Introduction   STK X JOAT is an invite-only multi-timeframe liquidity mapping engine that renders the full institutional price map on a single chart: higher-timeframe fair value gaps, order blocks, unswept liquidity, chart-timeframe swing structure, and volume-qualified reaction zones — each drawn at the exact candle that created it and managed through a full lifecycle from creation to mitigation.      The foundational premise is that price is drawn toward imbalance (gaps left by d"
https://www.tradingview.com/script/ua6nTTxG-Trend-Change-Detector-VIZ/,Trend Change Detector [VIZ],ua6nTTxG-Trend-Change-Detector-VIZ,PUB;a3d08422ffe74492b3a375b68b8118f0,ViZiV,indicator,2,1,9,0,0,2026-07-24T21:46:10+00:00,14,"Trend Change Detector     Overview   Trend Change Detector (TCD) is a mean-deviation oscillator designed to help you read trend direction, momentum shifts, and stretched conditions at a glance. Rather than acting as a standalone buy/sell system, it's built as a confluence tool — something to layer alongside your own price action, market structure, or existing indicators to help confirm or question what you're already seeing.  At its core, TCD measures how far price has travelled from its own mea"
https://www.tradingview.com/script/C341qVRl-AmberWaves-EMA-SMA/,AmberWaves EMA/SMA,C341qVRl-AmberWaves-EMA-SMA,PUB;43c9dd73ca7f4d4e9f614b1c8b1e88a7,alexis_kaiser,indicator,1,1,1,0,0,2026-07-24T21:39:25+00:00,14,"EMA 9, 10, 20, 48, 50, 200. SMA 200. I'm tired of having to have so many indicators on just to get my moving averages. I might add VWAP here, too."
https://www.tradingview.com/script/di6crWqg-Nawaztech-Quant-Golden-Numbers-2500-8000-Fixed/, Nawaztech Quant Golden Numbers (2500-8000 Fixed) ,di6crWqg-Nawaztech-Quant-Golden-Numbers-2500-8000-Fixed,PUB;cb0327efbf4549f891152e36ce8bb2ff,nawaztech,indicator,2,1,0,0,0,2026-07-24T21:37:06+00:00,14,"Overview: ""Golden Numbers (2500-8000 Fixed)"" is an advanced technical analysis indicator developed by Nawaztech Quant, specifically optimized for long-term structure mapping, scalping, and intraday trading on Gold (XAU/USD) and other major financial instruments.   Unlike dynamic indicators that shift constantly, this script plots a permanent, fixed macro-grid ranging from 2,500 to 8,000 price levels. This provides traders with rock-solid psychological and historical price zones that remain compl"
https://www.tradingview.com/script/C4ytn5cT-AmberWaves-EMA-Pack/,AmberWaves EMA Pack,C4ytn5cT-AmberWaves-EMA-Pack,PUB;f0924b899bc740628bf110a5f83cc055,alexis_kaiser,indicator,1,1,1,0,0,2026-07-24T21:30:29+00:00,14,"Shows EMA 9, 10, 20, 48, 50, 200, and SMA 200. I got tired of having to have multiple indicators just to see all the moving averages. I'm thinking of adding VWAP here just to round it out."
https://www.tradingview.com/script/tv7vtTGB-Key-Market-Structure-Levels/,Key Market Structure Levels,tv7vtTGB-Key-Market-Structure-Levels,PUB;3a711e1f724f417bb0ace6cebd57d13a,navneeth_reddy475,indicator,2,1,0,0,0,2026-07-24T21:00:31+00:00,14,"Overview  KeyLevels plots the fifteen price levels that most intraday and swing traders mark by hand every morning — the current session's open, high and low, plus the open, high, low and close of the previous day, week and month. Each line begins on the candle that actually created the level and runs a configurable number of bars past current price, with a label riding on the end of it.  The script is built around two goals: the levels must be correct on every timeframe from 1 minute to monthly"
https://www.tradingview.com/script/Lk3qmZQv-Meridian-Liquidity-Pressure-Engine/,Meridian Liquidity & Pressure Engine,Lk3qmZQv-Meridian-Liquidity-Pressure-Engine,PUB;6c5fac1dbcd240c7952e49f9111e76b2,Market_Logic_India,indicator,3,1,2,0,0,2026-07-24T20:37:31+00:00,14,"MERIDIAN LIQUIDITY & PRESSURE ENGINE — Orthogonal, Research-Grounded, Forward-Calibrated  WHAT IT IS  Most order-flow tools draw a cumulative volume delta line and a VWAP and call it a day. That conflates two questions the market-microstructure literature keeps strictly separate:  PRESSURE — which side is aggressing, where price sits relative to traded value, and whether the push is actually working. This is DIRECTIONAL. LIQUIDITY — how deep, fragile, costly and toxic the order book is. This is "
https://www.tradingview.com/script/b16u0Oz5/,SkyStory,b16u0Oz5,PUB;9023f74b89ba486f9c7bc83fe6a8261c,mod186k1,indicator,1,1,1,0,0,2026-07-24T20:36:25+00:00,14,"Questo script è pensato per estendere la storicità di Sky con la storia di Maker (MKR). Ci cono 2 campi di input per i dati storici di maker e una data di ""join"" della serie. ovviamente i dati dialer vanno prima normalizzati con quelli fi Sky per rendere il risultato sensato"
https://www.tradingview.com/script/YH2YEuxm-ismt/,ismt,YH2YEuxm-ismt,PUB;6813e466593d42699054372719e9d18b,merciful_Leopardkvw9w,indicator,2,1,0,0,0,2026-07-24T20:36:22+00:00,14,ismt are internal smts for 1m timeframe between nq and es its showing u intarday uncorelation between coorelated pairs
https://www.tradingview.com/script/xBmyYIEA-S-R/,S/R +,xBmyYIEA-S-R,PUB;d1aff3842b2949819a0641f028a96dd6,TigerTradETT,indicator,2,1,2,0,0,2026-07-24T20:34:22+00:00,14,"The zone engine finds genuine swing structure — pivots confirmed over your chosen speed (Balanced 8-bar default), filtered so swings under 1.5 ATR never become zones — then tracks each level's whole life: touches (congestion-gapped so one event can't triple-count), breaks, retests, flips, and death. Every zone carries a credibility grade (0–100 → A+…F) built from eleven components including defenses, clean-break penalties, HTF-band and round-number confluence, impulsive birth, and defense volume"
https://www.tradingview.com/script/7zeBgrSZ/,@jp_freert ADR Arbitrage,7zeBgrSZ,PUB;32b577dc75d44d5da2ca922a7185bc89,jp_ferret,strategy,2,1,2,0,0,2026-07-24T20:33:41+00:00,14,ADR Arbitrage  主要用于做市商的插针交易，适用于加密货币等波动性极大的产品。  当做市商精准的向下或者向上插针，并猎取散户止损后自动开单。  注意： 原版V5版本的收益率极好，自从升级到TradingView的V6版本后，回撤中就出现了很多假信号没被识别但是有入场信号。
https://www.tradingview.com/script/EUU7KJZs/,SkyStoryMerged,EUU7KJZs,PUB;24a5b529695147338a16dfd5aa911316,mod186k1,indicator,2,1,0,0,0,2026-07-24T20:33:24+00:00,14,Utilizza 3 indicatori skystory per ricreare le barre HLC di maker+sky
https://www.tradingview.com/script/MabdubeD/,VoidAlgo V2,MabdubeD,PUB;cbdf54b47ed94d2eb12442a2f25253b8,timurarslanhan,indicator,2,1,12,0,0,2026-07-24T20:31:36+00:00,14,"EN:  ## VoidAlgo V2  **VoidAlgo V2** is a clean BUY/SELL signal indicator designed to identify important market reversal points using the ZigZag++ algorithm.  The indicator analyzes changes in market direction and generates signals only after a pivot has been confirmed. To reduce temporary or misleading signals, BUY and SELL labels are created after the candle closes and the direction change is validated.  ### Features  • Clear BUY and SELL labels • Signals confirmed at candle close • Duplicate "
https://www.tradingview.com/script/Vrc5LYeD-EMA-Rejection-Alerts/,EMA Rejection Alerts,Vrc5LYeD-EMA-Rejection-Alerts,PUB;fc0ee188df80403c98d2625f6313b01a,mikey_richh,indicator,2,1,6,0,0,2026-07-24T20:27:18+00:00,14,EMA rejection alert indicator with some adjustable settings.   make sure to use any setup and once per bar close when adding the alerts  (must create the alerts manually or this will not work)
https://www.tradingview.com/script/KRn2TqFM/,5 EMAs,KRn2TqFM,PUB;07f4555dd4804a79a4841bb915108afa,iKowalsky,indicator,1,1,1,0,0,2026-07-24T20:17:15+00:00,14,Simply a five configurable exponential moving averages.
https://www.tradingview.com/script/t6iYBEOY/,Multi-Confluence Swing Strategy v4 ,t6iYBEOY,PUB;601df41b875d40698a7d75bb4cf84a53,gabriel_vallim99,strategy,1,1,0,0,0,2026-07-24T20:00:30+00:00,14,"BTCUSDT Professional Long & Short Strategy  This strategy was developed to identify high-probability Long and Short opportunities in the Bitcoin perpetual futures market, combining trend analysis, market structure, momentum, volatility, and multi-timeframe confirmation into a single decision-making framework.  Unlike simple crossover systems, this strategy uses a confluence-based approach that evaluates multiple market conditions before confirming a trade.  Main Features Multi-timeframe analysis"
https://www.tradingview.com/script/OKWIVybB-trendX-AI-XAU-Sniper-Pro-v4/,trendX-AI XAU Sniper Pro v4,OKWIVybB-trendX-AI-XAU-Sniper-Pro-v4,PUB;68198c5e0e30400bbc8082384d17c412,TentacleDayAI_Lab,indicator,2,1,5,0,0,2026-07-24T19:51:47+00:00,14,"**XAU Sniper Pro** was built around a single conviction: a trader who has to interpret twelve indicators before acting will act too late, or not at all.  So the tool does the interpreting. At any moment it states, in one plain sentence, what it thinks you should be doing — *waiting*, *watching*, *standing aside*, or *acting now* — and shows you the checklist that produced that verdict. If a condition is not met, you see which one, in words, without hovering over anything.  It is designed for int"
https://www.tradingview.com/script/qYe4RbD6-HID-QUANTUM-EDGE-PRO/,HID QUANTUM EDGE PRO,qYe4RbD6-HID-QUANTUM-EDGE-PRO,PUB;968d9bc765b7435bbf77c6e2375e74df,shafeequehidesign,indicator,3,1,1,0,0,2026-07-24T19:43:58+00:00,14,"HID QUANTUM EDGE HID QUANTUM EDGE is a proprietary confirmation-based trading indicator designed to identify potential trading opportunities through a structured multi-condition analysis process.  Rather than relying on a single technical indicator, the script evaluates multiple confirmation conditions before generating any trading signal. This confirmation-first approach is intended to reduce lower-quality setups and improve signal quality.  After all required conditions are met, the indicator "
https://www.tradingview.com/script/oMmkQ0Nn-Kizuma-Harmonic-Patterns/,Kizuma Harmonic Patterns,oMmkQ0Nn-Kizuma-Harmonic-Patterns,PUB;f4d80b810bcb4f099474b39e08066439,Kizuma1,indicator,3,2,1,0,0,2026-07-24T19:42:30+00:00,14,"Harmonic Patterns by Kizuma  Automatic detection of harmonic and classic chart patterns, with entries, targets, stops, and live win-rate statistics built in. Fully non-repainting — a pattern is drawn only once its completion pivot is confirmed, so what appears on your chart stays there, identical live and on reload.  WHAT IT DETECTS  15 harmonic patterns: Gartley, Bat, Alternate Bat, Butterfly, Crab, Deep Crab, Shark, Cypher, AB=CD, 5-0, Anti-Gartley, Anti-Bat, Anti-Butterfly, Anti-Crab, and 3-D"
https://www.tradingview.com/script/pKCSrGIn-ES-Liquidity-Sweep-Signals/,ES Liquidity Sweep Signals,pKCSrGIn-ES-Liquidity-Sweep-Signals,PUB;b8dc62e47c4047cfa51be6ff7cc0dee1,Trade4Arab,indicator,3,1,3,0,0,2026-07-24T19:22:21+00:00,14,"Overview  ES Liquidity Sweep Signals identifies intraday liquidity sweeps of a defined pre-session range and generates directional trade signals when price reverses back through the swept level with confirmation. Built for session-based futures trading on ES and MES, the script displays real-time entry, stop-loss, and take-profit levels directly on the chart, along with a built-in statistics table showing recommended settings and historical performance of its own signal logic.   Author's Recomme"
https://www.tradingview.com/script/D2fwqzoS/,AMCT PRO EXPRES  SMC Scalp and Trapper Panel v29 Sniper 3,D2fwqzoS,PUB;1fb6cd15eb9942cda53f721e7b84a039,AMCT01,indicator,2,1,6,0,0,2026-07-24T19:12:15+00:00,14,"AMCT PRO EXPRES — SNIPER Edition 🎯 This isn't an indicator. It's a Sniper. Most tools tell you where price might go. AMCT PRO SNIPER tells you exactly where the smart money is loading — then pulls the trigger the second liquidity gets swept and confirmed. No noise. No repaint. No hesitation. The kill shot: It hunts liquidity sweeps above highs and below lows — the exact spots where retail gets trapped — waits for real confirmation, then drops your Entry, Stop Loss, and Target straight onto the c"
https://www.tradingview.com/script/LQAHfK4D-cvd-delta-buy-sell-shtefxn/,CVD Delta Buy/Sell [Shtefxn],LQAHfK4D-cvd-delta-buy-sell-shtefxn,PUB;b25f875d4ed94b67ac43f4723f0d1aec,ARGXS,indicator,2,1,0,0,0,2026-07-24T19:09:46+00:00,14,"CVD Delta Buy/Sell    Индикатор кумулятивной дельты объёма (CVD), приближённо восстанавливающий соотношение покупателей и продавцов через анализ внутрибарового движения цены (intrabar), с автоматическими торговыми сетапами на основе ATR.  ЧТО ПОКАЗЫВАЕТ  • Delta / CVD — гистограмма дельты объёма (buy volume − sell volume), рассчитанная по младшему таймфрейму внутри каждого бара: свеча закрылась выше открытия — объём считается покупательским, ниже — продавческим. • Два режима отображения: Per-Bar"
https://www.tradingview.com/script/FRTRZ1aa-cvd-delta-buy-sell-shtefxn/,CVD Delta Buy/Sell [Shtefxn],FRTRZ1aa-cvd-delta-buy-sell-shtefxn,PUB;ea4d57d08b7c4d8faf3e3c4d05e5390a,ARGXS,indicator,2,1,2,0,0,2026-07-24T19:02:38+00:00,14,"CVD Delta Buy/Sell    Индикатор кумулятивной дельты объёма (CVD), приближённо восстанавливающий соотношение покупателей и продавцов через анализ внутрибарового движения цены (intrabar), с автоматическими торговыми сетапами на основе ATR.  ЧТО ПОКАЗЫВАЕТ  • Delta / CVD — гистограмма дельты объёма (buy volume − sell volume), рассчитанная по младшему таймфрейму внутри каждого бара: свеча закрылась выше открытия — объём считается покупательским, ниже — продавческим. • Два режима отображения: Per-Bar"
https://www.tradingview.com/script/D8YfIvzH-Meridian-Momentum-Engine/,Meridian Momentum Engine,D8YfIvzH-Meridian-Momentum-Engine,PUB;754abc61c04d42c48c963d7a2849a2d2,Market_Logic_India,indicator,3,1,2,0,0,2026-07-24T18:52:05+00:00,15,"MERIDIAN MOMENTUM ENGINE — Orthogonal Multi-Lens, Research-Grounded, Forward-Calibrated   ═══════════════════════════════════════════════════════════════════════════   WHAT IT IS   Most momentum tools are the same object in different clothes: a smoothed rate-of-change (RSI, MACD, stochastic). Stack several of them for ""confluence"" and you are really voting one bet many times — they share the same numerator and diverge together.   The academic literature says momentum is NOT one thing. It is seve"
https://www.tradingview.com/script/oSX9y2xD-Session-Tracker-Haleyolf/,Session Tracker (Haleyolf),oSX9y2xD-Session-Tracker-Haleyolf,PUB;43601be1f31f4850a710f9ddd0b49ac1,schisselbusiness,indicator,2,2,1,0,0,2026-07-24T18:51:18+00:00,15,"Session Tracker  A clean, at-a-glance panel showing which trading sessions are live right now: NY AM, NY PM, Asia, and London. Green means in session, red means closed.   Features  Exchange-aware: select your exchange (CME Globex, Forex, Crypto, NYSE, EUREX, LSE, JPX, HKEX, SGX, ASX) and the tracker respects its real schedule, including weekend gaps, daily maintenance breaks, and Asian lunch closures Holiday input: paste your exchange's holiday dates once a year and the panel goes red on those d"
https://www.tradingview.com/script/w4C1r8C2/,MTF WEEKLY VWAP,w4C1r8C2,PUB;5b8cac8c00574ea2883340049d84455e,ben_haeckler,indicator,3,1,1,0,0,2026-07-24T18:50:40+00:00,15,"A 3-in-1 confluence indicator combining Multi-Timeframe trend analysis, EMA with smoothing options, and Weekly VWAP standard deviation bands — built for both Forex and Crypto markets. 🔹 Features 1. MTF Trend Analyzer  Scans up to 6 customizable timeframes simultaneously Weighted trend scoring system (-100 to +100) based on fast/slow MA crossovers Optional ADX filter to ignore weak/choppy trends Real-time dashboard panel showing trend direction & ADX per timeframe Background coloring + bullish/be"
https://www.tradingview.com/script/XuvYbegx/,HyperScalp Metrics (JB),XuvYbegx,PUB;ea2ead872eae4672b887c30cd1d8efd8,josueblanco1,indicator,2,1,1,0,0,2026-07-24T18:46:32+00:00,15,"Measures the strength, speed, and efficiency of price movement using quantitative metrics to identify high-probability momentum impulses."
https://www.tradingview.com/script/BIHwHDIS-BTC-Advanced-Market-Structure-Analyzer/,BTC Advanced Market Structure Analyzer,BIHwHDIS-BTC-Advanced-Market-Structure-Analyzer,PUB;00e5717a30e44b89841268b17d4ac1eb,TheScalpingAnt,indicator,3,1,2,0,0,2026-07-24T18:33:33+00:00,15,"  OVERVIEW    The BTC Advanced Market Structure Analyzer is a professional-grade, institutional-quality trading tool engineered specifically for Bitcoin and cryptocurrency markets. Unlike standard momentum oscillators or simple indicator combinations, this system employs a sophisticated multi-asset correlation framework that analyzes market structure through the lens of capital flow dynamics, momentum mathematics, and intermarket relationships.  This is not a basic mashup of existing indicators."
https://www.tradingview.com/script/vzQIWcio-Warrior-ORB-PRO-v1-5-2/,Warrior ORB PRO v1.5.2,vzQIWcio-Warrior-ORB-PRO-v1-5-2,PUB;9c5bc3c157a64a01a4a385b512dca68f,charles3082,indicator,2,1,1,0,0,2026-07-24T18:28:19+00:00,15,"# Warrior ORB PRO v1.5.2  ## Release Notes  **Release Date:** July 24, 2026  ---  # 📊 Indicator Overview  Warrior ORB PRO is a professional Opening Range Breakout tool designed to help traders identify key intraday levels, session ranges, and important price reaction zones. This indicator comes with access to the VWAP, Gap Detection and an option to show PDH/PDL and the 9:30 open.  ---  # ✨ Current Features  ## Opening Range Breakout (ORB)  * ORB High * ORB Low * ORB Midpoint * 9:30 AM NY Open R"
https://www.tradingview.com/script/NpGK8UIF-Opening-Range-Breakout-ORB-Triple-Pro-v2-Fer/,Opening Range Breakout (ORB) - Triple Pro v2 Fer,NpGK8UIF-Opening-Range-Breakout-ORB-Triple-Pro-v2-Fer,PUB;3ad9071dd27f4d63b94f9b1e1c3780fd,fernandodieguez,indicator,2,1,0,0,0,2026-07-24T18:27:35+00:00,15,"Opening Range Breakout = This indicator marks the highs and lows of the 5-minute, 15-minute, and 30-minute candles. It's configurable and can be loaded on the New York, Asia, and London sessions."
https://www.tradingview.com/script/dXQns1ay-OHLC-StatMap-X/,OHLC StatMap X,dXQns1ay-OHLC-StatMap-X,PUB;5e2ab8a09fab4e25b84efb33d891b323,Captain_Chopin,indicator,3,1,3,0,0,2026-07-24T18:06:28+00:00,15,"**OHLC StatMap X**  A session-aware statistical mapping tool that reconstructs historical OHLC structure across user-selected session timeframes and renders it as a layered grid of price levels on the current chart.  **Core Concept**  Instead of reading candles in isolation, this indicator aggregates OHLC data over a rolling window of completed sessions and computes statistical price positions — open, high, low, close, midpoint, and range boundaries — for each historical slot. The result is a se"
https://www.tradingview.com/script/lPH8XX80-Multi-Timeframe-Candle-Consensus/,Multi-Timeframe Candle Consensus,lPH8XX80-Multi-Timeframe-Candle-Consensus,PUB;522d80bee8444f418f6a11f0a1a1686c,geniefx_academy,indicator,3,1,1,0,0,2026-07-24T18:03:39+00:00,15,"Multi-Timeframe Candle Consensus   Top-down analysis lives on higher timeframes, but execution lives on lower ones. Switching charts back and forth to keep both in view breaks focus and slows decisions. This script draws up to five higher-timeframe candles directly on the current chart — each in its own preview box with a live countdown to the next close — and layers on top a single weighted consensus signal that expresses where the aggregate multi-timeframe direction sits and whether it just fl"
https://www.tradingview.com/script/v9SgMecg-Custom-Weekly-Open-Close-Revision-1/,Custom Weekly Open Close Revision 1,v9SgMecg-Custom-Weekly-Open-Close-Revision-1,PUB;08a1cf87fa624261b7117b22c03089e9,daytraderjo,indicator,1,1,1,0,1,2026-07-24T17:57:31+00:00,15,"Plots the weekly opening and closing price on an intraday chart. Useful for futures charts so you can see where we are for the week.  Can customize the indicator to set opening and closing candle times. Can add and remove labels, etc.  Can be used for stocks too.  "
https://www.tradingview.com/script/wEWGninW-BYB-trade-Hammer-HL-LH/,BYB trade Hammer HL-LH,wEWGninW-BYB-trade-Hammer-HL-LH,PUB;21d3a3f6eee245d094f9b5bfea6f4afa,BYBTRADE_MOTIHARI,indicator,1,1,0,0,0,2026-07-24T17:48:05+00:00,15,"आप TradingView Public Library के लिए यह Description इस्तेमाल कर सकते हैं:  ---  # BYB Hammer HL-LH Indicator  The **BYB Hammer HL-LH Indicator** is a trend-following candlestick indicator designed to identify **high-probability Hammer and Shooting Star reversal setups** using market structure.  Unlike traditional candlestick indicators, this script only generates signals when the candlestick appears in the correct trend and structure.  ### Features  ✅ Detects Bullish Hammer Candles  ✅ Detects Be"
https://www.tradingview.com/script/2mx52z4D-Sino-Algo-S-R-Flip-Zone/,Sino Algo S & R Flip Zone,2mx52z4D-Sino-Algo-S-R-Flip-Zone,PUB;0f1fbc1810d14496a01e1b6dbb14a61e,peterkuriakose123,indicator,2,1,10,0,0,2026-07-24T17:46:46+00:00,15,"Sino Algo S & R Flip Zone  Sino Algo S & R Flip Zone is a smart market analysis tool designed to identify important intraday support and resistance zones using advanced algorithmic calculations and price structure analysis.  When the market opens, the indicator automatically calculates and displays 3 Support Zones and 3 Resistance Zones, helping traders identify key areas where price may react, reverse, or continue its movement.  The indicator is designed to support both scalping strategies and "
https://www.tradingview.com/script/ftXnkBPO-Ticker-Description-Panel/,Ticker Description Panel,ftXnkBPO-Ticker-Description-Panel,PUB;188c3d7fd1c74968ba0d847761ed1cd6,ChaseTheMarket,indicator,2,1,2,0,0,2026-07-24T17:45:51+00:00,15,"As seen in the photo, this places the ticker symbol, timeframe, stock name, and sector on your chart in the top left corner. This is especially useful for social media posts, as it cleanly displays what you are viewing."
https://www.tradingview.com/script/7F2ZjV1P-STOC-Confirmed-Elliott-Wave-Trade-Assistant/,STOC - Confirmed Elliott Wave Trade Assistant,7F2ZjV1P-STOC-Confirmed-Elliott-Wave-Trade-Assistant,PUB;081b7ab763474a6caf296854830f95a4,BoobeshDasarath93,indicator,2,1,5,0,0,2026-07-24T17:40:26+00:00,15,"This indicator identifies potential **Wave 2 and Wave 4 retracement structures** using confirmed ZigZag pivots and Elliott Wave rules. It then projects the expected **Wave 3 or Wave 5 move**, along with a Buy Zone, Sell Zone, breakout level, stop-loss, and three targets.  The script supports both bullish and bearish setups and displays the active structure in a compact dashboard.   ### How it works   For bullish setups, the indicator looks for:  * **Wave 2 confirmed → Wave 3 expected** * **Wave "
https://www.tradingview.com/script/T5Ar278x-GBC-Institutional-Smart-Money-Intelligence-Pro-GBC-ISMI-Pro/,GBC Institutional Smart Money Intelligence Pro | GBC ISMI Pro,T5Ar278x-GBC-Institutional-Smart-Money-Intelligence-Pro-GBC-ISMI-Pro,PUB;9f140f61b61b41b3a107ea96453a2307,GBCTS,indicator,3,1,2,0,0,2026-07-24T17:32:36+00:00,15,"GBC Institutional Smart Money Intelligence Pro (GBC ISMI Pro)     Multi-Market Institutional Intelligence for  Bitcoin (BTC) ,  Ethereum (ETH)  &  Gold (XAUUSD) .    GBC Institutional Smart Money Intelligence Pro (GBC ISMI Pro)  is a professional-grade, invite-only TradingView indicator developed to help traders identify institutional market activity, Smart Money participation, Open Interest dynamics, market structure, and high-probability trading opportunities in real time.  Designed specifical"
https://www.tradingview.com/script/KZqlsz7p/,Heatmap Liquidity & Density Map,KZqlsz7p,PUB;5fc07a00b7e247559d0beb278d03e4c3,AG_Analisis,indicator,2,3,0,0,0,2026-07-24T17:24:08+00:00,15,"Liquidity Heatmap & Density Map Overview The Liquidity Heatmap & Density Map is a dynamic, high-precision visual tool designed to identify, plot, and track key Support and Resistance liquidity zones based on price pivot density.  Instead of cluttering your chart with endless static lines, this indicator intelligently filters and merges price levels that lie close to each other. It creates clean, highly customizable Density Zones that extend to the right and dynamically react when price interacts"
https://www.tradingview.com/script/YKL1Z3JH-6-Custom-EMA-Ribbon/,6 Custom EMA Ribbon,YKL1Z3JH-6-Custom-EMA-Ribbon,PUB;37f8403878844ba591b3d3f3f054a48f,agrawalamitesh1,indicator,1,1,0,0,0,2026-07-24T17:13:24+00:00,15,"6 Custom EMA Ribbon with fully customize  indicator(""6 Custom EMA Ribbon"", shorttitle=""6 EMA Ribbon"", overlay=true)  //───────────────────────────────────────────── // General Settings //───────────────────────────────────────────── source = input.source(close, ""EMA Source"")  //───────────────────────────────────────────── // EMA 1 Settings //───────────────────────────────────────────── showEMA1  = input.bool(true, ""Show EMA 1"", group=""EMA 1"") ema1Length = input.int(5, ""Length"", minval=1, group"
https://www.tradingview.com/script/HZRA2W8u-Sector-Strength-Ranking-Indicator/,Sector Strength Ranking Indicator,HZRA2W8u-Sector-Strength-Ranking-Indicator,PUB;022e17f44b884a7c83727d0ce4ffd9c1,TrendonomicsHD,indicator,3,1,2,0,1,2026-07-24T17:05:03+00:00,15,Sector Strength Ranking Indicator   Overview  The Sector Strength Ranking Indicator is a comprehensive relative strength analysis tool designed for traders and investors who want to understand sector rotation and comparative performance across the Indian equity market. This indicator evaluates and ranks 32 major Nifty sectoral indices plus the current trading symbol against a chosen benchmark index.   Core Functionality Relative Strength Calculation  The indicator calculates relative strength (R
https://www.tradingview.com/script/bH3IC99u/,ProTrader7 - MTF VWAP,bH3IC99u,PUB;04322d13da754f2698c1dd771b89421d,seven_7z,indicator,3,1,0,0,0,2026-07-24T17:01:19+00:00,15,ProTrader7 - 双 MTF VWAP 这是一款用于盘中交易的双周期 VWAP 主图指标。 指标可同时显示两个自定义周期的 VWAP，默认设置为： VWAP 1：4小时 VWAP 2：日线 每条 VWAP 都会在对应周期开始时重新计算，并支持显示指定数量的历史时段 VWAP，便于在小周期图表中观察不同时间框架下的成交量均价结构，帮助交易者关注时段后半程价格围绕 VWAP 的反应与回踩机会。 适合用于： 识别4小时与日线成交量均价位置 观察盘中价格相对多周期 VWAP 的结构 寻找趋势延续、回踩与均值回归参考位 在小周期执行中保留大周期均价视角   ProTrader7 - Dual MTF VWAP  This is a dual-timeframe VWAP overlay indicator designed for intraday trading.  The indicator can display two custom VWAP timeframes simultaneously. Its default settings are:  - VWAP 1: 4-hou
https://www.tradingview.com/script/AdXqBMoe/,Monday Range Zones 4H PRO,AdXqBMoe,PUB;ec34ecaa68074bdcad74045592f3dae6,ullgaming23,indicator,3,1,4,0,6,2026-07-24T16:54:18+00:00,15,"A price-action and liquidity indicator designed to visualize weekly, daily, and session-based market structure. It maps key range levels, premium and discount areas, previous highs and lows, Fibonacci projections, and Asia, London, and New York liquidity. The status board displays the current market phase, active setup, required confirmation, and invalidation step by step. "
https://www.tradingview.com/script/aaMnVsZS-Previous-Day-Hourly-Levels/,Previous Day Hourly Levels,aaMnVsZS-Previous-Day-Hourly-Levels,PUB;381f797ffd324dc6980a70abc39e6522,mmmbeat30,indicator,2,1,0,0,0,2026-07-24T16:54:03+00:00,15,levels moving with the current market conditions. it plots recent support and resistance. works perfect on hourly charts and bigger time frames 
https://www.tradingview.com/script/KrXirSTH-m5-zone-retest-sl-tp/,M5 Zone Retest + SL/TP,KrXirSTH-m5-zone-retest-sl-tp,PUB;602997f8d1e6462499a82ca52f4bde99,sunnatillon44,indicator,3,1,2,0,0,2026-07-24T16:49:03+00:00,15,"M5 Zone Retest + SL/TP  Ushbu indikator oldindan belgilangan narx zonalarini grafikda avtomatik chizadi va M5 timeframe’da breakout hamda retest qoidasi asosida BUY/SELL signallarini ko‘rsatadi.  Indikator ishlash tartibi:  - Narx zonani M5 sham tanasi, ya’ni yopilish narxi bilan yuqoriga buzsa, bullish breakout tasdiqlanadi. - Narx ushbu zonaga qayta kirganda BUY signali chiqadi. - Narx zonani M5 sham tanasi bilan pastga buzsa, bearish breakout tasdiqlanadi. - Narx zonaga qayta kirganda SELL si"
https://www.tradingview.com/script/L0L1lvyx-Meridian-Divergence-Engine/,Meridian Divergence Engine,L0L1lvyx-Meridian-Divergence-Engine,PUB;20a0d0da7df84456971b504a19b9586d,Market_Logic_India,indicator,3,1,2,0,0,2026-07-24T16:48:48+00:00,15,"Meridian Divergence Engine — Orthogonal Multi-Lens, Forward-Calibrated   WHAT IT IS The Meridian Divergence Engine reads price-vs-indicator divergence off six independent information axes at once, scores how strongly and how independently they disagree with price (a 0–100 Strength), and forward-tests, on the very chart you are viewing, whether that kind of divergence has actually preceded a move (Conviction). It is a context and confluence tool, not a buy/sell system. It tells you how broad and "
https://www.tradingview.com/script/VzvMWxRA-Cloud-Bot-v3/,Cloud Bot (v3),VzvMWxRA-Cloud-Bot-v3,PUB;70c160c9eef34f88b8f58216d91b506f,TheCloudyOne,strategy,2,5,23,0,0,2026-07-24T16:47:07+00:00,15,"Cloud Bot (v3) is an Options, Futures, and Stocks trading bot!  Join the Discord: discord.gg  Supported Tickers 1. MNQ_LON 2. MNQ 3. MES 4. MGC 5. MCL 6. SPY 7. IWM 8. SNDK 9. CBRS 10. COIN 11. AMZN 12. SPCX 13. META 14. INTC 15. DRAM 16. TSM 17. PLTR 18. BE 19. AMD 20. HOOD 21. LITE 22. AAOI 23. MSFT 24. AAPL 25. ASTS 26. QQQ 27. NBIS 28. TSLA 29. AMAT 30. UBER 31. BA 32. GOOGL 33. CVNA 34. RKLB 35. QCOM 36. AVGO 37. NVDA 38. ABBV 39. MCD 40. ONDS 41. V 42. MRVL 43. NOK 44. RIVN 45. ADBE"
https://www.tradingview.com/script/mVshBbuw-Risk-Calculator-SMC-Fefe10game/,Risk Calculator SMC [Fefe10game],mVshBbuw-Risk-Calculator-SMC-Fefe10game,PUB;dd90434882bb4efdb36059953ac6d77a,Fefe10game,indicator,3,1,2,0,0,2026-07-24T16:36:16+00:00,16,"Risk Calculator SMC + Order Flow    Short description (overview/listing)  Smart risk calculator combining Supply & Demand zones, eligible Bid/Ask levels, and a full Order Flow module (Delta, Imbalance, Absorption, POC, HVN) to automate risk management in intraday scalping.  Full description 🎯 Concept  Risk Calculator SMC is a risk management and order flow reading tool designed for discretionary traders who use Smart Money (SMC/ICT) concepts. It automates three things that most traders calculate"
https://www.tradingview.com/script/vRtK0oKT-Session-Levels-Pro-by-TenAMTrader/,Session Levels Pro by TenAMTrader,vRtK0oKT-Session-Levels-Pro-by-TenAMTrader,PUB;5cf6e9b1619649eba6824304908eccc3,TenAM_Trader,indicator,2,1,3,0,0,2026-07-24T16:32:36+00:00,16,"Session Levels Pro by TenAMTrader  A clean, fully customizable key-levels indicator that plots the price levels that matter most for intraday and swing trading — automatically, on any timeframe.  WHAT IT PLOTS - Previous Day High/Low (PDH/PDL) — from RTH session - Overnight High/Low (ONH/ONL) — 4:00 PM–9:30 AM NY - Opening Range High/Mid/Low (ORBH/ORBM/ORBL) — default 9:30–9:45 AM, fully adjustable window - ORB ±50% Extension levels - ORB Golden Zone (61.8%–78.6% extension), shaded above and bel"
https://www.tradingview.com/script/MFZ7Y8iO-Apex-Momentum-Engine/,Apex Momentum Engine,MFZ7Y8iO-Apex-Momentum-Engine,PUB;5df8d15a89b24c6dbf13576c3d4d3754,rajesswarrav,indicator,3,1,0,0,0,2026-07-24T16:32:15+00:00,16,"# Apex Momentum Engine  ## Overview  Apex Momentum Engine is a professional multi-layer trend and momentum analysis tool that combines several complementary market concepts into a single indicator. Instead of relying on a single calculation, it integrates trend identification, breakout confirmation, momentum strength, dynamic support and resistance, and institutional price reference levels to help traders make more informed decisions.  The indicator is designed to reduce chart clutter by bringin"
https://www.tradingview.com/script/TqnLwsfN-Order-Block-Theory/,Order Block Theory,TqnLwsfN-Order-Block-Theory,PUB;11524f4f0484478a8850ed654f8c0fd7,The_Collector2,indicator,2,1,3,0,0,2026-07-24T16:32:03+00:00,16,"Order Block Theory: Multi-TF Bias, RSI Crossovers & Mitigation  Description Order Block Theory is a comprehensive, all-in-one confluence engine designed for traders who rely on price action, momentum, and multi-timeframe alignment. By merging traditional momentum oscillators with smart money concepts (SMC), this indicator aims to highlight high-probability setups and filter out the noise.  At its core, this script identifies localized Order Blocks based on volume pivots and matches them against "
https://www.tradingview.com/script/mAcfS3P5-Heikin-Ashi-with-Real-Candle-Accuracy-V6/,Heikin-Ashi with Real Candle Accuracy V6,mAcfS3P5-Heikin-Ashi-with-Real-Candle-Accuracy-V6,PUB;2e1c15af2e0b4c17b670dcdced3e80d2,wanthony2008,indicator,1,1,1,0,0,2026-07-24T16:27:38+00:00,16,"Indicator shows smoothed HK colors and trends while keeping the true accurate open high , low, and close (OHLC0 price standard candles "
https://www.tradingview.com/script/lQcCJQBF-PessimisticSim/,PessimisticSim,lQcCJQBF-PessimisticSim,PUB;c6b3c16aefa244729c516a8638689095,hbrown1190,library,1,1,0,0,0,2026-07-24T16:24:28+00:00,16,"Library   ""PessimisticSim""  Broker-agnostic pessimistic fill simulator. Runs a shadow account alongside any indicator or strategy, filling every signal at the worst plausible price (half-spread + slippage + a fraction of the adverse bar excursion) so you can see whether an edge survives real-world friction.  Instrument-agnostic: set pointValue for futures, pick a commission model, pick a sizing model, pick a fill model. Defaults reproduce spot crypto / stock behaviour (multiplier 1, percent comm"
https://www.tradingview.com/script/BHZdAeiP-Pair-Ribbon/,Pair Ribbon,BHZdAeiP-Pair-Ribbon,PUB;c41bccc4b5de42f8bc72acc9f3a5fd0e,DefiDigits,indicator,3,1,0,0,0,2026-07-24T16:21:08+00:00,16,"Pair Ribbon (Trend + Mean Reversion): a dual mode indicator built for TradingView ratio symbols, combining a Fibonacci preset EMA trend ribbon with a z score mean reversion layer, gated by an ADX trend/chop regime so trend signals only fire while trending and reversion signals only fire while choppy, avoiding the compound symbol errors (Heikin Ashi, earnings data) that broke on the equity version."
https://www.tradingview.com/script/Ve2l0nrJ-DHS7447-Buy-Sell-Signal/,DHS7447 Buy/Sell Signal,Ve2l0nrJ-DHS7447-Buy-Sell-Signal,PUB;77c25039a652439f88270d6a51f85525,DEEPHS7447,indicator,2,1,5,0,0,2026-07-24T16:19:21+00:00,16,"DHS7447 - EMA + RSI + DMI Buy/Sell Signal (Triple EMA)   A trend-following signal system combining a triple-EMA structure with RSI and DMI/ADX confirmation, plus built-in ATR-based risk management.   Entry Logic   A Fast EMA / Mid EMA crossover opens a confirmation window (it doesn't expire immediately — it stays open until the other conditions below actually align, so valid setups aren't missed just because momentum lags the cross by a few bars). BUY fires when, after a bullish Fast/Mid cross: "
https://www.tradingview.com/script/r5RqQo6X-Helix-MTF-Indicator/,Helix MTF Indicator,r5RqQo6X-Helix-MTF-Indicator,PUB;885787f659344113b4035aab89b3cd8a,HelixStrat,indicator,3,1,0,0,0,2026-07-24T16:10:37+00:00,16,"🚀 HELIX MTF INDICATOR (Premium)  The Helix MTF Indicator is a multi-engine decision-support system that evaluates trend, momentum, volume, volatility, market structure, relative strength, price location, and reward feasibility across multiple timeframes.  The Indicator is not simply a collection of technical indicators placed on one chart. Its purpose is to coordinate multiple forms of market information, determine when those conditions meaningfully agree, identify when they conflict, and conver"
https://www.tradingview.com/script/dqFK2WOP/,PA 100x,dqFK2WOP,PUB;e10912da60cb45f3aab5af907a99677d,Rattakon,indicator,2,5,4,0,0,2026-07-24T16:05:49+00:00,16,"Trading System Overview  This trading system follows a Trend-Following + Pullback + Price Action Confirmation approach.  Entry Conditions (Buy/Sell) ✅ EMA 14 above/below EMA 60 to determine the market trend. ✅ Market Structure (CHoCH) confirms a bullish or bearish trend. ✅ Price pulls back to the EMA 14 or a Fibonacci retracement zone. ✅ A Price Action confirmation appears (Pin Bar, Engulfing, Inside Bar, Three Outside, Railway Track, Morning/Evening Star, Breakout Bar, etc.). ✅ Additional filte"
https://www.tradingview.com/script/nkVqHnRv-PMH-PML-V3/,PMH/PML V3,nkVqHnRv-PMH-PML-V3,PUB;a4b16b4323054ede804f24fd8349e4a7,MiketheBarbarian,indicator,2,2,0,0,0,2026-07-24T15:48:58+00:00,16,Display prior month levels hig low mid point open and close. 
https://www.tradingview.com/script/XjKOp3sc-10-AM-Key-Open-Session-H-L/,10 AM Key Open + Session H/L,XjKOp3sc-10-AM-Key-Open-Session-H-L,PUB;42f7f44f5f6c43b1bb6eca4dc37f5336,jolianos,indicator,2,1,3,0,0,2026-07-24T15:34:12+00:00,16,"JoulTrades — 10 AM Key Open + Session High/Low  A clean ICT / Smart Money Concepts chart-markup tool that puts the levels that matter on your chart and nothing else — built for traders who work off the key open and session liquidity.  What it draws  Key Open line — the open price of your chosen time (default 10:00 AM New York, hour and minute configurable), extended through the session. Midnight open marked with a subtle band and ""00"" label. Session High/Low — live-tracked highs and lows for Asi"
https://www.tradingview.com/script/j1epO7J9-FVG-Supply-Demand-Initial-Balance/,FVG + Supply Demand + Initial Balance,j1epO7J9-FVG-Supply-Demand-Initial-Balance,PUB;8a3831fcaefc443f9afb39f263548385,Space_Ranger7,indicator,3,1,2,0,0,2026-07-24T15:29:08+00:00,16,A Fair Value Gap (FVG) is a technical analysis pattern in financial trading that indicates a price imbalance.  Supply and demand (SAD) trading is a technical strategy that identifies price zones where large institutional players previously entered the market with aggressive orders.  Initial balance (IB) trading is a day trading strategy that uses the price high and low established during the first hour of the market session (9:30 AM to 10:30 AM ET for US markets) to guide directional trades.
https://www.tradingview.com/script/wlr90yGH-IFVG-Algo-V0-1/,IFVG_Algo V0.1,wlr90yGH-IFVG-Algo-V0-1,PUB;01a3f49108e449c9b31290f91a608fbe,Reeed_1,indicator,2,1,0,0,0,2026-07-24T15:27:02+00:00,16,"IFVG Algo  is a session-based trend-following indicator designed to identify high-probability Inverse Fair Value Gap (IFVG) setups that align with the higher-timeframe trend. It combines multi-timeframe EMA bias, Fair Value Gaps (FVGs), session filtering, and IFVG confirmation into a single trading tool."
https://www.tradingview.com/script/4Q99gRSc-IMAN-Weekend-High-and-Lows/,IMAN Weekend High and Lows,4Q99gRSc-IMAN-Weekend-High-and-Lows,PUB;be257eea72bd4323afa1070ddf597d15,Kazzy00,indicator,2,1,1,0,0,2026-07-24T15:16:55+00:00,16,"Here's a description you can use for the TradingView listing (or just to explain the indicator to others):  IMAN Weekends High and Low  This indicator marks the high and low formed during each weekend and tracks how price reacts to those levels once the new trading week begins.  How it works Every weekend, the script records the highest and lowest price reached (or, optionally, the highest and lowest closing price) and draws two horizontal lines starting from the exact candle where each extreme "
https://www.tradingview.com/script/TIn6tbTV-ORB-GxT/,ORB GxT,TIn6tbTV-ORB-GxT,PUB;ab90d13e2ae842e9bbae44ef27fb4160,GenX_Trades,indicator,2,1,0,0,0,2026-07-24T15:11:28+00:00,16,ORB GxT- Opening Range Breakout with Risk Levels and Extension Targets
https://www.tradingview.com/script/dho9RpXa/,NDS Pro Engine: Institutional MTF Scanner & Adaptive Risk,dho9RpXa,PUB;7eed1b2a6ab24a0ebe76cce4f3df4778,PpiroozNB,indicator,3,1,2,0,0,2026-07-24T15:08:51+00:00,16,"NDS Pro Engine: Institutional MTF Scanner & Adaptive Risk, mathematically-driven technical analysis framework designed to identify structural market cycles and institutional liquidity shifts. Instead of relying on lagging moving averages, this engine treats the market as a zero-sum geometric structure, heavily relying on fractal market dynamics and nodal sequencing.  ► CORE CONCEPTS & CALCULATIONS: 1. Tri-Layer Fractal Analysis: The engine simultaneously scans the market across three distinct st"
https://www.tradingview.com/script/yQpmBjxF-10AM-Key-Open-Key-level/,10AM Key Open  Key level,yQpmBjxF-10AM-Key-Open-Key-level,PUB;369c2f750dd54ffea1f3e6490bf1075c,Investlifek,indicator,3,1,3,0,0,2026-07-24T15:00:56+00:00,16,"This indicator is specifically designed for Nasdaq (NQ) and S&P500 (ES) traders to capitalize on the massive liquidity sweeps that happen right at the New York 10:00 AM (and PM) opening hours. It automatically detects the true opening price, tracks the retail trap, and serves you perfect retest entries with auto-calculated Stop Loss and Take Profit levels (Theorical).  ✨ KEY FEATURES ✨  ✅ Auto-Session Detection: Never calculate EST timezones manually again. It instantly draws the 10:00 AM & PM o"
https://www.tradingview.com/script/Ha3Kru4y-TradeGuard-v0-3/,TradeGuard-v0.3,Ha3Kru4y-TradeGuard-v0-3,PUB;f6580b06bf35452c86910cf483cc2a56,swansofsydney,indicator,2,1,3,0,0,2026-07-24T14:50:21+00:00,16,"IMPORTANT — This is the only active version All previous versions of this script (TradeFlow Full System, TradeGuard Full by swansofsydney, TradeGuard — Full-4jun26) are no longer maintained and have been retired. This is the single source of truth going forward. If you have an older version on your chart, remove it and add this one.  TradeGuard — Full | Complete Trading System for Options Traders Built over several months of live trading, progressively improved based on real P&L data. Started af"
https://www.tradingview.com/script/Bh0jAAgP/,AMCT PRO EXPRES SMC Scalp and Trapper Panel v27 Sniper 3,Bh0jAAgP,PUB;01ab6e5e7fc04d85b2b2b56c0ebd0344,AMCT01,indicator,2,1,2,0,0,2026-07-24T14:46:06+00:00,16,"🔥 AMCT PRO EXPRES — Trade Like the Institutions Do 🔥 Stop guessing. Stop chasing candles after the move already happened. AMCT PRO EXPRES hunts liquidity the exact way smart money does — and strikes the moment retail gets trapped. ⚡ Precision entries — built on real liquidity sweeps, not lagging indicators ⚡ Entry, Stop Loss & Target plotted automatically — no manual guesswork ⚡ Higher-timeframe trend filter — never fight the real direction again ⚡ Confluence score — know exactly how strong a si"
https://www.tradingview.com/script/hUWgiHbi-RSi-Regime/,RSi Regime,hUWgiHbi-RSi-Regime,PUB;7be2d482444840b6b70e2135c79a90bb,TumbagaLi458,indicator,1,1,1,0,0,2026-07-24T14:40:48+00:00,16,"RSI Regime is a visualization tool that combines a standard RSI with its moving average to simplify momentum regime analysis.  The indicator uses one RSI together with its SMA.  Instead of displaying multiple momentum studies simultaneously, the goal is to reduce visual noise while emphasizing regime changes.  Visualization layers include:  • RSI line • RSI SMA • RSI-SMA relationship fill • SMA above/below 50 regime fill • 30 / 50 / 70  reference levels  The SMA can remain hidden while still bei"
https://www.tradingview.com/script/1nTtwrWf-55-EMA-Higher-Timeframe-Trend-Dashboard-v6-M30/,55 EMA Higher Timeframe Trend Dashboard (v6 + M30),1nTtwrWf-55-EMA-Higher-Timeframe-Trend-Dashboard-v6-M30,PUB;a4512d08b1fc4758a78ede9097f795a6,Gary_300785,indicator,2,1,0,0,0,2026-07-24T14:37:41+00:00,16,A simple HTF trend table. Shows where price is in relation to the 55 EMA on higher timeframes. A good confirmation tool.
https://www.tradingview.com/script/NBkz60RP-Risk-Parity-Pro-Futures/,Risk Parity Pro [Futures],NBkz60RP-Risk-Parity-Pro-Futures,PUB;32ef1bd30ee44a4d88e47ed88ac8a012,BitcoinHodlerz,indicator,2,1,1,0,0,2026-07-24T14:34:34+00:00,16,"Shout out to Future Traders! Designed from first principles, an institutional-grade risk parity dashboard. It normalizes volatility across multiple assets via MTF ATRs, delivering precise position sizing and friction cost tracking."
https://www.tradingview.com/script/U37mdOq2-LuxAlgo-TL-Break-Volume-Cascade-v6/,LuxAlgo TL Break + Volume Cascade v6,U37mdOq2-LuxAlgo-TL-Break-Volume-Cascade-v6,PUB;b27f3863db394e9c8a2d5567ddcdccd3,Gary_300785,indicator,2,1,3,0,0,2026-07-24T14:33:35+00:00,16,"A simple Buy/Sell indicator based on breakout with volume. The script will print a buy or a sell signal when a trendline breakout occurs and the three current volume bars are cascading upwards. Further confirmation can be achieved when at least two of the volume bars, including the current one, are the same colour as the trend direction."
https://www.tradingview.com/script/4kLD2Pf6/,Monitoramento RSI,4kLD2Pf6,PUB;f21a133cf36f4fc6b1fc71fa9ca3e681,gustavo_plepis,indicator,2,4,1,0,0,2026-07-24T14:31:44+00:00,17,Indicador simples para monitoramento integral de RSI
https://www.tradingview.com/script/caBHtdcj-SMM-Trendline-Companion-v2/,SMM Trendline Companion v2,caBHtdcj-SMM-Trendline-Companion-v2,PUB;e88b78415e3b46549c62490d40369eec,irdafahmi,indicator,3,1,0,0,0,2026-07-24T14:28:22+00:00,17,"SMM Trendline Companion v1 is a lightweight overlay tool designed to be used beside a separate market-structure planning indicator. It focuses only on confirmed trendline support and resistance, breakout behavior, and retest confirmation. It does not draw Fibonacci zones, TP lines, SL lines, entry boxes, or dashboard panels.  The script builds trendlines from confirmed pivot highs and confirmed pivot lows. The resistance trendline is drawn from the two most recent confirmed pivot highs. The supp"
https://www.tradingview.com/script/OFHYn76Y-RPFXBYDAN-ORB-Cascade-Multi-Session/,RPFXBYDAN - ORB Cascade - Multi-Session,OFHYn76Y-RPFXBYDAN-ORB-Cascade-Multi-Session,PUB;ad83a2f732bd493e89dc066f0cbd3955,Kavaholic,indicator,2,3,1,0,0,2026-07-24T14:25:00+00:00,17,"RPFXBYDAN - ORB Cascade — Multi-Session  **Designed for the 2-minute chart.** This indicator automates a three-step opening range breakout workflow across the Asia, London, and New York sessions, so you never have to draw the boxes or watch the clock yourself.  \Why this is original  Most opening range breakout scripts work on a single timeframe: they mark a range and signal when price crosses it. This script instead chains three timeframes into one sequential state machine — a 30-minute range, "
https://www.tradingview.com/script/SvI9dcqJ/,The Trend Flow V1.0 - (EN | ES),SvI9dcqJ,PUB;b385ff06df00407faea928bd37df75aa,jacksontoledo,indicator,3,1,2,0,0,2026-07-24T14:23:03+00:00,17,"🇬🇧 🇬🇧 🇬🇧 English Description 🇬🇧 🇬🇧 🇬🇧   Most charts don't fail because there's too little information — they fail because there's too much of it, all shouting at once. The Trend Flow is a full institutional-style trading system built into a single indicator: a trend engine, a Smart Money footprint scanner, a session-context reader, a reversal and exhaustion detector, and a risk-management layer — all cross-checked against each other and distilled into one dashboard and a small number of signals "
https://www.tradingview.com/script/6N0ugP2E-Volume-Delta-Inverted-Red-Dual-ATR-MAs/,Volume Delta (Inverted Red + Dual ATR MAs),6N0ugP2E-Volume-Delta-Inverted-Red-Dual-ATR-MAs,PUB;c4d20b726d644b6f922cb79719ba2f01,bootsauce,indicator,1,1,0,0,0,2026-07-24T14:22:51+00:00,17,"Volume Delta Histogram, 1sec volume source, brightness threshold can be configured to ma / atr / or ma of the atr, default is atr."
https://www.tradingview.com/script/4oIrD9Mx-ICT-Kill-Zone-CISD-With-Alert/,ICT Kill Zone CISD With Alert,4oIrD9Mx-ICT-Kill-Zone-CISD-With-Alert,PUB;1c4eec55cced4c97b4a3fb53bc290086,chiefofuji,indicator,2,1,1,0,0,2026-07-24T14:07:12+00:00,17,"  Plots sweep-confirmed CISD levels only, and only when they form inside the Asian (20:00–00:00), London (02:00–05:00), or New York (09:30–11:00) New York-time kill zones. The three windows do not overlap.  Each level draws as a short horizontal line from its origin candle to the confirming bar. Nothing extends forward. No candle colouring, no swing dots, no expired history.  One ""Any alert() function call"" alert fires at full candle body close, stating instrument and whether the CISD is bullish"
https://www.tradingview.com/script/5cp3hfkb/,Trader Identity - Stream Indicator,5cp3hfkb,PUB;9310ce6fe0004307944fddacd7193d35,Bdm-Trading,indicator,3,1,0,0,0,2026-07-24T14:01:56+00:00,17,"The Trader Identity Stream Indicator is a proprietary market-analysis tool developed specifically for GBPJPY on the 5-minute chart.  It provides a structured interpretation of current price action by evaluating the interaction between relevant price areas, directional market behaviour and the broader trading context.  Instead of relying on a single technical indicator or isolated candle pattern, the system combines several complementary forms of price-action analysis within a unified internal fr"
https://www.tradingview.com/script/xuGkZkaN-A-Setup-Confirmation/,A+ Setup Confirmation,xuGkZkaN-A-Setup-Confirmation,PUB;098351ac90344472bd6a628585146a44,cameronfortson12,indicator,2,1,1,0,0,2026-07-24T14:01:43+00:00,17,"Just a test on vwap and hightime frame confirmation , backtest first "
https://www.tradingview.com/script/twWLzjrH-Good-VWAP-Fib-Strategy-v2/,Good VWAP Fib Strategy v2,twWLzjrH-Good-VWAP-Fib-Strategy-v2,PUB;c6e43ea8c6f54d6e9f8afe5fc60b8e57,jebkermanspace,strategy,2,1,3,0,0,2026-07-24T13:57:28+00:00,17,"Good VWAP Fib Strategy v2 trades breaks of VWAP-anchored Fibonacci bands. On a break it rests a trailing limit at the band — now with an optional front-run that places it a user-set number of ticks early (default 10) for a higher fill rate — targets the next band (capped at 0.618), and protects the trade with a ratcheting ATR trailing stop. Every entry is confirmed by a built-in momentum oscillator, and skipped signals are labelled on-chart with the reason. Fully self-contained, no external indi"
https://www.tradingview.com/script/YX8IIs10-ICT-Kill-Zones-Plus-Sweep-Alert/,ICT Kill Zones Plus Sweep Alert,YX8IIs10-ICT-Kill-Zones-Plus-Sweep-Alert,PUB;d5a5866eb5784c6f9902f1f499f918b0,chiefofuji,indicator,2,1,1,0,0,2026-07-24T13:47:28+00:00,17,"  Plots three faint grey session boxes on the New York clock: Asia (20:00–00:00), London (02:00–05:00) and New York (09:30–11:00), with no overlap between them.  Draws the high and low of each session.  Shows only the current cycle. At 20:00 New York time the previous cycle is cleared, so the chart never accumulates old boxes.  Fires an alert the moment price trades through a completed session high or low, naming the session and the side that was taken.  Each side alerts once per cycle. Use the "
https://www.tradingview.com/script/uvnjRxk5-ICT-Toolkit-PRO-Abdikarim-FX/,ICT Toolkit PRO | Abdikarim FX,uvnjRxk5-ICT-Toolkit-PRO-Abdikarim-FX,PUB;c47be9aec3ee4cf699cae6aa65166d12,Abdikarim_fx,indicator,2,1,1,0,0,2026-07-24T13:41:36+00:00,17,ICT Toolkit PRO | Abdikarim FX  A professional Smart Money Concepts (SMC) and ICT-based trading toolkit designed for institutional-style market analysis.  This indicator combines multiple ICT concepts into one powerful dashboard:  🔥 ICT Sessions & Kill Zones 🔥 CRT Sessions 🔥 Liquidity Engine 🔥 Equal Highs / Equal Lows 🔥 Buy Side Liquidity (BSL) 🔥 Sell Side Liquidity (SSL) 🔥 Liquidity Sweeps 🔥 Market Structure 🔥 BOS (Break of Structure) 🔥 CHOCH (Change of Character) 🔥 MSS (Market Structure Shift)
https://www.tradingview.com/script/Oj3w217O-Algo-Bing-Elephant-Edge/,Algo Bing Elephant Edge,Oj3w217O-Algo-Bing-Elephant-Edge,PUB;712e5f25e26d4df49eb585e819656aca,chandank13,indicator,2,3,4,0,0,2026-07-24T13:27:31+00:00,17,"This is the Replica Indicator of Algo Bing Elephant Edge indicator.  Session Excursion Percentile Zones is an intraday support and resistance indicator based on the historical expansion of price away from the session open. Instead of using fixed-point or ATR-based levels, the indicator studies how far previous sessions moved above and below their opening price. These historical excursions are converted into percentile-based reaction zones and projected symmetrically around the current session op"
https://www.tradingview.com/script/ZC5TP153-First-Presented-Fair-Value-Gap-YoT/,First Presented Fair Value Gap (YoT),ZC5TP153-First-Presented-Fair-Value-Gap-YoT,PUB;3432b687b09d48638e805d6fd389f8e6,YotaM-,indicator,3,1,2,0,0,2026-07-24T13:15:21+00:00,17,Automatically detects and marks the First Presented Fair Value Gap. Based on ICT concepts. Enhanced with proprietary research and proven effectiveness.
https://www.tradingview.com/script/vnfwBFs7-Deep-Print-Pro-Ultimate-SMC-Trap-Detector/,Deep Print Pro: Ultimate SMC & Trap Detector,vnfwBFs7-Deep-Print-Pro-Ultimate-SMC-Trap-Detector,PUB;feaa8f3b45e74005826ad2ce6f489347,forexcandlepattern,indicator,2,1,1,0,0,2026-07-24T13:03:39+00:00,17,"Welcome to Deep Print Pro Master — the most comprehensive, institutional-grade Smart Money Concept (SMC) suite available on TradingView.  Designed for both scalpers and swing traders, this all-in-one indicator doesn't just show you basic market structure; it is specifically engineered to read algorithmic order flows, catch retail liquidity traps, and identify unmitigated institutional Point of Interests (POIs) before the market reacts.  Forget cluttered charts with multiple indicators. Deep Prin"
https://www.tradingview.com/script/QU5wkWeq/,Flats Wave Theory BETA,QU5wkWeq,PUB;94afd0fdf7fa485da4787b1c8e8c76c5,ovoide,indicator,3,1,0,0,0,2026-07-24T12:57:37+00:00,17,"This indicator automatically detects corrective structures such as Regular Flats, Running Flats, and Expanded Flats based on Wave Theory, across multiple timeframes from S15 to H4.  It displays the A, B, and C points, updates structures in real time, removes invalidated setups, and prioritizes higher timeframes to reduce duplicate structures.  Further updates are currently in progress to refine and improve the indicator."
https://www.tradingview.com/script/gxYwNhZo/,Valid Pullback Flow [TM],gxYwNhZo,PUB;5c4c11d114c8466cbb1bfa79135f968d,Timurinci,indicator,2,1,63,0,0,2026-07-24T12:49:20+00:00,17,"Valid Pullback Flow    Market structure built on liquidity, not on bar counts.    1. What this indicator does   Most zigzag tools decide what a swing high or low is by counting bars or measuring a percentage move. Valid Pullback Flow uses a different definition: a high or a low is confirmed only once the opposing liquidity has actually been taken. Nothing is marked until the market has done the work.  From that single rule the script builds a complete structural picture:  a zigzag connecting onl"
https://www.tradingview.com/script/cXHPIwIi-TradingTitansUltimate/,TradingTitansUltimate,cXHPIwIi-TradingTitansUltimate,PUB;2e0a8a28cbfc4bfd8fb946dc0fc380da,AVSnipers,indicator,2,1,5,0,0,2026-07-24T12:47:53+00:00,17,"Multi-timeframe: Scans M15, H1, H2, H4 and Daily.  Filters: Configurable lookback (default 50 candles per TF), minimum wick, minimum sweep beyond close, opposite-color requirement, and a cap on levels per TF.  Lifecycle: The level disappears after 3 events (configurable), in two modes — break (close on the opposite side) or touch (wick). The counter is shown in the label: M15 2/3."
https://www.tradingview.com/script/hTYcuhGJ-Key-Level-Pro/,Key Level Pro,hTYcuhGJ-Key-Level-Pro,PUB;b7e1ee9178f54fcdabbadc4c9c00f887,keylevelfx101,indicator,3,2,1,0,0,2026-07-24T12:28:02+00:00,17,"Key Level Pro — SMC Suite powered by Displacement Core (DC) Key Level Pro is an institutional-grade Smart Money Concepts (SMC) execution framework designed to capture true market displacement and deliver precise expansion targets.  Instead of cluttering your chart with dozens of overlapping boxes and subjective lines, the indicator utilizes a proprietary Displacement Core (DC) engine. It pinpoint-detects institutional impulse points and converts them into clear anchors for entry and risk managem"
https://www.tradingview.com/script/Ak9W2EGs-Volume-Mismatch/,Volume Mismatch,Ak9W2EGs-Volume-Mismatch,PUB;0dfb9f2ce78a4a0eaec120b02030b81e,BeingAbhiArya,indicator,2,1,1,0,0,2026-07-24T12:17:43+00:00,17,"This indicator identifies volume mismatches using TradingView's default Volume color logic when ""Color Based on Previous Close"" is enabled.  The indicator plots markers directly on the price chart to help traders quickly identify potential buying or selling weakness.  Features: ✔ Uses TradingView's default volume color logic ✔ Simple visual markers ✔ No repaint ✔ Works on all timeframes ✔ Suitable for stocks, indices, futures and crypto  Note: Volume mismatch should not be used as a standalone t"
https://www.tradingview.com/script/Tg4egalI/,NQ Higher Timeframe Reaction Map,Tg4egalI,PUB;54f45d2e08d342939a774afb48544dc9,mayunfeiflyneo,indicator,2,1,0,0,0,2026-07-24T12:12:09+00:00,17,"NQ Higher-Timeframe Reaction Map v3.7 NQ Higher-Timeframe Reaction Map v3.7 is a multi-timeframe key-level and confirmation framework designed specifically for E-mini Nasdaq-100 futures. Its purpose is not to predict every market move or generate an automatic trade whenever price touches support or resistance. Instead, it focuses on three practical questions: Where are the market locations that deserve attention? Is the level acting as support, resistance, or transitioning after a breakout? Has "
https://www.tradingview.com/script/5a8lyUCs-EMA-High-Breakout-Screen/,EMA High Breakout Screen,5a8lyUCs-EMA-High-Breakout-Screen,PUB;444b929f404648559641fb274be9029c,SiniGb,indicator,1,1,0,0,0,2026-07-24T11:49:37+00:00,17,This indicator identifies breakout candles where the price crosses above a short-term upper boundary moving average after resting underneath it.  ### Methodology & Conditions: The script tracks a 4-period Exponential Moving Average calculated on the High of each bar (4 EMA of High). A candle triggers a signal (and paints green) when all of the following conditions are met simultaneously:  1. Current Close is strictly ABOVE the current 4 EMA of High (c > xavgh4). 2. Previous bar Close was BELOW i
https://www.tradingview.com/script/FUjRAOP3-IB-VPro-WhatzRapz/,IB VPro [WhatzRapz],FUjRAOP3-IB-VPro-WhatzRapz,PUB;9aa24a86190e4e9a8ca74e97894c7dfa,WhatzRapz,indicator,3,1,1,0,0,2026-07-24T11:43:39+00:00,17,"Daily Volume Profile Pro — v2.0.2  Automatically builds a full volume profile for each of the last 7 daily sessions, directly on your intraday chart. No premium TradingView plan required — profiles are computed bar-by-bar from chart volume.  📊 What it draws  Volume Profile per session — horizontal volume distribution with adjustable bin count (8–50), drawn on the left or right of each day POC (Point of Control) — the highest-volume price of each day, with optional dashed extension into following"
https://www.tradingview.com/script/R7GS4N9D-THE-A-I-Coach-ULTRA-Pro-Visuals-v8-Smart-Retest/,THE A-I Coach ULTRA - Pro Visuals v8 (Smart Retest),R7GS4N9D-THE-A-I-Coach-ULTRA-Pro-Visuals-v8-Smart-Retest,PUB;92766f10a36e4c8886a6ddb6eafb5403,Oezkan1983,indicator,2,1,1,0,0,2026-07-24T11:38:50+00:00,17,"OVERVIEW AI Coach ULTRA is a multi-factor trend-following strategy that combines trend regime detection, order-flow imbalance (volume delta), and Wyckoff-style range positioning into a single weighted ""Master Score."" Entries only trigger when several independent conditions align, which is intended to filter out low-quality, noise-driven setups.  HOW IT WORKS 1. Trend Engine: an EMA(14) with a standard-deviation envelope defines    the prevailing trend regime. The regime persists until price clos"
https://www.tradingview.com/script/Tkcrm47G/,RSI Pro Divergence V1.0 - (EN | ES),Tkcrm47G,PUB;6e62a54af8f847f3a43043b67ba88790,jacksontoledo,indicator,3,1,4,0,0,2026-07-24T11:37:42+00:00,17,"🇬🇧 🇬🇧 🇬🇧 English Description 🇬🇧 🇬🇧 🇬🇧   Divergences are one of the earliest tells a market gives you that momentum and price are falling out of sync, but catching them by eye, in real time, on a fast-moving chart, is exactly the kind of pattern-recognition task a trader's brain is bad at under pressure. RSI Pro Divergence does it for you: it scans RSI pivots against price swings on every bar, plots all four real divergence types the moment they qualify, and, going a step further than most tools "
https://www.tradingview.com/script/9SogunKB/,LazyRich Reclaim,9SogunKB,PUB;888a3f49c8524de98e5f31d9a60bc56b,Lazy_Rich,indicator,3,1,5,0,0,2026-07-24T11:31:54+00:00,18,"LazyRich Reclaim  대부분의 반전 지표는 화살표만 줄 뿐, 이유를 주지 않습니다. 매매가 틀려도 배울 게 없습니다. LazyRich Reclaim은 한 가지 원칙으로 만들었습니다. 차트에 찍히는 모든 표식에는 눈으로 확인하고, 의심하고, 백테스트할 수 있는 기계적이고 반복 가능한 이유가 있습니다. 구조를 대신 읽어줘서, 당신의 시간은 정말 중요한 곳, 판단에 쓰입니다.  핵심 신호  SR — 화살표가 아니라 확정된 반전 SR은 상위 시간대 모델 캔들이 직전 모델 캔들의 유동성을 꼬리로 스윕하고, 같은 캔들 종가로 그 레벨 안쪽을 되찾았을 때만 표시됩니다. 확정된 유동성 사냥과 거절이지 단순 터치가 아닙니다. 그 자리가 왜 반응했는지 항상 설명되고, 백테스트할 수 있습니다.  X — 틀리면 틀렸다고 말합니다 SR의 극점이 이후 재장악되면 X로 바뀝니다. 숨기지 않고, 리페인팅하지 않습니다. 차트에 남는 건 실제로 버틴 자리뿐입니다. 대부분의 지표는 실패를 슬쩍 지우지만, "
https://www.tradingview.com/script/a9E9Y0nq-BTC-Smart-DCA/,BTC Smart DCA,a9E9Y0nq-BTC-Smart-DCA,PUB;d63781ee68134fb68c7a32b89825f870,Ivan_0312,indicator,2,2,7,0,0,2026-07-24T11:29:34+00:00,18,"BTC Smart DCA is a macro-cycle accumulation and distribution indicator for Bitcoin. It combines momentum, trend and cycle context in one structured workflow. The primary DCA layer uses three independent conditions: daily RSI for momentum exhaustion, the weekly EMA for price moving below its longer-term mean, and a bullish two-week Hull MA turn for trend recovery. The two-month Hull MA defines the broader cycle, with START DCA and FULL EXIT marking confirmed macro transitions. An optional 2M Prev"
https://www.tradingview.com/script/e4EZUXqH-ICT-CRT-Sessions-Purges-Abdikarim-FX/,ICT CRT Sessions & Purges | Abdikarim FX,e4EZUXqH-ICT-CRT-Sessions-Purges-Abdikarim-FX,PUB;d7974cd72a3d4b2ca1569a6765be5f2c,Abdikarim_fx,indicator,2,1,7,0,1,2026-07-24T11:25:17+00:00,18,"ICT CRT Sessions & Purges | Abdikarim FX is a clean and lightweight TradingView indicator that displays the standard ICT CRT trading sessions and their corresponding purge times in a compact dashboard. The panel is positioned in the top-right corner of the chart and is designed for quick reference without cluttering the workspace. It includes Pre Asian, Asian, London, Pre New York, and New York sessions along with their key purge times. The indicator is optimized for performance, uses Pine Scrip"
https://www.tradingview.com/script/WtXvLPOX-CVD-Improved-By-innerRacers/,CVD Improved By innerRacers ,WtXvLPOX-CVD-Improved-By-innerRacers,PUB;38ad04ea416547efaf212f0bc7a634ca,Inner_Racerz,indicator,2,1,72,0,0,2026-07-24T11:17:21+00:00,18,"     ## OVERVIEW   Cumulative Volume Delta (CVD) measures the running difference between aggressive buying and aggressive selling. Standard volume tells you *how much* traded — CVD tells you *who was in control*. This indicator plots CVD in a separate pane using real lower-timeframe data, with a clean set of tools around it and no signal clutter.  ## HOW IT WORKS  The script uses `ta.requestVolumeDelta()` from the TradingView `ta` library. Instead of guessing buy/sell pressure from candle shape,"
https://www.tradingview.com/script/xJaFDa97-Manual-Trade-Tracker-Entry-SL-TP-TSL/,Manual Trade Tracker-Entry/SL/TP + TSL,xJaFDa97-Manual-Trade-Tracker-Entry-SL-TP-TSL,PUB;ae875e1124f64d36aa6ed36df093191d,dilipjkothari,indicator,2,4,3,0,0,2026-07-24T11:15:49+00:00,18,"Manual Trade Tracker — Entry/SL/TP + TSL This is an original tool for manually tracking a single trade's Entry, Stop Loss, and Take Profit levels on the chart, with a Trailing Stop Loss (TSL) that only activates after your TP price is touched. ⚠️ Important — Trade Decisions Are Yours This script does not generate any buy/sell signals and does not recommend any trade. The Entry, Take Profit, and Stop Loss prices are entered manually by the user based on their own analysis. The author of this scri"
https://www.tradingview.com/script/Gb91hzT4-IB-ORB-VWAP-FVG-Imbalance-Indicators-TP/,IB/ORB/VWAP/FVG/Imbalance Indicators TP,Gb91hzT4-IB-ORB-VWAP-FVG-Imbalance-Indicators-TP,PUB;6d7a8d05630f485f9ca0174f35a0e42b,taylorperman,indicator,2,1,8,0,0,2026-07-24T11:15:19+00:00,18,"Sharing with my friends, this is what I like maybe you will to."
https://www.tradingview.com/script/4EzwSgBx-NQ-PulseMatrix-Market-Map-by-Shizuka-Trading/,NQ PulseMatrix - Market Map by Shizuka Trading,4EzwSgBx-NQ-PulseMatrix-Market-Map-by-Shizuka-Trading,PUB;1216369875744882b4eafc0319b72cb8,Shizuka-Trading,indicator,3,1,0,0,0,2026-07-24T11:14:50+00:00,18,"NQ PulseMatrix - Market Map Visual intermarket map for Nasdaq futures =========================================  Overview  NQ PulseMatrix - Market Map is the complete visual workspace in the NQ PulseMatrix family. It combines a detailed decision dashboard with normalized comparison curves for Nasdaq, the broad market, semiconductors, software, mega-cap leadership, and optional market breadth.  The indicator runs in a separate pane and is designed for a dedicated TradingView analysis chart or tab"
https://www.tradingview.com/script/bJovJPr4-lavka-irl-map-v2/,[LavKa] IRL Map v2,bJovJPr4-lavka-irl-map-v2,PUB;73ce38ec23ae4d94a5b30121c0a85a67,LaVKAa,indicator,3,2,3,0,0,2026-07-24T11:04:07+00:00,18," IRL Map A Multi-Timeframe Map of Imbalances, External Liquidity, and Price Flow LavKa IRL Map helps traders read the market as a connected narrative rather than a collection of isolated zones. The indicator identifies Fair Value Gaps and Breakaway Gaps, connects them with directional External Range Liquidity targets, and tracks the full lifecycle of every active setup. Multiple timeframes can be displayed on a single chart, from local intraday zones to Daily, Weekly, and Monthly structures. Thi"
https://www.tradingview.com/script/MeysDY5o-IB-ORB-VWAP-FVG-Indicators-TP/,IB/ORB/VWAP/FVG Indicators TP,MeysDY5o-IB-ORB-VWAP-FVG-Indicators-TP,PUB;23ebcd7cb61d4d1eae364556eecb7dd8,taylorperman,indicator,2,1,0,0,0,2026-07-24T10:54:59+00:00,18,Pushing and combining indicators that I find useful to share with my friends. 
https://www.tradingview.com/script/gn2NmUv3-Stage-Analysis-VCP-Breakout-Engine-ASX/,Stage Analysis & VCP Breakout Engine ASX,gn2NmUv3-Stage-Analysis-VCP-Breakout-Engine-ASX,PUB;fd44d32faca54a26a5ee088646a73717,StageAnalysisPro,indicator,3,1,0,0,0,2026-07-24T10:49:15+00:00,18,"The Stage Analysis & VCP Breakout Engine (ASX) is a comprehensive, quantitative TradingView indicator engineered specifically for traders operating on the Australian Securities Exchange (ASX).  While the systems logic can be applied globally, this script is uniquely calibrated for the ASX.  - Default benchmark ASX:XJO - Liquidity Filters are scaled to the liquidity realities of the Australian market. - Sector Heatmap - Pre loaded with the 11 primary ASX sectors to instantly gauge where instituti"
https://www.tradingview.com/script/UkAvm7P4-Bulls-vs-Bears-Points-Hover-Tooltip/,Bulls vs Bears Points (Hover Tooltip),UkAvm7P4-Bulls-vs-Bears-Points-Hover-Tooltip,PUB;6132005723bf4791bd587a143c348c89,DV411052,indicator,3,1,0,0,0,2026-07-24T10:40:16+00:00,18,Tooltip to show the points of Bulls and Bears and the outcome 
https://www.tradingview.com/script/jrUlHRwm/,Multi-Reversal Oscillator,jrUlHRwm,PUB;508ebebd85de487b8ecc101797e1c10e,TeomanAltunok,indicator,2,1,2,0,0,2026-07-24T10:37:40+00:00,18,"# Multi-Reversal Oscillator  ## Çok Katmanlı Analiz ile Güçlü Dönüş Sinyalleri  **Multi-Reversal Oscillator**, piyasalardaki olası dip ve tepe dönüşlerini daha yüksek doğrulukla tespit edebilmek amacıyla geliştirilmiş gelişmiş bir momentum ve reversal (trend dönüşü) osilatörüdür.  Tek bir sinyal algoritmasına bağlı kalmak yerine, birbirinden bağımsız çalışan **iki farklı reversal motorunu** aynı sistem içerisinde birleştirir. Her iki motorun ürettiği sinyaller akıllı bir öncelik sistemiyle değer"
https://www.tradingview.com/script/sMEALjFo-PRi5M-NWS-7-0/,PRi5M NWS 7.0,sMEALjFo-PRi5M-NWS-7-0,PUB;1c69dc0d0e354c17a18f9846afd146da,Offspringz,indicator,2,1,5,0,1,2026-07-24T10:35:16+00:00,18,"PRi5M NWS 7.0  A scoring/signal indicator for price analysis, combining nSMC zone detection, PA/PP/Signal routing, regime detection, Trend Number, Wave Counter, and a real-time dashboard summarizing plan status.  Key Features  Demand/Supply zone detection (nSMC) with ATR-based auto-sizing Signal scoring across 3 routes: Price Action, Price Pattern, and Signal (oscillator/trend) Trendline Breakout, Divergence detection, Wave Counter Built-in dashboard showing plan status, scores, and win rate Opt"
https://www.tradingview.com/script/BwX4oE6z-Merlin-s-Wand-VWAP-Source-Finder-by-VZSFX/,Merlin's Wand: VWAP Source Finder by VZSFX,BwX4oE6z-Merlin-s-Wand-VWAP-Source-Finder-by-VZSFX,PUB;2aa5dac4eca14cf1af99885af8a0ae0d,VZSFX,indicator,2,1,0,0,0,2026-07-24T10:29:58+00:00,18,"🔮 Merlin's Wand: Dynamic Target VWAP Finder (Auto + Interactive)  Have you ever wondered where to anchor your VWAP so it perfectly aligns with a specific breakout, reversal, or current price level? Stop guessing. Merlin's Wand does the magic for you by reversing the traditional VWAP anchoring process.  Instead of randomly picking a starting point and hoping it respects the current price action, you pick the TARGET candle, and the script scans the past to find the perfect anchor point.  ✨ How the"
https://www.tradingview.com/script/RSyVfVHI-ETH-Smart-DCA/,ETH Smart DCA,RSyVfVHI-ETH-Smart-DCA,PUB;f0d6941ef74e4bcb8540ca1117bc9b80,Ivan_0312,indicator,2,2,2,0,0,2026-07-24T10:26:40+00:00,18,"ETH Smart DCA  ETH Smart DCA is a cycle-based accumulation tool that combines Ethereum momentum with Bitcoin macro context. ETH RSI highlights downside momentum and potential oversold conditions, ETH Hull MA identifies broader trend turns, and the BTC weekly EMA provides an additional macro accumulation reference. Bitcoin higher-timeframe Hull MA and the selected halving cycle define the active DCA phase, Profit Start, and Full Exit.  The month-end DCA signal appears only when no RSI, Hull MA, o"
https://www.tradingview.com/script/NuymPVJG-Body-Flip-Levels-Selected-Day-Part-2/,Body Flip Levels Selected Day Part 2,NuymPVJG-Body-Flip-Levels-Selected-Day-Part-2,PUB;36e156751e1c4715a9453515b83ae17a,blowsoumo008,indicator,2,1,2,0,0,2026-07-24T10:21:11+00:00,18,# Body Flip Levels – Complete User Guide  ## Introduction  **Body Flip Levels** is a professional Support & Resistance indicator designed for intraday traders who rely on **price action rather than lagging indicators**. It identifies important **Body Flip Levels (BFL)**—price levels created when candle bodies flip from bullish to bearish or bearish to bullish. These price levels often act as future support and resistance because they represent areas where market control changed hands.  This indi
https://www.tradingview.com/script/ra9u6pq9-trendX-AI-OB-Tracker-v4-6-LTF-friendly-FVG/,trendX-AI OB Tracker v4.6 - LTF friendly & FVG,ra9u6pq9-trendX-AI-OB-Tracker-v4-6-LTF-friendly-FVG,PUB;960d14ca2e74425ea978db4f4183dd4e,TentacleDayAI_Lab,indicator,2,1,6,0,0,2026-07-24T10:15:44+00:00,18,"# trendX OB Tracker v4.6 — TradingView publication description  ---  ## ENGLISH VERSION  ### Overview  **trendX OB Tracker** answers one question and refuses to be distracted from it: *among everything currently on the chart, which single zone is worth acting on right now?*  Most Smart Money tools draw every order block and every gap they can find, and leave the trader to sort through twenty overlapping boxes. This one tracks them all internally, then ranks them, hides the irrelevant ones, and p"
https://www.tradingview.com/script/GNScKrL8-VP-Strategy-Builder/,VP Strategy Builder,GNScKrL8-VP-Strategy-Builder,PUB;74db602c388c4aa39c7806c8bdc2fcd2,vijaysuccess09,indicator,3,1,0,0,0,2026-07-24T10:14:26+00:00,18,VP strategy builder uses the multiple indicator and use can customise the same as per user requirement.  
https://www.tradingview.com/script/Fpl43y3Q-trendX-AI-Edges-v24-1-Pullback-complet-Phase-Predictor/,trendX-AI Edges v24.1 - Pullback complet : Phase + Predictor,Fpl43y3Q-trendX-AI-Edges-v24-1-Pullback-complet-Phase-Predictor,PUB;f1603c853a2b47e19ca44bbe222168cd,TentacleDayAI_Lab,indicator,2,1,1,0,0,2026-07-24T10:04:18+00:00,18,"## ENGLISH VERSION  ### Overview  **trendX Edges** is a multi-layer intraday overlay built around a single question: *where is the market in its pullback cycle, and is this the moment to act?*  It was developed for intraday gold (XAUUSD) and is calibrated for the 15-minute chart, though it runs on any timeframe and instrument. Rather than adding one more signal to a chart, it organises several complementary readings into one coherent picture: session equilibrium levels, market structure, imbalan"
https://www.tradingview.com/script/2mWkGTt8-EMA-Drift-Adaptive-Bounds/,EMA Drift - Adaptive Bounds,2mWkGTt8-EMA-Drift-Adaptive-Bounds,PUB;baf43a5b1e984d9680528aaccf19f3b6,mujoT,indicator,3,1,0,0,0,2026-07-24T10:00:08+00:00,18,"EMA Drift - Adaptive Bounds  ◈ Concept EMA Drift measures smoothed trend momentum through the directional change of an exponential moving average, adjusted for current volatility. Adaptive bounds distinguish stronger momentum shifts from ordinary fluctuations and maintain a persistent Long or Cash state.  ⚙ Construction ‣ Measures the bar-to-bar slope of an EMA ‣ Scales the drift by ATR ‣ Evaluates normalized momentum against its recent variability ‣ Forms adaptive upper and lower bounds around "
https://www.tradingview.com/script/bDyPWQJU-Macro-1Y-Pivot-Range-Projection/,Macro 1Y Pivot Range Projection,bDyPWQJU-Macro-1Y-Pivot-Range-Projection,PUB;640a30885a134b8db1083ac174ede585,tiprolin,indicator,2,1,0,0,0,2026-07-24T09:56:34+00:00,18,Automatically draws time based projections that provide support and resistance in the future.
https://www.tradingview.com/script/6QtVEgwB-Macro-3M-Pivot-Range-Projection/,Macro 3M Pivot Range Projection,6QtVEgwB-Macro-3M-Pivot-Range-Projection,PUB;183bca2c19ab4a338cde1383609ada4f,tiprolin,indicator,2,1,0,0,0,2026-07-24T09:55:35+00:00,18,Automatically draws time based projections that provide support and resistance in the future.
https://www.tradingview.com/script/zLn4rl6k/,Volume Weighted Average Price (with session break),zLn4rl6k,PUB;baad0a21ed664804a59973b98b8a65c8,notflask,indicator,2,1,0,0,0,2026-07-24T09:52:04+00:00,18,"Breaks during new day, so it looks cleanear and much better to understand. "
https://www.tradingview.com/script/RDBYE0S2-trendX-AI-SMC-OB-FVG-BPR-FIBO-v9/,trendX-AI SMC/OB/FVG&BPR/FIBO v9,RDBYE0S2-trendX-AI-SMC-OB-FVG-BPR-FIBO-v9,PUB;54a50e371a684644ae0e3b06a6ddec97,TentacleDayAI_Lab,indicator,2,1,3,0,0,2026-07-24T09:49:45+00:00,18,"# trendX-AI SMC/OB/FVG&BPR/FIBO v9 — TradingView publication description  ---  ## ENGLISH VERSION  ### Overview  **trendX-AI SMC v9** is a decision-support overlay that brings market structure, Fibonacci context, imbalance zones and a scored entry framework together in a single, deliberately uncluttered display.  It was designed for intraday gold (XAUUSD) but works on any liquid instrument, and self-calibrates from 3-minute charts up to daily.  The intent is not to add one more signal generator "
https://www.tradingview.com/script/h0CAdB5S-Oybek-stats/,Oybek stats,h0CAdB5S-Oybek-stats,PUB;237ec4be65a0437cbfe9be4005e8c7b2,misterlexx2026,indicator,1,1,0,0,0,2026-07-24T09:48:30+00:00,19,"**PM Gap Scanner — 10 Tickers**  Monitors up to 10 symbols at once and fires an alert when a stock moves away from its previous regular-session close by more than a set threshold during pre-market hours.  Key features: - Ten user-defined symbols, each with its own threshold (set to 0 to fall back to the global one) - Threshold measured in points or percent - Direction filter: gap up only, gap down only, or both - Configurable pre-market window (default 04:00–09:30 ET) - One alert per ticker per "
https://www.tradingview.com/script/w94Om7VN/,MTF(Multiple time frames),w94Om7VN,PUB;b8d34010d8ca40ccbbce360bbb562337,z0962,indicator,2,1,0,0,0,2026-07-24T09:47:03+00:00,19,"//@version=6 indicator(""多周期历史K线（实时更新）"", overlay=true)  // ===== 用户开关 ===== show5  = input.bool(true, ""5分钟"") show15 = input.bool(true, ""15分钟"") show30 = input.bool(true, ""30分钟"") show1h = input.bool(true, ""1小时"") show4h = input.bool(true, ""4小时"") showD  = input.bool(true, ""日线"")  // ===== 颜色 ===== bull   = input.color(color.green, ""阳线颜色"") bear   = input.color(color.red,   ""阴线颜色"") transp = input.int(70, ""透明度"", minval=0, maxval=100, step=1)  // ===== 固定周期毫秒数 ===== ms5  = 5 * 60 * 1000 ms15 = 15 * 60 * 1"
https://www.tradingview.com/script/yL00d6DT-TradedecisionLab-Structure/,TradedecisionLab Structure,yL00d6DT-TradedecisionLab-Structure,PUB;541733bbe7534d20aaff171ad9a19d6d,TradeDecisionLab,indicator,3,1,3,0,0,2026-07-24T09:43:22+00:00,19,"TradeDecisionLab – Multi-Timeframe Structure  This indicator automatically detects and plots market structure across all timeframes simultaneously. It identifies higher highs / higher lows, lower highs / lower lows, Break of Structure (BOS) and Change of Character (CHOCH) in real time.  ### Key features - Calculates structure on every timeframe at once (no need to switch charts). - Clearly separates true trend continuation from pullback / retracement phases. - Displays live statistical probabili"
https://www.tradingview.com/script/FqVlAe0R/,TCA10- small cake ,FqVlAe0R,PUB;72f85b77807549f8bd408bb6624f8a90,WA777888168,indicator,3,1,1,0,0,2026-07-24T09:31:13+00:00,19,"Stop guessing your exits. This system locks in profits in stages — not all-or-nothing — while automatically adapting to whatever the market's doing: trending, ranging, or chopping sideways. Smart filtering keeps weak signals out, and a built-in protection layer helps you avoid giving profits back. Built for Gold, ETH & top crypto pairs. Not financial advice."
https://www.tradingview.com/script/p18cMZBu-TradedecisionLab-Sessions/,TradedecisionLab - Sessions,p18cMZBu-TradedecisionLab-Sessions,PUB;f8ce2691aef4451b9049cf088e774011,TradeDecisionLab,indicator,3,1,2,0,0,2026-07-24T09:26:06+00:00,19,TradeDecisionLab – Sessions  This indicator separates trading sessions and weekdays to help traders apply weekly theory and project daily cycles with higher probability.  ### What it does - Clearly separates each weekday (Monday–Friday) on the chart. - Automatically measures and displays the size of the Asian session. - Uses the Asian session range as a reference to project possible daily cycle scenarios. - Helps calculate statistical probabilities based on weekly theory (how price typically beh
https://www.tradingview.com/script/WtVLCtjg-Institutional-Entry-Engine-V2/,Institutional Entry Engine V2,WtVLCtjg-Institutional-Entry-Engine-V2,PUB;a2cce460c52449c69bd3b8585567a4f1,John_Mercieca,indicator,2,1,3,0,0,2026-07-24T09:22:15+00:00,19,"# Institutional Engine V2 – Indicator Description  The **Institutional Engine V2** is a confluence-based Smart Money Concepts (SMC) and ICT trading indicator designed to identify high-probability long and short opportunities by combining multiple institutional trading concepts into a single scoring system.  Rather than relying on a single indicator or signal, the engine evaluates several independent market conditions before generating an entry. This helps filter out lower-quality trades and incr"
https://www.tradingview.com/script/jk4fjrwL/,TCA-A piece of small cake - BX ,jk4fjrwL,PUB;a17443c2610e4ef4a6707af1e99acb59,WA777888168,indicator,3,2,0,0,0,2026-07-24T09:19:40+00:00,19,"A precision multi-stage take-profit system built for disciplined trend and range trading. Automatically adapts entry logic across timeframes, filters low-quality setups with a built-in signal-strength score, and manages exits through a structured multi-target framework with dynamic risk protection. Includes real-time performance tracking and automated alert delivery.  Best suited for Gold, ETH, and major crypto/FX pairs. For educational and informational purposes only — not financial advice."
https://www.tradingview.com/script/lp004nJQ/,DRAGON SCALP VIP: Williams Vix Fix Reversal (XAUUSD),lp004nJQ,PUB;b4ccaaba5f454bcdbf8034f51c9b5d8f,cautay88,indicator,3,1,1,0,0,2026-07-24T09:19:24+00:00,19,"DRAGON SCALP VIP is an invite-only reversal scalp indicator based on the Williams Vix Fix concept (fear/greed extremes).  WHAT IT DOES It looks for panic-style spikes (bottom) and optional euphoria-style spikes (top), then prints BUY/SELL with on-chart Entry, Stop Loss, and Take Profit.  HOW IT WORKS 1) Build Williams Vix Fix–style series from recent high/low range (lookback PD, default 22). 2) BUY (bottom): WVF hits upper Bollinger band on the series OR percent-rank reaches the threshold (defau"
https://www.tradingview.com/script/7WBkDMm7/,JANNY SUPER SCALP: Supertrend + RSI + EMA Bias (XAUUSD),7WBkDMm7,PUB;6e53d43b0f9b4bb0b05f1d5788f376e6,cautay88,indicator,3,1,2,0,0,2026-07-24T09:16:48+00:00,19,"JANNY SUPER SCALP is an invite-only trend-following scalp indicator built on Supertrend with RSI and higher-timeframe EMA confirmation.  WHAT IT DOES It prints BUY/SELL when Supertrend flips, RSI agrees with momentum, and price aligns with the M15 EMA bias — with on-chart Entry, Stop Loss, and Take Profit.  HOW IT WORKS 1) Compute Supertrend (default ATR length 10, multiplier 2.4). 2) BUY: Supertrend flips bullish + RSI above buy threshold (default 50) + close above EMA on M15. 3) SELL: Supertre"
https://www.tradingview.com/script/w72XD86m-purav1-3/,[purav1.3],w72XD86m-purav1-3,PUB;44c106c8b65f43d6b74b0b23abd13d5b,khalasipurav8,indicator,2,1,2,0,0,2026-07-24T09:16:31+00:00,19,"Multi-Candle Base Detection: Upgraded from a strict single-candle base requirement to a dynamic engine that can identify zones formed by up to 3 base candles.  Flexible Leg-Out Comparison: Added a new ""Comparison Mode."" You can now choose whether the Leg-Out multiplier is calculated against the size of the Leg-In or the size of the Base.  Targeted Body Scope: Added a new setting for the Leg-Out Body %. You can now enforce this strict body requirement on just the First Candle of the breakout, rat"
https://www.tradingview.com/script/Sil8nfku-NQ-Signals/,NQ Signals,Sil8nfku-NQ-Signals,PUB;4303f904681841669a969ff5c8ac54aa,moorderflow,indicator,3,1,1,0,0,2026-07-24T09:15:02+00:00,19,"rvsals signals clear ""buy/sell"" signals. not financial advice trade at your own risk."
https://www.tradingview.com/script/u9AabytF/,ATM SUPER SCALP: SMC Liquidity Sweep (XAUUSD Scalp),u9AabytF,PUB;aa7e6b2f21aa47e2b5a0ec1425bf0cf8,cautay88,indicator,3,1,1,0,0,2026-07-24T09:11:56+00:00,19,"ATM SUPER SCALP is an invite-only scalp indicator focused on SMC-style liquidity sweeps.  WHAT IT DOES It detects when price sweeps a recent swing high/low and closes back inside the range, then prints BUY/SELL with on-chart Entry, Stop Loss, and Take Profit.  HOW IT WORKS 1) Calculate swing high / swing low from a lookback window (default: 12 bars). 2) BUY: candle low sweeps below swing low, then close back above swing low. 3) SELL: candle high sweeps above swing high, then close back below swi"
https://www.tradingview.com/script/Fsi62Pln/,Amillex Alpha AI 9: EMA CCI Volume Entry TP/SL (XAUUSD M5),Fsi62Pln,PUB;05abadf959bc4770abc242a3455a6219,cautay88,indicator,3,1,6,0,0,2026-07-24T09:07:21+00:00,19,"Amillex Alpha AI 9 is an invite-only entry indicator for XAUUSD on the M5 timeframe.  WHAT IT DOES It generates BUY/SELL labels with on-chart Entry, Stop Loss, and Take Profit using a multi-filter momentum stack: EMA structure, CCI triggers, volume confirmation, and optional higher-timeframe / ADX / session filters.  HOW IT WORKS 1) Build fast/slow/trend EMA stack (preset-driven lengths for scalp vs gold vs forex). 2) Detect mode-based triggers: high-frequency (cross + pullback + CCI), crossover"
https://www.tradingview.com/script/F3Zvp3tl-PHANTOM-Quant-Signal-Engine-protected/,PHANTOM Quant Signal Engine <protected>,F3Zvp3tl-PHANTOM-Quant-Signal-Engine-protected,PUB;c4e21686239a475c92f5ba6d5964d9c9,BTCphantomtrader,indicator,2,1,1,0,0,2026-07-24T08:54:55+00:00,19,### Overview Phantom Quant Signal Engine is a proprietary quantitative algorithm designed for high-precision momentum capture and volatility filtering across crypto and global futures markets.  ### Key Architecture & Logic 1. Micro-Volatility & Disparity Filtration: Utilizes multi-timeframe VWAP disparity and Bollinger Band Squeeze compression logic to eliminate false breakouts and market noise. 2. Tiered Execution Framework:    - Alpha Tier: Macro structural trend identification.    - Beta Tier
https://www.tradingview.com/script/FZpp1zMc-Options-Premium-Breakout-OPB-by-Spark-Algo/,Options Premium Breakout (OPB) by Spark Algo,FZpp1zMc-Options-Premium-Breakout-OPB-by-Spark-Algo,PUB;5b196ef83ab2403ebbee84108a2f3b8d,SparkAlgo,indicator,2,1,9,0,0,2026-07-24T08:54:26+00:00,19,"Options Premium Breakout (OPB) by Spark Algo   Options Premium Breakout (OPB) is a premium-based options trading indicator developed specifically for Indian derivatives traders. Instead of relying on the index chart alone, OPB analyzes the live premium movement of both Call (CE) and Put (PE) option contracts to identify high-probability breakout opportunities.  The indicator is designed to simplify option buying by providing clear entry levels, predefined risk management, live trade monitoring, "
https://www.tradingview.com/script/BecRVDkL-Bank-Nifty-Heavyweight-Sentiment-Signal-By-Haneesh/,Bank Nifty Heavyweight Sentiment Signal By Haneesh,BecRVDkL-Bank-Nifty-Heavyweight-Sentiment-Signal-By-Haneesh,PUB;940398126e3343d6b335e1c29f5298d4,haneeshkumar2025,indicator,2,1,0,0,0,2026-07-24T08:44:34+00:00,19,"How This Indicator Works  Constituent Tracking: The script dynamically fetches data from HDFCBANK, ICICIBANK, SBIN, KOTAKBANK, and AXISBANK.  Weighted Scoring:  Buy: Take Buy Trade when Bullish weightage is above 50% provided at top right corner, if percentage increases it shows strength of the bullishness.  Exit: If colour shifts Green to Neutral or red ( Bullish to Bearish Reversal)  Sell: Take Sell Trade when Bearish weightage is above 50% provided at top right corner, if percentage increases"
https://www.tradingview.com/script/H4Akp4Dp/,Liquidation Automatic Map / Radek_Crypto,H4Akp4Dp,PUB;5b89c81ab8b8426182319c74661b5d98,RADEK-CRYPTO,indicator,3,1,7,0,0,2026-07-24T08:39:44+00:00,19,"Liquidation Automatic Map. Liquidations are places where players leave the most money, and the price most often returns to these spots to collect liquidity.   Automatic liquidations work on every asset and interval."
https://www.tradingview.com/script/5yxLvQKB/,Market Structure & Trend Analysis TMTex,5yxLvQKB,PUB;3d36ddb2000e438ea392425027996ab6,TMTex,indicator,3,1,19,0,0,2026-07-24T08:25:44+00:00,19,"Strong Candle Detection: When a BOS occurs, the script evaluates if the breakout candle is a ""Strong Candle"". This is defined by a new setting: Strong Candle Body % (default 60%). The candle's body must make up at least 60% of its total range. If it meets this criteria, the exact candle is painted bold green (for bullish) or bold red (for bearish), and a shaded box is drawn across its high-to-low range, extending out into the future as a Point of Interest (POI). Liquidity Sweep (Retest) Detectio"
https://www.tradingview.com/script/bxMOmMNw-4H-Unmitigated-H-L-Areas-Sweeps/,"4H Unmitigated H/L, Areas & Sweeps",bxMOmMNw-4H-Unmitigated-H-L-Areas-Sweeps,PUB;f11d4036f4214421936c78cd327bb6d2,Luckyvicky134134,indicator,2,1,2,0,0,2026-07-24T08:25:30+00:00,19,"Mastering the London Session: How the AMD Concept & IFVG Indicator Catch High-Probability Sweeps If you’ve ever found yourself getting chopped up during the transition from the Asian to the London session, you aren't alone. Today, I want to break down a pristine trade setup on the ES (S&P 500 E-mini) 1-minute chart. By combining the AMD (Accumulation, Manipulation, Distribution) model with my 4H Unmitigated H/L and IFVG indicators, we can clearly see how smart money engineers liquidity to fuel m"
https://www.tradingview.com/script/8DSNH07l-Intention-Detector-Fibonacci-Structure-Divergence-Engine/,Intention Detector Fibonacci Structure Divergence Engine,8DSNH07l-Intention-Detector-Fibonacci-Structure-Divergence-Engine,PUB;39f0976a2b964335b6f73950f3a1198e,Marius-Gabriel,indicator,2,1,3,0,0,2026-07-24T08:23:18+00:00,19,"# Intention Detector – Fibonacci Structure & Divergence Engine  The **Intention Detector** is designed to reveal what the market is trying to do **before the move becomes obvious**. Rather than relying solely on traditional buy and sell signals, it combines Fibonacci structure, adaptive trendlines, breakout logic, and an advanced Fibonacci divergence engine to identify areas where institutional activity may already be shifting the balance between buyers and sellers.  ## What the indicator includ"
https://www.tradingview.com/script/KFj14DNe-Bank-Nifty-Heavyweight-Sentiment-Signal-By-Haneesh/,Bank Nifty Heavyweight Sentiment Signal By Haneesh,KFj14DNe-Bank-Nifty-Heavyweight-Sentiment-Signal-By-Haneesh,PUB;fef1fcca6bd843ccb8796f71e2aa3020,haneeshkumar2025,indicator,2,1,1,0,0,2026-07-24T08:19:57+00:00,19,"How This Indicator Works  Constituent Tracking: The script dynamically fetches data from HDFCBANK, ICICIBANK, SBIN, KOTAKBANK, and AXISBANK.  Weighted Scoring:  Buy: Take Buy Trade when Bullish weightage is above 50% provided at top right corner, if percentage increases it shows strength of the bullishness.  Exit: If colour shifts Green to Neutral or red ( Bullish to Bearish Reversal)  Sell: Take Sell Trade when Bearish weightage is above 50% provided at top right corner, if percentage increases"
https://www.tradingview.com/script/w5fAZzlp-Sniper-Entry-Exit-with-SL-TP-Pro-by-KhanSaab-V-01/,Sniper Entry/Exit with SL&TP Pro by KhanSaab V.01,w5fAZzlp-Sniper-Entry-Exit-with-SL-TP-Pro-by-KhanSaab-V-01,PUB;55c8cd8bc8b64496a90443e37d945f1b,TheKhanSaahab,indicator,3,1,35,0,20,2026-07-24T08:07:19+00:00,19,"🦅  Sniper Entry/Exit with SL&TP Pro by KhanSaab V.01   📌  Overview   Sniper Entry/Exit with SL&TP Pro by KhanSaab V.01  is an advanced analytical command center engineered for traders seeking institutional precision, structural clarity, and high-probability trade setups across all financial markets. Built on a real-time dual-scoring engine and multi-timeframe trend matrix, this indicator filters out market noise, identifies hidden structural turning points, and projects automated risk-managed tr"
https://www.tradingview.com/script/6Q2X1OUq/,duokong signal+FVG+SP,6Q2X1OUq,PUB;8aca6d4cdcf44605a6e629847963095e,Lierendashi,indicator,3,2,1,0,0,2026-07-24T07:59:50+00:00,19,多空信号+FVG强信号+部分关键支撑压力位
https://www.tradingview.com/script/Inj0ylfF-TradeDecisionLab-TDI-invite-only/,TradeDecisionLab - TDI (invite only),Inj0ylfF-TradeDecisionLab-TDI-invite-only,PUB;1bf7e1a1cc3f493a96c7005e7e0b1d74,TradeDecisionLab,indicator,3,1,2,0,0,2026-07-24T07:28:14+00:00,20,"TradeDecisionLab TDI – Advanced Traders Dynamic Index with Custom Preferences  This is a refined and personalized version of the classic Traders Dynamic Index (TDI). It is specifically tuned with my own preferred settings, filters and visual logic to deliver cleaner Overbought/Oversold signals and more reliable extreme inducement levels than the standard public versions.  ### What makes this version different - Custom RSI length, smoothing and volatility-adapted dynamic bands that react faster i"
https://www.tradingview.com/script/z62Hqg9C-GEXNAUT-Levels-PRO/,GEXNAUT -   Levels PRO,z62Hqg9C-GEXNAUT-Levels-PRO,PUB;98b5a82308e04e4bb0b152a4ab410fb6,slauek,indicator,2,3,0,0,1,2026-07-24T07:24:40+00:00,20,"GEXNAUT Levels — dealer-positioning levels with a memory  Most gamma indicators draw lines. Ours remember how those lines behaved for 16 years.  GEXNAUT Levels renders the dealer-positioning map for index futures — computed nightly from the full CME options chain, not scraped, not estimated:  Zero Gamma — the regime line (smoothed crossing: our tested construction splits calm-days from wild-days ~2× more cleanly than the raw crossing) Call Wall / Put Wall — the hedging ceilings and floors Gamma "
https://www.tradingview.com/script/D95ACGAn-Reference-Timeframe-Levels/,Reference Timeframe Levels,D95ACGAn-Reference-Timeframe-Levels,PUB;5d7a2a4d5d4149af9a1dbb6c239e14fc,ShirishShringare,indicator,2,1,3,0,0,2026-07-24T07:01:44+00:00,20,"This indicator plots key reference levels from a higher (or any) timeframe directly onto your active chart. On each new candle of the selected  Reference Timeframe , it draws:    Current Candle Open  (blue line)  Previous Candle High/Low  (green/red lines) — optional toggle  Previous-to-Previous Candle High/Low  (green/red lines) — optional toggle  Each level is plotted as a horizontal ray starting from its actual bar time on the reference timeframe and extending right to the current price, with"
https://www.tradingview.com/script/WnzgKfOS-HAR-Parkinson-Volume-Forecast/,HAR-Parkinson Volume Forecast,WnzgKfOS-HAR-Parkinson-Volume-Forecast,PUB;2e738307d83c464aae56b0150af59ccf,jqu2,indicator,1,1,0,0,0,2026-07-24T06:37:06+00:00,20,"HAR-Parkinson is two ideas combined:  Parkinson volatility — instead of measuring volatility from closing prices, it uses each candle's high-low range: σ = √(ln(High/Low)² / 4ln2). Range captures more information than close-to-close change (a bar that swings wildly but closes flat still shows high Parkinson vol, where close-based measures would show near zero).  HAR (Heterogeneous AutoRegressive) — forecasts tomorrow's volatility as a weighted blend of three lookback averages: recent (1 bar), sh"
https://www.tradingview.com/script/2YvtvOLd-MIZAN-Premium-V5-0/,MIZAN Premium V5.0,2YvtvOLd-MIZAN-Premium-V5-0,PUB;91473240855b44dc9237549cef063708,QuantitativeQ,indicator,3,2,1,0,0,2026-07-24T06:30:04+00:00,20,"MIZAN is an adaptive market engine built around one idea: the market is a scale, and every setup should be weighed before it is taken.  WHAT IT DOES Two adaptive models read the tape independently and are blended by their live accuracy, so the equilibrium zones recalibrate to volatility, trend, and liquidity instead of relying on fixed settings. Every candidate setup is then weighed by a confluence stack, volume behavior, momentum, regime, structure, key levels, and cross-market context, and rec"
https://www.tradingview.com/script/2RZVSSXc-OANDA-XAUUSD-Volume/,OANDA XAUUSD Volume,2RZVSSXc-OANDA-XAUUSD-Volume,PUB;c7af097e79d94ecfa14287a8d7e164e7,Usman_Ali07,indicator,2,1,4,0,0,2026-07-24T06:24:25+00:00,20,"This indicator plots the tick volume of OANDA:XAUUSD directly on any chart or symbol, regardless of which broker's chart you currently have open. It pulls volume, open, and close data specifically from the OANDA feed using request.security(), so you can compare OANDA's volume against your primary broker's volume for cross-confirmation.  How it works: - Volume bars are colored green when OANDA's close is greater than or equal to its open (bullish bar), and red when it is lower (bearish bar). - Th"
https://www.tradingview.com/script/Eni5yb84-OANDA-XAUUSD-Volume/,OANDA XAUUSD Volume,Eni5yb84-OANDA-XAUUSD-Volume,PUB;58dd53d7663f4ebe8e4f31f8a50d843a,Usman_Ali07,indicator,2,1,1,0,0,2026-07-24T06:21:49+00:00,20,"This indicator plots the tick volume of OANDA:XAUUSD directly on any chart or symbol, regardless of which broker's chart you currently have open. It pulls volume, open, and close data specifically from the OANDA feed using request.security(), so you can compare OANDA's volume against your primary broker's volume for cross-confirmation.  How it works: - Volume bars are colored green when OANDA's close is greater than or equal to its open (bullish bar), and red when it is lower (bearish bar). - Th"
https://www.tradingview.com/script/P1JdtQhv-MMNP-5-0-MANUAL/,MMNP 5.0 MANUAL,P1JdtQhv-MMNP-5-0-MANUAL,PUB;8c54f223410b41e6a4805b262d92d8bd,SatsIncome,indicator,3,4,25,0,1,2026-07-24T06:18:44+00:00,20,"A trend-following signal system built for people who trade with a plan, not a feeling.  At its core, it reads market structure across multiple confirmation layers before it commits to a direction — long or short, your call. Every signal comes with a calculated stop-loss and a risk/reward readout, so you always know what you're risking before you're in.  What makes this version different: it doesn't just fire signals and walk away. After a strong, high-quality move plays out, the script knows mar"
https://www.tradingview.com/script/V9kWjh8t/,yahpis,V9kWjh8t,PUB;84b205d583c340fa95b3cd956c59d9d6,frcq9792,indicator,3,1,2,0,0,2026-07-24T06:17:29+00:00,20,✅ ETHUSDT 5分  → ②共振 + ⑦82 ✅ BTCUSDT 3分  → ⑥82 ✅ BTCUSDT 5分  → ④Wick ✅ BTCUSDT 1分  → ①V1强 + ③V10
https://www.tradingview.com/script/7mVnO8kf/,First Pullback Context MTF,7mVnO8kf,PUB;02d6566e184a4009a97b2c306cd3b172,SattiNAM,indicator,2,1,4,0,0,2026-07-24T06:10:14+00:00,20,"【Indicator Overview｜インジケーター概要】   First Pullback Context MTF（FPC）is a TradingView indicator that visualizes the first pullback following a trend reversal, together with multi-timeframe trend direction and Dow Theory-based market structure.  It detects Swing Highs and Swing Lows and displays key structure levels, including the protected low or protected high and the most recent high or low.  By displaying the current timeframe and a selected higher timeframe together, FPC helps organize market con"
https://www.tradingview.com/script/cGUdNnHH-BNF-MRC-indicator/,BNF MRC indicator,cGUdNnHH-BNF-MRC-indicator,PUB;0c0349df7f8742599a7781974faaf24b,chandank13,indicator,2,2,5,0,0,2026-07-24T05:47:55+00:00,20,This Magical Levels Dynamic indicator is inspired by BNF (MRC) indicator. It plots automatic levels for any instrument and in any market.  Essential Time Frame:- 5 minute only
https://www.tradingview.com/script/meNflXAR-SMC-Pro-Confluence-Ultimate-Assistant/,SMC Pro - Confluence Ultimate Assistant,meNflXAR-SMC-Pro-Confluence-Ultimate-Assistant,PUB;5c36bd97e01f49f19fa40cdbabd2349c,amitk01,indicator,2,1,1,0,0,2026-07-24T05:24:39+00:00,20,"Most Smart Money Concepts tools draw everything and decide nothing. You end up with a chart covered in order blocks, fair value gaps, structure lines and liquidity levels, and no clear answer to the only question that matters: is this setup worth taking?  SMC Pro is built around a  confluence scoring engine . Every internal structure break is graded across six independent conditions and assigned a score out of 8. Only breaks that clear your minimum threshold print a signal, and every signal disp"
https://www.tradingview.com/script/0IJEAOeY-Chart-District-X5/,Chart District X5,0IJEAOeY-Chart-District-X5,PUB;9283a0b7814e4a33bbda4b22c7513403,ChartDistrict,indicator,3,1,2,0,0,2026-07-24T05:20:32+00:00,20,"OVERVIEW Chart District X5 (CD X5) combines five commonly used intraday analysis tools into a single overlay so you can read momentum, value, time-of-day, imbalance, and market structure from one indicator instead of stacking five separate scripts. Every module toggles on and off independently and shares one visual language — a fixed color palette, contained labels, and clean fills — so the chart stays readable even with several modules active.  THE FIVE MODULES  1. CD Anchor VWAP A daily-anchor"
https://www.tradingview.com/script/THuN9ogQ/,Minimal v3.6: Full SMC + Dashboard + UT ,THuN9ogQ,PUB;f6a94f3a09224eb5940e0f165b5eeee0,angkoon4763,indicator,2,1,2,0,0,2026-07-24T05:09:19+00:00,20,"## Minimal v3.6: Full SMC + Dashboard  + UT   Minimal v3.6 is an all-in-one technical analysis indicator for Pine Script (TradingView). It seamlessly combines **Smart Money Concepts (SMC)**, **UT Bot Signals**, and **Higher Timeframe (HTF) Trend Tracking** into a single, clean dashboard to help traders make high-probability trading decisions.  ---  ### Key Features  * **Smart Money Concepts (SMC) Core Setup** * **Automated BOS & CHOCH Detection:** Real-time tracking of Break of Structure (BOS) a"
https://www.tradingview.com/script/JHZdqAZy-AurumNarra-Gold-Engine/,AurumNarra Gold Engine,JHZdqAZy-AurumNarra-Gold-Engine,PUB;e969f4f051d24a9993d70e17396f0963,AurumNarra,indicator,3,1,8,0,0,2026-07-24T05:07:35+00:00,20,"AurumNarra Gold Engine  AurumNarra Gold Engine is a multi-timeframe market-structure indicator designed primarily for XAUUSD on the 15-minute standard candlestick chart.  The indicator is built to identify structured trade opportunities rather than generate signals from a single indicator or isolated condition. It combines higher-timeframe directional context, Supply and Demand, Fibonacci location, internal structure confirmation, entry-quality scoring, opposing-zone protection and risk-manageme"
https://www.tradingview.com/script/WHmIcZDR-EliteConverter-v4/,EliteConverter v4,WHmIcZDR-EliteConverter-v4,PUB;a3591bf34b684f31b6a34adcaf81ae82,jebkermanspace,strategy,2,2,2,0,0,2026-07-24T05:04:43+00:00,20,"EliteConverter v4 turns any indicator's entry, take-profit and stop-loss plots into a fully managed trading strategy. It places trailing limit orders that follow the live entry line, front-runs the target for early exits, and cancels unfilled orders when price closes beyond target, touches the stop, or times out. A deep filter stack — sessions, no-trade zones, EMA and multi-timeframe trend alignment, ranging detection, key-level proximity, and daily profit/loss and consecutive-loss caps — contro"
https://www.tradingview.com/script/Zsk0Xy8A-EliteBridge-v4/,EliteBridge v4,Zsk0Xy8A-EliteBridge-v4,PUB;7da0f5a6e7cf4b8c94d1e6308f79e1d8,jebkermanspace,indicator,2,1,2,0,0,2026-07-24T05:02:41+00:00,20,"EBridge v4 is a signal bridge that reads VWAP-anchored Fibonacci band breaks and publishes clean, machine-readable trade instructions for an execution strategy to consume. For each qualifying break it outputs the limit entry price at the broken band, a dynamic take-profit at the next band (capped at 0.618), and a ratcheting ATR trailing stop — all trailing live as the bands move. When a break is rejected it labels the bar with a short code explaining why (colour mismatch, slope, exhaustion, sess"
https://www.tradingview.com/script/0ZqG6TRA/,HTF Candle Overlay ,0ZqG6TRA,PUB;70089b7a3da04c89942b893cd15cb5e9,ce2bxx,indicator,2,1,15,0,0,2026-07-24T05:02:38+00:00,20,背景に薄く高い時間足を表示してくれるインジケーター
https://www.tradingview.com/script/cCI4Vwz7-PSRC-Order-Flow-CME/,PSRC Order-Flow CME,cCI4Vwz7-PSRC-Order-Flow-CME,PUB;6860727f61f8448cb72134262100e73c,PlazoSullivanRocheCapital,indicator,2,1,3,0,0,2026-07-24T05:01:20+00:00,20,"1. Purpose of the Engine  The PSRC CME Order-Flow Sweep Reversal AI Indicator is designed to identify high-quality market turning points where price sweeps liquidity, aggressive order flow becomes exhausted, and price reclaims the swept level.  The indicator is not a generic buy/sell tool. It is an institutional-style reversal engine built around this sequence:  Liquidity sweep → CME footprint aggression → absorption/exhaustion → reclaim → reversal signal  Its strongest use case is detecting fai"
https://www.tradingview.com/script/xvQP07AN/,PDH,xvQP07AN,PUB;e08c71747cdb418d98b9e479afd7b6d6,ce2bxx,indicator,2,1,14,0,0,2026-07-24T04:43:54+00:00,20,重要な価格帯がわかるインジケーター
https://www.tradingview.com/script/vVpu5jSC-Meridian-Volatility-Engine/,Meridian Volatility Engine,vVpu5jSC-Meridian-Volatility-Engine,PUB;2beae4904c3647e599d6abe07ffc2288,Market_Logic_India,indicator,3,1,6,0,0,2026-07-24T04:42:27+00:00,20,"MERIDIAN VOLATILITY ENGINE   Meridian Volatility Engine forecasts the SIZE of upcoming price moves — never the direction — and then proves that forecast's edge live on your chart instead of merely asserting it. It measures realized volatility, splits it into calm (continuous) versus shock (jump) components, places the current environment in a five-state regime, projects an expected-move cone, derives vol-scaled stops and position sizing, and continuously checks whether its own bands actually con"
https://www.tradingview.com/script/7anTspVq-Good-VWAP-Fib-Strategy-v1/,Good VWAP Fib Strategy v1,7anTspVq-Good-VWAP-Fib-Strategy-v1,PUB;69556333e3bb4332ada1ad0556b4c3a7,jebkermanspace,strategy,2,2,2,0,0,2026-07-24T04:37:28+00:00,20,"Good VWAP Fib Strategy v1 trades breaks of VWAP-anchored Fibonacci bands. When a candle breaks a band, it places a trailing limit order at that band to get filled on the retest, targets the next band (capped at 0.618), and protects the trade with a ratcheting ATR trailing stop. Every entry is confirmed by a built-in momentum oscillator that must agree on colour, slope and exhaustion, and skipped signals are labelled on-chart with the reason why. Fully self-contained — no external indicators need"
https://www.tradingview.com/script/SkFWydEW-Refined-Dow-Theory-BOS-CHoCH-Smart-Money-Dashboard-v2/,Refined Dow Theory + BOS/CHoCH Smart Money Dashboard v2,SkFWydEW-Refined-Dow-Theory-BOS-CHoCH-Smart-Money-Dashboard-v2,PUB;282308bff253404294a63748eb5dc8e0,vitraaginternational,indicator,2,1,2,0,0,2026-07-24T03:52:21+00:00,20,"//@version=6 indicator(""Dow SMC Screener"", shorttitle=""DowSMC-Scr"", overlay=false)  // ============ INPUTS ============ swingLen        = input.int(5, ""Swing Pivot Length"") minSwingATR     = input.float(0.5, ""Min Swing Size (x ATR)"") volMALen        = input.int(20, ""Volume MA Length"") rvolLen         = input.int(20, ""RVOL Length"") volConfirmMult  = input.float(1.2, ""Volume Confirmation Multiplier"") obvLen          = input.int(10, ""OBV Slope Lookback"") atrLen          = input.int(14, ""ATR Length"""
https://www.tradingview.com/script/rXgwmf3G-PSRC-Instituional-Daily-Bias-V3/,PSRC | Instituional Daily Bias V3,rXgwmf3G-PSRC-Instituional-Daily-Bias-V3,PUB;3236231cccc64bd9a43d51f1c2e92e85,PlazoSullivanRocheCapital,indicator,2,1,2,0,0,2026-07-24T03:46:53+00:00,20,"1. Purpose  This indicator answers one question, precisely: given where price and volume have transacted relative to yesterday's accepted value, and what has actually happened during the low-liquidity overnight window, what is the highest-probability direction for price during the New York session — and how much should that conviction be trusted right now?  It does not predict price. It measures positioning — whose inventory is stressed, what has been absorbed, and whether the evidence for a dir"
https://www.tradingview.com/script/m38DyS0i-Emas-Trend-Pro-Nexus-Trading/,Emas Trend Pro - Nexus Trading,m38DyS0i-Emas-Trend-Pro-Nexus-Trading,PUB;7a15f1c4aa244c7a96a863c393b5638b,d_brifer,indicator,2,2,5,0,0,2026-07-24T03:37:17+00:00,21,"Emas Trend Pro  Emas Trend Pro is an all-in-one trading toolkit designed for traders who use Smart Money Concepts (SMC), ICT concepts, and institutional price action. It combines multiple essential tools into a single indicator, helping you keep your charts clean while improving your market analysis.  Features 📈 Multi-Timeframe Moving Averages EMA or Smoothed EMA (configurable) EMA 50 EMA 100 EMA 200 Independent timeframe selection for each moving average ☁️ Trend Cloud Dynamic cloud between the"
https://www.tradingview.com/script/U8rZmN1g-PSRC-Wake-Signal-Engine/,PSRC Wake Signal Engine,U8rZmN1g-PSRC-Wake-Signal-Engine,PUB;3a0c6d67200847b087a5afd77896002c,PlazoSullivanRocheCapital,indicator,2,1,3,0,0,2026-07-24T03:16:34+00:00,21,"WAKE is PSRC's institutional order-flow continuation engine. It watches the same benchmark large execution algorithms are measured against — session VWAP — and reads the order-flow signature (Cumulative Volume Delta) left behind as price moves away from it. The name reflects the core thesis: a large institutional order moving through the market leaves a wake, the same way a vessel does moving through water. WAKE is built to read that wake and trade the continuation, not to guess at direction fro"
https://www.tradingview.com/script/ZaxTvWuV-Swing-Trend-Zones-V6-HH-HL-LL-LH/,Swing Trend Zones V6 (HH-HL-LL-LH),ZaxTvWuV-Swing-Trend-Zones-V6-HH-HL-LL-LH,PUB;76007c3f4e034fa09074912c5bfcb08b,dewanpro,strategy,3,1,0,0,0,2026-07-24T03:07:54+00:00,21,"How this script works It's built on basic swing-structure logic (the same idea used in ""market structure"" or ""smart money"" indicators): Structure	Formed from	Line colour	Zone tag Higher Low → Higher Low	last 2 pivot lows, second higher	Green	HL/HL – Buy Zone Higher High → Higher High	last 2 pivot highs, second higher	Red	HH/HH – Sell/Booking Zone Lower Low → Lower Low	last 2 pivot lows, second lower	Dark yellow	LL/LL – Support/Buy Zone Lower High → Lower High	last 2 pivot highs, second lower	Blu"
https://www.tradingview.com/script/PtEH6jZ3/,TDKMTrendV4.1,PtEH6jZ3,PUB;ae6e147896cb4271ad58309d3edfd127,caribbian11,indicator,3,3,2,0,0,2026-07-24T02:52:00+00:00,21,"TDKM Trend Ribbon + Volume-Filtered S/R Confluence    This script combines two complementary concepts into a single confluence system: an 8-line EMA ribbon for multi-timeframe trend detection, and volume-filtered Support/Resistance zones for entry confirmation. The two are designed to work together: the ribbon identifies trend direction and momentum, while the S/R boxes highlight price levels where historical buying/selling volume was significant — giving traders a way to judge whether a ribbon "
https://www.tradingview.com/script/xYyGnSgf-ICT-Index-Futures-Liquidity-Command-Center/,ICT Index Futures Liquidity Command Center ,xYyGnSgf-ICT-Index-Futures-Liquidity-Command-Center,PUB;15b76caf319840d7b1541ee5d787de6b,Batman_1207,indicator,2,1,1,0,0,2026-07-24T02:48:20+00:00,21,"            This toolkit automates the liquidity-based analysis workflow for the CME equity index futures family (NQ/MNQ, ES/MES, YM/MYM). Apply it to any of the three and it auto-configures the other two as comparison symbols.   THE LIQUIDITY LEDGER  Every session and period level is tracked as a liquidity pool with a lifecycle: AVAILABLE until price trades through it, then stamped TAKEN with the exact date and time of the sweep. Levels tracked: previous Day / Week / Month highs and lows, Asian"
https://www.tradingview.com/script/zIdJb9xx-MengMeng-RSI-MAX/,MengMeng RSI MAX ,zIdJb9xx-MengMeng-RSI-MAX,PUB;d0ba8974bc394b0988df0e5c0133e9e4,Livermorecall,indicator,1,1,1,0,0,2026-07-24T02:43:46+00:00,21,"When RSI is greater than 70, the candlestick chart turns green; when it's less than 30, it turns red."
https://www.tradingview.com/script/zcG8LVUv-Heikin-Ashi-by-Degrees/,Heikin Ashi by Degrees,zcG8LVUv-Heikin-Ashi-by-Degrees,PUB;7c113c577bee492d89e6f1946adf0a04,Yimmer_Yimmer,indicator,2,1,2,0,0,2026-07-24T02:24:41+00:00,21,"An Algorithmic Synthesis of Price Dynamics  This study examines the theoretical architecture, mathematical formulation, and practical implementation of the Heikin Ashi by Degrees indicator developed for TradingView's Pine Script v6 environment. Traditional charting models force traders into a binary choice between raw price action (standard candlesticks) and smoothed momentum metrics (standard Heikin Ashi). This script introduces a novel, parameterized continuum—measured in ""degrees"" from 0 to 5"
https://www.tradingview.com/script/8C64fCMT-IB-ORB-VWAP-TP/,IB/ORB/VWAP TP,8C64fCMT-IB-ORB-VWAP-TP,PUB;94ef48a112a64c428aeb250d71a3ae3f,taylorperman,indicator,2,1,2,0,0,2026-07-24T02:20:15+00:00,21,30 min ORB with fib retracement auto set and VWAP.
https://www.tradingview.com/script/VFXGc3gn-Programmable-Calculator/,Programmable Calculator,VFXGc3gn-Programmable-Calculator,PUB;3be0de8ac95f42548bfdecd07d2b83b4,Prevention,indicator,3,1,0,0,0,2026-07-24T02:09:01+00:00,21,"Programmable Calculator   This Programable Calculator is a versatile calculation and analysis tool designed for TradingView. It combines advanced mathematical utilities with multiple conversion systems in a single indicator, providing a flexible environment for experimentation, research, and custom workflows.  The indicator is intended for users who work with numerical analysis, binary representations, encoding systems, and mathematical transformations.  Features  Customizable calculation enviro"
https://www.tradingview.com/script/LmFkn1CV-THE-SUPREMACIST-V1/,THE SUPREMACIST V1,LmFkn1CV-THE-SUPREMACIST-V1,PUB;fbb985ace6b1460f8cc6abc39d6e47d6,SUPREMACYTRADING,strategy,2,1,4,0,0,2026-07-24T02:08:05+00:00,21,"**THE SUPREMACIST V1 – Trend-Following & Risk Management Strategy**  THE SUPREMACIST V1 is a systematic trend-following strategy designed to combine market direction, crossover confirmation and configurable trade management.  The strategy uses a Slow EMA to establish the broader trend, while Fast and Medium SMA crossovers identify potential entries in the direction of that trend.  Key features include adjustable moving-average settings, Take Profit and Stop Loss levels, plus an optional Trailing"
https://www.tradingview.com/script/uJ7Iw2WY-Pressure-Depth/,Pressure Depth,uJ7Iw2WY-Pressure-Depth,PUB;2719877c668d4cc5aa9af1ee5cd6db0a,getpressure,indicator,2,1,2,0,0,2026-07-24T01:25:31+00:00,21,"Pressure Depth shows you the price levels where a lot of traders have likely placed their stop-loss orders — the liquidity ""pools"" that price often gets pulled toward.  What makes it different: instead of drawing a line at every swing high and low (which clutters the chart), it only draws a level once several turning points have stacked within a volatility-based band, measured in ATR so it adapts to how much the market is moving. Levels that drift close together are merged into one using a count"
https://www.tradingview.com/script/oZXgzPCK-Pressure-Tide/,Pressure Tide,oZXgzPCK-Pressure-Tide,PUB;1b13e199bee34bb8a77eff772ad58a1b,getpressure,indicator,2,1,1,0,0,2026-07-24T01:18:59+00:00,21,"Pressure Tide shows you whether buyers or sellers are in control — because price going up on strong buying is very different from price drifting up on almost no buying.  What makes it different: rather than plotting raw volume bars, it separates volume into buying and selling, then converts each into a percentage of the total so the two always add up to 100%. That normalization keeps the reading consistent whether you're on a quiet stock or a high-volume one, and it's what lets the buy and sell "
https://www.tradingview.com/script/gJWsHGrj-Pressure-Cloud/,Pressure Cloud,gJWsHGrj-Pressure-Cloud,PUB;6249a842aa5a4c5d9b834dbf58c6a64d,getpressure,indicator,2,1,1,0,0,2026-07-24T01:13:24+00:00,21,"Pressure Cloud helps you answer the first question every trader asks: ""Is this going up or down right now?""  What makes it different: instead of pulling a higher-timeframe trend with a standard security() request (which produces blocky, stair-stepped lines that update late), it recalculates the higher-timeframe Hull averages directly on your current chart using time-equivalent lengths. The result is a smooth, continuous trend cloud at the same time horizon, without the stepping or the extra repa"
https://www.tradingview.com/script/4YtsmsET-TradeVision-Group-VIP/,TradeVision Group-VIP,4YtsmsET-TradeVision-Group-VIP,PUB;dc177ceac90644d78a3983f92b3ac67b,HusseinSheikhAli,indicator,3,1,1,0,0,2026-07-24T00:33:21+00:00,21,"# TradeVision Group VIP  TradeVision Group VIP is a structured trend-following and market-momentum indicator designed to identify selective buy and sell opportunities using local trend direction, higher-timeframe confirmation, volatility conditions, pullbacks, breakouts, and controlled countertrend logic.  The indicator is built to help traders follow a clear trading process by displaying the complete trade structure directly on the chart, including the entry price, stop loss, four take-profit l"
https://www.tradingview.com/script/E8J0iz4j-SEBA-Swing-Structure/,SEBA Swing Structure,E8J0iz4j-SEBA-Swing-Structure,PUB;52bebc5c6b2a49e8a6756cc583f4bec4,sebastiano_brattoli,indicator,2,1,2,0,0,2026-07-23T23:44:27+00:00,21,;oium  oi ouih ou hoiuh;ouh;jkoh;kj hh; ;k lkjh l;jklh ;kjh b;kj
https://www.tradingview.com/script/hxhsgqJL-Soci-Trading/,Soci Trading,hxhsgqJL-Soci-Trading,PUB;c66287a046b340b1ac9b05dbcbb3a91b,sebastiano_brattoli,indicator,2,1,0,0,0,2026-07-23T23:42:07+00:00,21,"for my friend jho;oi l n'iu ' [0;l ho houihoi;hohoo;oob,.l l lhl"
https://www.tradingview.com/script/57gEUMFT-TradeVision-Group-VIP/,TradeVision Group VIP,57gEUMFT-TradeVision-Group-VIP,PUB;519162081a7b489cb4c7eb6e615ffef6,HusseinSheikhAli,indicator,3,1,1,0,0,2026-07-23T23:25:03+00:00,21,"# TradeVision Group VIP  TradeVision Group VIP is a structured trend-following and market-momentum indicator designed to identify selective buy and sell opportunities using local trend direction, higher-timeframe confirmation, volatility conditions, pullbacks, breakouts, and controlled countertrend logic.  The indicator is built to help traders follow a clear trading process by displaying the complete trade structure directly on the chart, including the entry price, stop loss, four take-profit l"
https://www.tradingview.com/script/qv9h4Ilv-STC-Academy/,STC - Academy,qv9h4Ilv-STC-Academy,PUB;9970caffe8bd4b2da76fa579feb7be8a,movimillonario,indicator,3,1,2,0,0,2026-07-23T23:19:59+00:00,21,herramienta de STC academy contacta en telegram sneyderc
https://www.tradingview.com/script/UXyMzUM5/,LDN-ICT London Session Liquidity Strategy,UXyMzUM5,PUB;7fbff1cf73b24ba1a0618f922466ac82,LDNICT,strategy,3,2,3,0,1,2026-07-23T23:04:38+00:00,21,"LDN-ICT London Session Liquidity Strategy  This strategy trades the London session using ICT-based concepts, combining a 30-minute signal framework with a 5-minute imbalance filter.  How it works  The logic follows a three-step sequence, and a signal is only generated when every condition is met within the London window:  Asia Range Sweep (V1): The strategy tracks the full Asia session range. During London, it waits for price to sweep Asia's high or low — a liquidity take that defines the direct"
https://www.tradingview.com/script/0vNo9gsg/,Kaisen Previous Daily Weekly Monthly Levels,0vNo9gsg,PUB;f1e273009e884c99ab5af967e3bdda90,KaisenAlgo,indicator,2,1,2,0,0,2026-07-23T22:37:22+00:00,21,este indicador senala el Previous day high and lows
https://www.tradingview.com/script/sPnXWKiG-NJM-FVG-Order-Block-Levels/,NJM FVG+ Order Block Levels,sPnXWKiG-NJM-FVG-Order-Block-Levels,PUB;0dbfcd8b062540a3ad9a6c9494ef1fc3,Mrmrnaz,indicator,2,1,6,0,0,2026-07-23T22:35:52+00:00,21,"Shows supply and demand zones, break of structure, change of character, sweep levels, and fair value gaps"
https://www.tradingview.com/script/pgJbiUuI-Bandz-STDV-Flow/,Bandz STDV Flow,pgJbiUuI-Bandz-STDV-Flow,PUB;4657651226634280abd975db285a6eaa,Bandz-ICT,indicator,3,2,11,0,0,2026-07-23T22:29:42+00:00,21,"Bandz STDV Flow is a multi-timeframe liquidity and market-structure tool that requires a complete sequence before drawing a projection: an external liquidity sweep, CISD confirmation, and a break of the opposing swing.  HOW IT WORKS  The engine begins with completed higher-timeframe highs and lows. When price sweeps an unresolved reference using the selected wick or body-close rule, the script records the manipulation extreme without repeatedly restarting the setup timer if that extreme deepens."
https://www.tradingview.com/script/ACzTH2ib-Bandz-HTF-Candles-PSP-SMT-T-Spot-CISD/,Bandz HTF Candles + PSP + SMT + T-Spot + CISD,ACzTH2ib-Bandz-HTF-Candles-PSP-SMT-T-Spot-CISD,PUB;33cbc307002f4561a8bfa7b73cf8b6da,Bandz-ICT,indicator,3,2,13,0,0,2026-07-23T22:26:41+00:00,21,"Bandz HTF Candles + Confirmations displays several higher-timeframe candle sets beside the live chart and connects those candles to comparative-market and delivery-based context. Up to five configurable higher timeframes can be shown simultaneously.  HOW IT WORKS  HTF Candle Sets Each enabled set aggregates its selected higher-timeframe open, high, low, and close and renders a configurable number of candles to the right of current price. Optional overlays identify candle midpoints, sweep levels,"
https://www.tradingview.com/script/WJeTqqyO-sleek-levels/,sleek levels,WJeTqqyO-sleek-levels,PUB;f27c11ae27f24555b2215eaba85208e2,FRTOKIO,indicator,2,1,1,0,0,2026-07-23T22:24:10+00:00,21,"session highs, lows, and a live 50% level. built to keep key liquidity levels clean, automatic, and uncluttered.  made by tokio"
https://www.tradingview.com/script/bDw3tcPK-Bandz-Reference-Levels-Gaps-ADR/,Bandz Reference Levels + Gaps + ADR,bDw3tcPK-Bandz-Reference-Levels-Gaps-ADR,PUB;473f3890a85545d2a4617d1b8819fa1c,Bandz-ICT,indicator,3,2,7,0,0,2026-07-23T22:23:05+00:00,22,"Bandz Reference Levels + Gaps + ADR organizes recurring price references into one configurable chart map. It combines new-week and new-day opening gaps, confirmed higher-timeframe levels, scheduled opening prices, period quadrants, and Average Daily Range markers.  HOW IT WORKS  NWOG and NDOG At confirmed weekly and daily transitions, the indicator records the opening-gap boundaries and can display the 25%, 50%, and 75% positions inside qualifying gaps. Users can control how many gaps remain, wh"
https://www.tradingview.com/script/KvFbxxEh-Bandz-Session-Ranges-ORG/,Bandz Session Ranges + ORG,KvFbxxEh-Bandz-Session-Ranges-ORG,PUB;ec042cf5df62410c860a40fed11626b7,Bandz-ICT,indicator,3,2,5,0,0,2026-07-23T22:21:15+00:00,22,"Bandz Session Ranges + ORG is an intraday market-context tool that combines configurable session liquidity ranges, an independent opening-range bracket, and an Opening RTH Gap (ORG) map.  HOW IT WORKS  Session Ranges The indicator tracks the high and low formed inside enabled time windows such as Asia, London, pre-market, the New York opening range, lunch, and optional custom sessions. After a session ends, its high, low, midpoint, labels, and box can remain visible. Pivot extensions can stop wh"
https://www.tradingview.com/script/InUOLyTZ-Quantitative-Value-Evaluator/,Quantitative Value Evaluator,InUOLyTZ-Quantitative-Value-Evaluator,PUB;f817cd11d3574edc83b2b4a7f33b2bfb,xphu2000518,indicator,2,2,0,0,0,2026-07-23T22:20:21+00:00,22,"Quantitative Value Evaluator is a comprehensive fundamental‑forensic analytics engine designed for long‑term investors, value analysts, and quality‑focused equity researchers. This framework blends multiple academic accounting models, solvency tests, cash‑flow trend engines, and valuation methodologies into a single unified dashboard that updates directly from TradingView’s financial database.  This first module focuses on forensic accounting, financial health, profitability durability, and valu"
https://www.tradingview.com/script/NO92f6be-Bandz-Multi-Timeframe-SMT-Timecycle-Scanner/,Bandz Multi-Timeframe SMT + Timecycle Scanner,NO92f6be-Bandz-Multi-Timeframe-SMT-Timecycle-Scanner,PUB;953cb60a2af14378b0677e67cbb95564,Bandz-ICT,indicator,3,2,7,0,0,2026-07-23T22:18:50+00:00,22,"Bandz Multi-Timeframe SMT + Timecycle Scanner scans several timeframes for non-confirmation between the chart instrument and up to two related comparison instruments. Its purpose is to show where correlated markets disagree around prior highs or lows while controlling duplicate lower-timeframe drawings.  HOW IT WORKS  The scanner can process weekly, daily, four-hour, one-hour, 30-minute, 15-minute, five-minute, and one-minute structures. A slot is evaluated only when its timeframe is equal to or"
https://www.tradingview.com/script/k8XatDXl-Bryce-Liquidity-VWAP-9-EMA-Confluence-Engine-v1-3/,Bryce Liquidity + VWAP 9 EMA Confluence Engine v1.3,k8XatDXl-Bryce-Liquidity-VWAP-9-EMA-Confluence-Engine-v1-3,PUB;7c93bf561e1b4d8da42bdf2636a87984,winterfell62429826,indicator,2,1,0,0,1,2026-07-23T22:17:00+00:00,22,"# Bryce Confluence Engine™  ### Liquidity Sweep + VWAP + EMA 9 Professional Trading System  The **Bryce Confluence Engine™** represents the evolution of two independently developed TradingView indicators into one unified institutional-style trading framework. This indicator combines the **Bryce Liquidity Sweep Engine™**, which focuses on identifying high-probability liquidity events and market structure shifts, with the **Bryce VWAP + EMA 9 Execution System™**, which specializes in precise trade"
https://www.tradingview.com/script/fFzsghcW-Bandz-Intraday-Timing-FVG/,Bandz Intraday Timing + FVG,fFzsghcW-Bandz-Intraday-Timing-FVG,PUB;edf685d4351a4d678b1c7e6c56f127fe,Bandz-ICT,indicator,3,2,9,0,0,2026-07-23T22:14:20+00:00,22,"Bandz Intraday Timing + FVG combines recurring intraday macro windows with automatically routed first-presented Fair Value Gaps, special New York AM/PM FVGs, calendar separators, and custom timestamps.  HOW IT WORKS  Macro Windows On a one-minute chart, the script identifies enabled windows around the change of each hour, together with optional New York afternoon windows. Users can display these as brackets with labels and projections or recolor the candles that occur inside each active window. "
https://www.tradingview.com/script/6tBDIZxN-Alignment-Zones-ES-MES/,Alignment Zones ES/MES ,6tBDIZxN-Alignment-Zones-ES-MES,PUB;73495f170b564129a7f462524bc1ec12,TFE98,indicator,2,1,3,0,0,2026-07-23T21:59:37+00:00,22,"Alignment Zones  is designed to identify high-probability institutional price areas by analyzing historical market behavior and highlighting the levels that have shown the greatest significance over time.  Rather than generating buy or sell signals, the indicator provides a clean map of potential support and resistance zones that traders can use alongside their own price action, market structure, and execution strategy.   Features  -Historical institutional price zones -Automatic confidence rank"
https://www.tradingview.com/script/bS2E721d-iFVG-Indicator-V1/,iFVG Indicator V1,bS2E721d-iFVG-Indicator-V1,PUB;1433b84bb3a24c2c9987cdfc73358af6,Stanfxofficial,indicator,3,1,2,0,0,2026-07-23T21:55:41+00:00,22,"+iFVG Indicator V1  The  +iFVG Indicator V1  is a closed-source execution indicator designed to identify high-probability inversion Fair Value Gap (iFVG) opportunities using a structured, rule-based approach. It was developed to help traders reduce discretionary decision-making by highlighting trade locations that meet a predefined set of conditions rather than relying on subjective chart interpretation.  Unlike traditional Fair Value Gap indicators that simply plot every imbalance, +iFVG focuse"
https://www.tradingview.com/script/IPO8ukpB-iFVG-System-V1/,+iFVG System V1,IPO8ukpB-iFVG-System-V1,PUB;04e0f7753b8348f0aed0abceab8cbe9b,Stanfxofficial,strategy,3,1,1,0,0,2026-07-23T21:47:48+00:00,22,"+iFVG System V1   +iFVG System V1 is a closed-source, rule-based trading system designed to automate the execution of a proprietary inversion Fair Value Gap (iFVG) methodology. It was developed to transform a structured discretionary trading approach into a repeatable set of objective rules, helping traders reduce emotional decision-making and maintain execution consistency.  Unlike a traditional signal indicator, +iFVG System V1 manages the complete trade lifecycle, from identifying qualifying "
https://www.tradingview.com/script/8fdV3jor-Bryce-Liquidity-VWAP-9-EMA-Confluence-Engine-v1-2/,Bryce Liquidity + VWAP 9 EMA Confluence Engine v1.2,8fdV3jor-Bryce-Liquidity-VWAP-9-EMA-Confluence-Engine-v1-2,PUB;57bad115e37349019b272563f9246325,winterfell62429826,indicator,2,1,1,0,0,2026-07-23T21:44:10+00:00,22,"# Bryce Confluence Engine™  ### Liquidity Sweep + VWAP + EMA 9 Professional Trading System  The **Bryce Confluence Engine™** represents the evolution of two independently developed TradingView indicators into one unified institutional-style trading framework. This indicator combines the **Bryce Liquidity Sweep Engine™**, which focuses on identifying high-probability liquidity events and market structure shifts, with the **Bryce VWAP + EMA 9 Execution System™**, which specializes in precise trade"
https://www.tradingview.com/script/YD6jvTzC-Nasdaq-Open-Trap-Reversal/,Nasdaq Open Trap Reversal,YD6jvTzC-Nasdaq-Open-Trap-Reversal,PUB;7e67538eb80f4c0dba70516bacc0d6f2,Trade4Arab,indicator,3,3,1,0,0,2026-07-23T21:40:12+00:00,22,"Overview  Nasdaq Open Trap Reversal (OTR) is a session-based reversal indicator built for NQ and MNQ futures. It defines a Range Window to capture the session's High, Low, and Open, then waits for price to sweep — or ""trap"" — the Open level during a separate Trade Window before looking for a reversal entry in the opposite direction of that trap.   Author's Recommended Setup     Market: NQ / MNQ (Nasdaq-100 futures)  Timeframe: 5 minutes  Chart type: Standard candles  Session: New York time (buil"
https://www.tradingview.com/script/jhmB23eR-Alignment-Zones-NQ-MNQ/,Alignment Zones NQ/MNQ,jhmB23eR-Alignment-Zones-NQ-MNQ,PUB;0b1aa46e25b74ae08c601a20447f87f5,TFE98,indicator,2,1,1,0,0,2026-07-23T21:27:54+00:00,22,"Alignment Zones  identifies high-probability institutional price areas by analyzing historical market behavior and highlighting the levels that have shown the greatest significance over time.  Rather than generating buy or sell signals, the indicator provides a clean map of potential support and resistance zones that traders can use alongside their own price action, market structure, and execution strategy.    Features  -Historical institutional price zones -Automatic confidence ranking -Clean, "
https://www.tradingview.com/script/VvRDgq5N-BULLSHARK-AI-AI-Radar/,BULLSHARK AI + AI Radar,VvRDgq5N-BULLSHARK-AI-AI-Radar,PUB;7c3c6d2c477040d8bb6a1de0d16ff396,MasterSharkAcademy,indicator,3,1,4,0,0,2026-07-23T21:17:44+00:00,22,"🥇 SHARK GOLD HUNTER PRO  The Ultimate Professional Indicator for XAU/USD (Gold)  SHARK GOLD HUNTER PRO is a premium trading indicator designed specifically for the unique behavior and volatility of the Gold market (XAU/USD). Instead of flooding your chart with unnecessary signals, it focuses only on the highest-probability trading opportunities, helping traders stay disciplined and avoid emotional decisions."
https://www.tradingview.com/script/9ISUEusI-2-VWAP-ICHIMOKU/,2 VWAP + ICHIMOKU ,9ISUEusI-2-VWAP-ICHIMOKU,PUB;42e3676b9d98416ba1ed07586d11e9a0,gabriel_sangaytan,indicator,1,1,1,0,0,2026-07-23T21:15:31+00:00,22,"The Masterpiece This indicator brings together two VWAPs with independent settings, allowing you to visualize important price levels across two different timeframes, combined with the powerful signals and structure of Ichimoku. It may look like a few lines and a cloud—but for those who learn to see the market the right way, it can become a complete map of opportunity. The money will not appear by magic… but once you truly understand what you are looking at, the chart may start speaking a very pr"
https://www.tradingview.com/script/ac9U8mbI-levles-for-tp/,levles for tp,ac9U8mbI-levles-for-tp,PUB;a0fabf527a6d4d70acdeeca1ab437beb,LucasVolts,indicator,2,1,6,0,0,2026-07-23T21:06:52+00:00,22,this is for take profits it meant to help target draws on liq 
https://www.tradingview.com/script/rHZcLmbg-Adaptive-ATR-Volume-Support-Lines-Bulls-and-Behrns/,Adaptive ATR/Volume Support Lines - Bulls and Behrns,rHZcLmbg-Adaptive-ATR-Volume-Support-Lines-Bulls-and-Behrns,PUB;3d73cf44d2f040fabcfa2fce9564857d,Bulls_Behrs,indicator,2,1,2,0,0,2026-07-23T21:03:31+00:00,22,"It's an adaptive support/resistance indicator that only trusts what price has actually proven, then layers real-time context on top -   At its core, it doesn't draw lines because they look important — it draws them because price has repeatedly and deliberately respected them: a required minimum of separate touches, each spaced apart in time, so a single messy consolidation can't fake its way into looking like a proven level. Everything about how tight or loose that proof bar is — the touch toler"
https://www.tradingview.com/script/RtZVEksC-Automated-swing-Trading-Futures-ES/,Automated swing Trading-Futures ES,RtZVEksC-Automated-swing-Trading-Futures-ES,PUB;82e5733b215d45f99d9b815168aa02ed,sentimenttiming,strategy,3,2,1,0,0,2026-07-23T20:55:00+00:00,22,OVERVIEW  This strategy is designed for swing-trade analysis of E-mini S&P 500 futures. It combines a proprietary liquidity-adjusted trend ribbon with a momentum and participation oscillator to identify directional changes and manage a two-contract position.  The strategy is intended for use on a 45-minute standard candlestick chart. It evaluates entry and signal-based exit conditions on confirmed bars and does not use future-looking data or negative plot offsets.  LIQUIDITY RIBBON  The strategy
https://www.tradingview.com/script/gQiWnApG-Bryce-Liquidity-VWAP-9-EMA-Confluence-Engine-v1-0/,Bryce Liquidity + VWAP 9 EMA Confluence Engine v1.0,gQiWnApG-Bryce-Liquidity-VWAP-9-EMA-Confluence-Engine-v1-0,PUB;556b8fefd07240228bfc9a554ad797a2,winterfell62429826,indicator,2,1,1,0,0,2026-07-23T20:52:54+00:00,22,"Bryce Confluence Engine™ Liquidity Sweep + VWAP + EMA 9 Professional Trading System  The Bryce Confluence Engine™ represents the evolution of two independently developed TradingView indicators into one unified institutional-style trading framework. This indicator combines the Bryce Liquidity Sweep Engine™, which focuses on identifying high-probability liquidity events and market structure shifts, with the Bryce VWAP + EMA 9 Execution System™, which specializes in precise trade entries, active tr"
https://www.tradingview.com/script/nUgEcj2k-MoreThanMoney-Aurum-Flow/,MoreThanMoney - Aurum Flow,nUgEcj2k-MoreThanMoney-Aurum-Flow,PUB;2a2d94f65cec47d0996e16811b84aeea,morethanmoneypt,indicator,3,1,1,0,0,2026-07-23T20:46:48+00:00,22,"MoreThanMoney — Aurum Flow  A trend-following signal engine built for crypto perpetual futures (optimized for the 1H timeframe). Aurum Flow only takes trades in the direction of the dominant trend and frames each setup with a complete, static trade plan — entry, stop, and three take-profits — plus position-sizing and cost analytics for leveraged accounts.  How it works  Trend filter (DEMA stack): longs only when DEMA 15 > 50 > 238, shorts only when reversed. Counter-trend noise is filtered out. "
https://www.tradingview.com/script/bij5zkYP-Mario-Fractal-Structure-Assist/,Mario Fractal Structure Assist ,bij5zkYP-Mario-Fractal-Structure-Assist,PUB;b05e35611b62405fbd5a38574cec5935,MarioLeb,indicator,3,2,1,0,0,2026-07-23T20:42:44+00:00,22,"OVERVIEW This invite-only indicator is a multi-timeframe structure and liquidity map built for pre-New York preparation and session context. It is a decision-support overlay for discretionary traders — not an auto-entry system and not financial advice.  WHAT IT SHOWS • Fractal / structure context used to frame higher-timeframe bias • Liquidity references commonly used in ICT-style analysis (e.g. session highs/lows, BSL/SSL-style pools) • Session-related context for Asia and London relative to th"
https://www.tradingview.com/script/DdrAjsQO-Forex-Gump-Forex-Gold-Indicator/,Forex Gump - Forex & Gold Indicator,DdrAjsQO-Forex-Gump-Forex-Gold-Indicator,PUB;823565436d5648e2a22383df96526e72,john_boisvert1985,indicator,3,1,1,0,0,2026-07-23T20:35:41+00:00,22,"Forex Gump — Forex & Gold Indicator  Forex Gump is a TradingView indicator designed to analyze Forex and Gold markets using several presets adapted for scalping, day trading, and swing trading.  It displays directly on the chart:  Buy and Sell signals; Entry price; Stop Loss; TP1, TP2, and TP3; Current trend; Trade status; Timeframe validation; A complete dashboard.  The indicator includes six presets:  Scalp 1 — M1/M5 Scalp 2 — M1/M5 Day 1 — M15/H1 Day 2 — M15/H1 Swing 1 — H4/Daily Swing 2 — H4"
https://www.tradingview.com/script/eyCthPhN-Automated-swing-Trading-Futures-NQ/,Automated swing Trading-Futures NQ,eyCthPhN-Automated-swing-Trading-Futures-NQ,PUB;1b9d2a0e69994bd49b1b661a6c9237e6,sentimenttiming,strategy,3,1,1,0,0,2026-07-23T20:25:55+00:00,22,OVERVIEW  This strategy is designed for swing-trade analysis of E-mini Nasdaq-100 futures. It combines a proprietary liquidity-adjusted trend ribbon with a momentum and participation oscillator to identify directional changes and manage a two-contract position.  The strategy is intended for use on a 45-minute standard candlestick chart. It evaluates entry and signal-based exit conditions on confirmed bars and does not use future-looking data or negative plot offsets.  LIQUIDITY RIBBON  The strat
https://www.tradingview.com/script/UkQGz7zj-Automated-Algo-Day-Trader-Futures-NQ/,Automated Algo Day Trader Futures NQ,UkQGz7zj-Automated-Algo-Day-Trader-Futures-NQ,PUB;5c1a9a69e6034e22a23ab2218cb50ef6,sentimenttiming,strategy,3,1,2,0,0,2026-07-23T20:19:41+00:00,22,"OVERVIEW  This strategy is designed for intraday analysis of E-mini Nasdaq-100 futures. It combines a proprietary liquidity-adjusted trend ribbon with a momentum and participation filter to identify directional changes, manage a two-contract position, and apply predefined risk controls.  The strategy is intended for use on a 3-minute standard candlestick chart. It evaluates confirmed bars and does not use future-looking data or negative plot offsets.  LIQUIDITY RIBBON  The strategy calculates fa"
https://www.tradingview.com/script/U8stCE2K-Kovach-4H-Early-Move-SELECTED-v4-1/,Kovach 4H Early Move SELECTED v4.1,U8stCE2K-Kovach-4H-Early-Move-SELECTED-v4-1,PUB;69ead6fc991d42148f3e15d5cabe6f1c,luxelooks66,strategy,2,1,1,0,0,2026-07-23T20:12:53+00:00,22,"English description  Kovach 4H Early Move SELECTED is a trend-structure strategy designed to identify the early stage of strong cryptocurrency moves on the 4-hour timeframe.  The strategy uses confirmed market structure breaks, momentum filters, volume, EMA direction, RSI, and ATR-based risk management.  Entry logic  LONG  Confirmed bullish BOS. Price closes above the latest confirmed swing high. EMA 20 is rising. RSI and volume confirm bullish momentum. Entry is executed only after the 4H candl"
https://www.tradingview.com/script/SRRJjkrl-Anas-CCI-MACD/,Anas CCI & MACD,SRRJjkrl-Anas-CCI-MACD,PUB;734f893804e24cd3aa0285a1620a7177,anas0709,indicator,2,1,2,0,0,2026-07-23T20:10:53+00:00,23,"Anas CCI & MACD Overlay is a dual-momentum indicator designed to combine the Commodity Channel Index (CCI) and the Moving Average Convergence Divergence (MACD) into a single, clean pane while maintaining a shared zero-level reference.  Key Features: Zero-Level Synchronization: Both CCI and MACD share the exact same 0-level axis for instant visual alignment of trend and momentum momentum.  Adaptive Scaling Engine: Built-in dynamic normalization automatically scales the MACD line and histogram pro"
https://www.tradingview.com/script/gXjYZWy7/,BALALA - Trendline Breakout PRO,gXjYZWy7,PUB;c5f3d316230544178f83519a69901ff6,chart-reader1344,indicator,3,1,1,0,0,2026-07-23T20:08:15+00:00,23,"BALALA - Trendline Breakout PRO  An advanced descending-trendline breakout indicator with a full post-entry trade-management layer — built for traders who want more than a single alert, and want the tool to actively manage the position after entry.  How trendlines and breakouts are detected: The indicator automatically identifies descending trendlines from consecutive lower pivot highs. A breakout is only confirmed when several classic conditions align together: volume above its recent average, "
https://www.tradingview.com/script/roDdcqQL/,SECTOR ROTATION STRATEGY,roDdcqQL,PUB;3552f5638b4741818868f576de62ec15,iKowalsky,strategy,2,3,4,0,0,2026-07-23T19:58:40+00:00,23,INDICATOR OBJETIVE   Quantitative sector rotation system designed to select the ETF with the highest relative strength using the technical indicators of the OPERATIONAL CENTER. It seeks to maintain exposure to the leading asset during favorable market phases and reduce risk when the market regime loses strength. The parameters are configured for an ideal timeframe of 1 day (daily) to be used on a computer.   Operational Center   1. Market Cycle   Classifies the market phase using the position of
https://www.tradingview.com/script/xPL9Twd9-Cash-Position/,Cash Position,xPL9Twd9-Cash-Position,PUB;32cd31ee14004637aba3d85480b93215,investingwithchill,indicator,2,1,1,0,0,2026-07-23T19:53:58+00:00,23,Know what cash to have on hand based on the VIX. So you are ready to capture every dip
https://www.tradingview.com/script/NqtNjQ40-AlphaVault-Pantheon-1H-v2-00/,AlphaVault - Pantheon 1H v2.00,NqtNjQ40-AlphaVault-Pantheon-1H-v2-00,PUB;09607236ddca45bbb04092667698f558,NeuralKinetiq,strategy,3,1,0,0,0,2026-07-23T19:49:47+00:00,23,"The Pantheon 1H — Three Validated Engines, One Vote BTC/USDT · 1-hour chart · long/flat · 1x, 2x or 3x futures (your choice)  Three of our validated BTC engines — Phoenix, Sentinel and Grandmaster — voting on a single position instead of trading separately. We combine them because the reason is measurable, not just convenient: requiring 2-of-3 engines to agree before entering is a genuine risk filter, not decoration — the validated drawdown (−34%) matches the tightest single engine we sell (Sent"
https://www.tradingview.com/script/JH6DefLN-Automated-Algo-Day-Trader-ES/,Automated Algo Day Trader ES,JH6DefLN-Automated-Algo-Day-Trader-ES,PUB;a60463ae2e46406e9864bfbce27fe7ad,sentimenttiming,strategy,3,3,3,0,0,2026-07-23T19:49:36+00:00,23,"OVERVIEW  This strategy is designed for intraday analysis of E-mini S&P 500 futures. It combines a proprietary liquidity-adjusted trend ribbon with a momentum and participation filter to identify directional changes, manage a two-contract position, and apply predefined risk controls.  The strategy is intended for use on standard candlestick charts. It evaluates confirmed bars and does not use future-looking data or negative plot offsets.  LIQUIDITY RIBBON  The strategy calculates fast and slow l"
https://www.tradingview.com/script/s6QpuYxY/,MWT V02 + TELEGRAM + TP,s6QpuYxY,PUB;bb5da20fd2ee4e2a855a44965929a880,kmlbysl,indicator,2,1,215,0,1,2026-07-23T19:47:34+00:00,23,This is an indicator that generates BUY/SELL signals based on MACD histogram color changes and the positioning of the MACD signal line within specific ranges. Users can select the specific ranges of the MACD signal line that trigger these signals. The system includes integration to send these signals to Telegram. It can also display a Take Profit (TP) label at a user-defined percentage following a BUY signal.
https://www.tradingview.com/script/JEGTTNRm-Bryce-Liquidity-Sweep-Engine-v2-0/,Bryce Liquidity Sweep Engine v2.0,JEGTTNRm-Bryce-Liquidity-Sweep-Engine-v2-0,PUB;e35207dca6274e619248c5fdec7ed715,winterfell62429826,indicator,2,1,2,0,0,2026-07-23T19:26:22+00:00,23,"# Bryce Liquidity Sweep Engine v2.0  The **Bryce Liquidity Sweep Engine v2.0** is a multi-factor market structure and liquidity analysis indicator designed to help traders identify potential reversal and continuation opportunities around important price levels. Rather than relying on a single moving-average crossover or basic momentum reading, the indicator evaluates how price interacts with areas where stop orders and resting liquidity may be concentrated. These areas commonly form around recen"
https://www.tradingview.com/script/nEmAHQNB-Rilly-Assistant-Market-Character/,Rilly Assistant Market Character,nEmAHQNB-Rilly-Assistant-Market-Character,PUB;5033d35c06024fcd8778f31b812976bb,rillyu,indicator,2,3,1,0,0,2026-07-23T19:25:48+00:00,23,"Rilly Assistant - Market Character Market Character & Continuation Filter  Version 1.0  ===========================================================  OVERVIEW   Rilly Assistant is a market character indicator designed for discretionary continuation and momentum traders.  Unlike traditional indicators that focus primarily on generating buy or sell signals, Rilly Assistant evaluates whether current market conditions are favorable for continuation trading before an entry is considered.  The indicato"
https://www.tradingview.com/script/TIaYcOFR-DMS-Sun-Engine-Toreda/,DMS Sun Engine [Toreda],TIaYcOFR-DMS-Sun-Engine-Toreda,PUB;164e629b03334f448ba96110535fec7c,Toreda_Algo,indicator,2,1,2,0,0,2026-07-23T19:22:29+00:00,23,# DMS Sun Engine — Full Feature Guide  ## Table of Contents  1.  (#overview) 2.  (#master-settings) 3.  (#feature-1--sunrise-zones) 4.  (#feature-2--demand--supply-boxes) 5.  (#feature-3--quarterly-theory-lines) 6.  (#feature-4--cbdr--standard-deviation) 7.  (#feature-5--smt-divergence) 8.  (#feature-6--htf-candle-overlay-power-of-3) 9.  (#feature-7--pullback-candles) 10.  (#trade-playbooks-feature-combinations) 11.  (#tips-pitfalls--resource-limits)  ---  ## Overview  **DMS Sun Engine** is a mu
https://www.tradingview.com/script/XjohVDpd-Orion-Confluence-Matrix-Old-School/,Orion Confluence Matrix (Old School),XjohVDpd-Orion-Confluence-Matrix-Old-School,PUB;1e089e49cad345ee8419aa7446d6bc94,gedwards1992,indicator,2,1,1,0,0,2026-07-23T18:38:54+00:00,23,"Simplified version of Orion Confluence Matrix that I use purely for the Micro Order Flow signals when paired up with my VNID indicator.  Takes quite a bit of set-up for it to work properly. If you're curious, feel free to reach out and I may assist. Otherwise, good luck figuring it out."
https://www.tradingview.com/script/aXFgMmjP-AMS-Advanced-Market-States-Structural-Engine/,AMS (Advanced Market States) - Structural Engine,aXFgMmjP-AMS-Advanced-Market-States-Structural-Engine,PUB;602b061c56d040c7a1b41c1627556ca8,gedwards1992,indicator,2,2,1,0,0,2026-07-23T18:34:50+00:00,23,"Blue = Bullish Orange = Bearish Yellow = Chop/Rotation/Battle Zone Red = Extreme Chop  When there is a change from Blue to Orange, that means a Bearish Reversal. When there is a change from Orange to blue, that means a Bullish Reversal. Yellow means it is either a corrective pullback in an otherwise strong trend, or it's a potential reversal of that trend. There is no way to predict the outcome until it happens - passive limit orders, institutional buying/selling power, absorption, etc. are not "
https://www.tradingview.com/script/vbXsA57O/,HM SARR,vbXsA57O,PUB;cf6ed1263d2c4fdb9b54e7a97e40ae9a,facemini1207,indicator,3,4,0,0,0,2026-07-23T18:25:45+00:00,23,"多頭(紅圈)顏色"") 空頭(橙圈)顏色"")"
https://www.tradingview.com/script/pFuOxJbu-SPX-Direction-AMZN-Daily-10-00-AM-Signal/,SPX Direction AMZN Daily 10:00 AM Signal,pFuOxJbu-SPX-Direction-AMZN-Daily-10-00-AM-Signal,PUB;c973140f23c24d2e907cdb8e1fa43800,kria2050,strategy,3,1,0,0,0,2026-07-23T18:22:33+00:00,23,"SPX Direction AMZN Daily 10:00 AM Signal is an intraday strategy designed for Amazon (AMZN) on the 15-minute chart.  The strategy analyzes the first two regular-session candles, higher-timeframe market structure, momentum, volatility, volume, benchmark conditions, and historically validated setup classifications to generate one directional trade per trading session.  Its primary objective is consistency: the system is designed to submit one valid whole-share trade each regular trading day, even "
https://www.tradingview.com/script/BqvMNneC/,Entry TP/SL Signals,BqvMNneC,PUB;8493e96b68a04ef18fa5cba56d070588,lucianvip123,indicator,3,1,1,0,0,2026-07-23T18:18:01+00:00,23,"Entry TP/SL Signals is an overlay indicator that prints BUY/SELL entries with automatic Stop Loss and Take Profit levels, plus optional win/loss tracking.  WHAT IT DOES It combines EMA structure, RSI, CCI, volume confirmation and optional higher-timeframe / ADX / session filters to generate long and short signals. Each signal can show Entry, SL and TP distances in price units, draw SL/TP lines, and keep a win-rate statistics panel.  HOW IT WORKS 1) Build EMA fast / slow / trend structure (and EM"
https://www.tradingview.com/script/6ID2Frlq-G7G-Vergence-Footprint-Edition/,G7G Vergence | Footprint Edition,6ID2Frlq-G7G-Vergence-Footprint-Edition,PUB;93f4a095fd804c7c9cdceb26a6f8c4bd,G7GMarketPulse,indicator,3,1,1,0,0,2026-07-23T18:16:53+00:00,23,"G7G Vergence™ Footprint Edition — Divergence, Momentum and Footprint Intelligence    G7G Vergence™ Footprint Edition  is an advanced divergence and order-flow analysis indicator designed to help traders evaluate momentum shifts, potential reversals, continuation setups, buyer-versus-seller pressure, and auction behavior from one organized oscillator workspace.  The indicator combines a proprietary momentum oscillator with confirmed divergence analysis and a configurable footprint dashboard. It i"
https://www.tradingview.com/script/mcS311BG/,ICT P Sweep-invert V1.,mcS311BG,PUB;5fe5354fb16c438481606fdb4632f9d8,PatCorsi,indicator,3,1,3,0,0,2026-07-23T18:13:01+00:00,23,"ICT P Sweep-invert V1     ENGLISH VERSION  █ OVERVIEW ICT P Sweep-invert is a dashboard built around one central question: where was liquidity taken, how long ago, and what has confirmed since? For each liquidity reference it tracks the High and the Low, detects the sweep with intrabar precision (1-minute sub-bars, replay-compatible), and displays the time elapsed since the sweep. Around this core, a set of ICT-based confirmation tools (IFVG, FVG, Rejection Block, CISD, Premium/Discount) feeds a"
https://www.tradingview.com/script/IKzLaJK8-LALUBHAI-PERSONAL-IDEA/,LALUBHAI PERSONAL IDEA,IKzLaJK8-LALUBHAI-PERSONAL-IDEA,PUB;fcf4fe8b29e0441a8c99b591fa8a5882,jayinstrument,indicator,2,1,2,0,0,2026-07-23T18:11:05+00:00,23,Lalu Bhai Expert Idea For Buy Sale Share With Price Prediction
https://www.tradingview.com/script/XQKtBreo-Gravity-MOT/,Gravity [MOT],XQKtBreo-Gravity-MOT,PUB;41082e46ab024faf914648648556d0bc,TheBigDaddyMax,indicator,3,2,15,0,0,2026-07-23T18:08:21+00:00,23,"Gravity   — Volume-Event Zone Mapping   Gravity  is a market-structure tool that builds support and resistance zones from  volume events  rather than price geometry. Where most S/R indicators derive levels from swing pivots or fractal patterns, Gravity anchors its zones to moments where unusually large participation entered the market — then manages every zone through a full lifecycle of validation, pruning, and removal.  The name refers to the concentration of traded volume at these areas; it d"
https://www.tradingview.com/script/AegALsvP-Breakout-Stack-Crypto-Futures-v4/,Breakout Stack [Crypto Futures] v4,AegALsvP-Breakout-Stack-Crypto-Futures-v4,PUB;eb99fbf1f50e4dbcb7c75651b8448005,alanbswll,indicator,2,1,3,0,0,2026-07-23T17:57:58+00:00,23,"Breakout Stack is a multi-filter confluence indicator for crypto futures trading. It fires a BUY or SELL signal only when all of these align on the same bar:  Squeeze Momentum  — detects when a volatility compression (Bollinger Bands inside Keltner Channels) releases, with momentum moving in the signal direction SuperTrend — confirms the broader trend direction Volume Spike — ensures the move has real participation behind it OBV Trend — validates sustained directional buying or selling pressure "
https://www.tradingview.com/script/IMXWOKRk-Relic-Pulse-Dashboard/,Relic Pulse Dashboard,IMXWOKRk-Relic-Pulse-Dashboard,PUB;6705550ed2224df18b274666596762e8,piercepaul2151,indicator,2,1,3,0,0,2026-07-23T17:55:38+00:00,23,"Complete Overhaul , you guys are going to love this  Using Ema for trend direction , comes with a info box based on Market conditions. Please use 5 min TF or above to find Sell/buy signals, I find 15 min to be the best for LTFs ,  Please comment if you have any questions or suggestions."
https://www.tradingview.com/script/gVFDV2a1/,BEST AI TERMINAL v5.1,gVFDV2a1,PUB;997b5d671e3848eaa27ea122f3e06ff8,msoysaygmail,indicator,2,1,3,0,1,2026-07-23T17:54:36+00:00,23,"BEST AI TERMINAL v5,1 Yapay zeka destekli trend analiz sistemi   AI Score (0-100) Trend Strenght Confidence Score AI Health Momentum Analizi Relative Volume  SuperTrend Filtresi  EMA Trend Motoru  Breakout Tespiti  Akıllı AL/SAT Sinyalleri  Güçlü ALSinyalleri AI 85+ Uyarısı Dinamik TP1/ TP2/ TP3 ATR Tabanlı Stop Destek/Direnç Seviyeleri  Canlı AI Paneli  BIST 30 Top 10 Scanner Best Stock Kartı  Leader Engine  Akıllı Pop Up Bildirimleri TradingView Alarm Sistemi  Gerçek zamanlı Tarama Kulanıcı ay"
https://www.tradingview.com/script/1oy1ImBO-BTC-Cycle-Top-Risk-by-kacpersnela/,BTC Cycle Top Risk by kacpersnela,1oy1ImBO-BTC-Cycle-Top-Risk-by-kacpersnela,PUB;5fe18f50f7c84a87832008e90539a618,kacpersnela,indicator,3,1,1,0,0,2026-07-23T17:53:03+00:00,23,"BTC Cycle Top Risk is a weekly Bitcoin market-cycle indicator designed to identify periods of elevated overheating and potential distribution risk near mature stages of a bull market.  The indicator does not attempt to predict an exact market top. Instead, it evaluates the current market environment and separates early signs of overheating from stronger, confirmed risk conditions.  It displays four main states:  HEAT Indicates that Bitcoin has entered an elevated market condition. This is an ear"
https://www.tradingview.com/script/bmaB5Usc/,Yown Reversal,bmaB5Usc,PUB;efe50fbc057345af8fc2c43afeace2df,robert_yown,indicator,3,1,2,0,0,2026-07-23T17:44:52+00:00,23,"Yown Reversal — Band Rejection Entry System    Overview   Yown Reversal is an entry indicator that generates BUY and SELL signals by combining dynamic volatility band analysis, market structure detection, and momentum validation. The indicator is built around a band rejection model: signals fire when price touches a statistical extreme, closes back inside the band with a directional candle, and simultaneously satisfies independent momentum and structure filters. All conditions must be true on th"
https://www.tradingview.com/script/MydWTZSy/,Yown Oscillator,MydWTZSy,PUB;5a086c1c1e1b483ca617c14a5812a5e5,robert_yown,indicator,3,1,3,0,0,2026-07-23T17:36:38+00:00,24,"Yown Oscillator — ATR-Normalized Momentum Oscillator    Overview   Yown Oscillator is a momentum oscillator that measures price displacement from a baseline EMA, normalized by a percentage-based ATR range. The percentage-based normalization is the central design decision: by expressing both the displacement and the volatility range as percentages of price rather than absolute values, the oscillator produces consistent readings across assets with vastly different price scales and volatility profi"
https://www.tradingview.com/script/01s2Xslx-Upcoming-Earnings-Visualiser/,Upcoming Earnings Visualiser,01s2Xslx-Upcoming-Earnings-Visualiser,PUB;b3f21b225eb84c47b70482fdb84981c6,phorner73,indicator,1,1,0,0,0,2026-07-23T17:36:08+00:00,24,Earnings periods can be extremely volatile. It's easy to overlook earnings dates because the standard indicator is quite subtle on Trading View.   This script give a much more prominent visualisation and can be fully customised. 
https://www.tradingview.com/script/jhJDODZm-ADR-LoD-Dist/,ADR & LoD. Dist%,jhJDODZm-ADR-LoD-Dist,PUB;17f2fff2c9c54813a99fc4f3d4a2801c,gordonmclee3,indicator,1,3,1,0,0,2026-07-23T17:34:40+00:00,24,"Why we built this  We wanted one clean indicator that showed both ADR% and distance from low of day. Existing tools either showed only one, had shit interfaces, or produced unreliable numbers across timeframes, so we built our own.   Who it's for  Breakout traders who want a quick read on whether a setup is still worth taking. ADR% helps you judge if the stock still has room based on its normal daily range. If price is already beyond its typical ADR%, you may choose not to buy. LoD dist helps wi"
https://www.tradingview.com/script/fXhWsCiy-CPR-EMA-Trap-logic-trading/,CPR & EMA Trap logic trading,fXhWsCiy-CPR-EMA-Trap-logic-trading,PUB;0d8e51fcba65411494944840ab77b1c6,Shakti_prasad,indicator,2,1,1,0,0,2026-07-23T17:32:40+00:00,24,"This indicator combines Daily CPR (Central Pivot Range), Camarilla Pivots, EMAs, and Bollinger Bands into a single clean tool — designed for intraday trend, support/resistance, and trap-reversal based trading.  🔹 FEATURES  Daily CPR (TC / Pivot / BC) Automatically plots the previous day's Central Pivot Range, helping identify the day's equilibrium zone. Narrow CPR often signals a trending day, while wide CPR suggests range-bound movement.  Daily R2 & S2 Levels Key extended support/resistance lev"
https://www.tradingview.com/script/iJIaNAji/,Yown Trigger,iJIaNAji,PUB;5f75040f98574bbc971f7d2c35117c3b,robert_yown,indicator,3,1,5,0,0,2026-07-23T17:28:44+00:00,24,"Yown Trigger — Confluence Entry System    Overview   Yown Trigger is a multi-condition entry indicator that generates BUY and SELL signals by combining volatility band analysis, market structure detection, momentum validation, and higher timeframe trend filtering. The core principle is that no single condition is sufficient to justify an entry — all filters must be satisfied simultaneously on a confirmed closed candle. This strict confluence requirement is what separates Yown Trigger from indica"
https://www.tradingview.com/script/Uwpvs83m-Bryce-EMA-9-VWAP-2-7-Signal-System/,Bryce EMA 9 + VWAP 2.7 Signal System,Uwpvs83m-Bryce-EMA-9-VWAP-2-7-Signal-System,PUB;824c3ef791814fb2a788ec529d99382c,winterfell62429826,indicator,2,1,2,0,0,2026-07-23T17:27:10+00:00,24,"Bryce EMA 9 + VWAP 2.7 Signal System  The Bryce EMA 9 + VWAP 2.7 Signal System is a professional intraday trend-continuation indicator built for traders who want objective, rule-based entry and exit signals. By combining the 9-period Exponential Moving Average (EMA) with the Session Volume Weighted Average Price (VWAP) and VWAP standard deviation bands, the indicator helps identify when institutional momentum is favoring buyers or sellers. Rather than attempting to predict reversals, the system "
https://www.tradingview.com/script/j2z1EHa5-Experimental-KSI-Buying-Selling-Pressure/,Experimental KSI - Buying Selling Pressure,j2z1EHa5-Experimental-KSI-Buying-Selling-Pressure,PUB;25fef582dd1644a4a133449ce878c7c3,duvallj24,indicator,2,1,3,0,0,2026-07-23T17:21:15+00:00,24,This Indicator lets you know when the Volume Momentum Changes
https://www.tradingview.com/script/xdeJ9ZrP/,Trend Structure Confirmation,xdeJ9ZrP,PUB;53534445522c45e48f1329e57aa6f720,h2tv,strategy,3,1,1,0,0,2026-07-23T17:15:33+00:00,24,"Description  This is a closed-source trading strategy designed to identify potential trend continuation opportunities by combining multiple price-based confirmation conditions instead of relying on a single indicator or signal.  The strategy does not generate entries from one isolated event. Instead, it evaluates whether several independent market conditions align before producing a trading signal. This approach is intended to reduce unnecessary entries during uncertain market conditions and to "
https://www.tradingview.com/script/JqE8zWVO-G7G-Candle-Velocity-Meter/,G7G Candle Velocity Meter,JqE8zWVO-G7G-Candle-Velocity-Meter,PUB;ba544ec71a3945549669f3babb981424,G7GMarketPulse,indicator,3,1,0,0,0,2026-07-23T17:15:20+00:00,24,"G7G Candle Velocity Meter™ — Real-Time Candle Speed, Hold and Continuation Analysis    G7G Candle Velocity Meter™  is an intraday market-analysis tool designed to help traders evaluate the speed, direction, strength, and sustainability of a developing price candle.  Traditional indicators often focus only on whether price is moving up or down. G7G Candle Velocity Meter™ adds another layer of context by helping traders assess:  * How quickly the current candle is moving * Whether the move is acce"
https://www.tradingview.com/script/odiQ8KpC/,IROSOFT - Trend Matrix MA,odiQ8KpC,PUB;e50e19922a5644b4acbc5b298470ac46,ridha_trader4,indicator,1,1,0,0,0,2026-07-23T17:01:36+00:00,24,"IROSOFT - Trend Matrix MA  IROSOFT - Trend Matrix MA is an advanced moving average trend indicator designed to identify potential trend reversals before the classic EMA crossover occurs.  Unlike traditional moving average indicators that only react once a crossover has happened, Trend Matrix MA analyzes the convergence and momentum of the moving averages to generate early trading signals.  Features  ✅ Customizable Fast, Medium and Slow EMAs  ✅ Customizable Trend SMA  ✅ Early BUY / SELL signals b"
https://www.tradingview.com/script/myunzfd1-Multi-RS-Matrix/,Multi RS Matrix,myunzfd1-Multi-RS-Matrix,PUB;6f72827630374f198312473bc10fd516,Rhishi_Cycle,indicator,2,1,13,0,0,2026-07-23T16:42:43+00:00,24,"The indicator is designed to compare Relative Strength of any stock with respect to 4 indices viz: Nifty, CNX 500, Midcap, Smallcap and the fifth one: Sectoral Index. User can change the fifth index manually, if the same is not fetched automatically by the script.  It helps to understand performance of the stock wrt indices in one screen."
https://www.tradingview.com/script/zH65YRly-ICT-Order-Block-Engine-Swing-Sweep-Confirmed/,ICT Order Block Engine - Swing Sweep Confirmed,zH65YRly-ICT-Order-Block-Engine-Swing-Sweep-Confirmed,PUB;68472bfa4e1a4d65ae2c058b64bb28aa,DropkingICT,indicator,2,1,6,0,0,2026-07-23T16:42:09+00:00,24,"🧠 WHAT THIS IS   Most order block indicators mark every down-candle-before-an-up-candle and call it an OB. This engine does not. Here, an order block only EXISTS if it is the origin candle of a leg that actually trades through a swing — meaning it took Buyside or Sellside Liquidity (BSL/SSL). That is the ICT definition: the OB is where the displacement that runs liquidity was born. If the leg never takes a swing, the candidate is silently deleted and you never see it.   Every confirmed OB is the"
https://www.tradingview.com/script/7cFzRaeS-BTC-Multi-Factor-Reclaim-by-kacpersnela/,BTC Multi-Factor Reclaim by kacpersnela,7cFzRaeS-BTC-Multi-Factor-Reclaim-by-kacpersnela,PUB;803743a784ec408d9a39a2fd411b9abb,kacpersnela,indicator,3,1,1,0,0,2026-07-23T16:32:32+00:00,24,"   BTC Multi-Factor Reclaim is a weekly Bitcoin market-condition indicator designed to identify potential accumulation environments and confirm them only after price shows evidence of recovery.  The methodology combines several independent categories of information rather than relying on a single oscillator or price threshold. These categories include:  momentum conditions, distance from recent market highs, relative price weakness, position within the broader market cycle, abnormal trading acti"
https://www.tradingview.com/script/3DfnItOW-The-Confirmation-Project-Master-Mode-v1-5-4/,The Confirmation Project - Master Mode v1.5.4,3DfnItOW-The-Confirmation-Project-Master-Mode-v1-5-4,PUB;6cbf7b0eee6243579971680f54c52e81,TheConfirmationProject,indicator,3,1,0,0,0,2026-07-23T16:31:32+00:00,24,"The Confirmation Project — Master Mode v1.5.4  The Confirmation Project is a trend-confirmation dashboard designed to help traders make fewer, better decisions.  Rather than predicting every candle or encouraging constant entries, TCP organizes several market conditions into one clear decision-support panel. Its purpose is to help traders wait for confirmation, recognize cleaner trends, avoid low-quality chop, and manage an active move without reacting impulsively to every small pullback.  The d"
https://www.tradingview.com/script/tWmQkkeq-ADR-LoD-dist/,ADR & LoD. dist%,tWmQkkeq-ADR-LoD-dist,PUB;a9638d9e4ff54a039ae08ec58c8c256b,gordonmclee3,indicator,1,1,0,0,0,2026-07-23T16:25:09+00:00,24,"Why we built this  We wanted one clean indicator that showed both ADR% and distance from low of day. Existing tools either showed only one, had shit interfaces, or produced unreliable numbers across timeframes, so we built our own.   Who it's for  Breakout traders who want a quick read on whether a setup is still worth taking. ADR% helps you judge if the stock still has room based on its normal daily range. If price is already beyond its typical ADR%, you may choose not to buy. LoD dist helps wi"
https://www.tradingview.com/script/4Kgp6DQf/,AMCT PRO EXPRES SMC Scalp and Trapper Panel v27 Sniper,4Kgp6DQf,PUB;3eb668c6d582417183a9a0bbf5f81563,AMCT01,indicator,2,1,11,0,1,2026-07-23T16:22:44+00:00,24,"AMCT PRO EXPRES — SNIPER Edition 🎯 This isn't an indicator. It's a Sniper. Most tools tell you where price might go. AMCT PRO SNIPER tells you exactly where the smart money is loading — then pulls the trigger the second liquidity gets swept and confirmed. No noise. No repaint. No hesitation. The kill shot: It hunts liquidity sweeps above highs and below lows — the exact spots where retail gets trapped — waits for real confirmation, then drops your Entry, Stop Loss, and Target straight onto the c"
https://www.tradingview.com/script/icZhZjVi-Forward-Seasonality-Boxes/,Forward Seasonality Boxes,icZhZjVi-Forward-Seasonality-Boxes,PUB;6ddf0c553a9c43e1abdf45a1234108eb,Tim-R-22,indicator,2,2,3,0,0,2026-07-23T16:22:39+00:00,24,"This indicator shows how a Symbol/Stock has typically performed in the days/weeks/months after today's calendar date in past years, and draws that history as forward-projecting boxes from the current price.  1) The core idea. For each of up to five look-ahead windows (default 5, 10, 22, 44, and 65 bars — roughly 1 week, 2 weeks, 1 month, 2 months, 3 months on a daily chart), the indicator goes back a set number of years, finds the bar nearest today's calendar date in each year, and measures the "
https://www.tradingview.com/script/jOkTNnr6-Macro-Liquidity-Regime-Composite-MLRC/,Macro Liquidity & Regime Composite [MLRC],jOkTNnr6-Macro-Liquidity-Regime-Composite-MLRC,PUB;a5328f9c9dba417eb6ed9f9db3e99543,topcoacher,indicator,3,4,1,0,0,2026-07-23T16:21:54+00:00,24,"Macro Liquidity & Regime Composite    MLRC condenses the four macro forces that set the regime for risk assets — Federal Reserve net liquidity, credit risk appetite, the Treasury yield curve, and broad US financial conditions — into one composite score ranging from -2 to +2, classified into five regimes with a live dashboard, candle tinting, and alerts. It is designed for the Daily chart of any symbol (equities, index futures, crypto) and answers one question: should you be aggressive or defensi"
https://www.tradingview.com/script/bfUBcEnf-CISD-Entry-With-Alerts/,CISD Entry With Alerts,bfUBcEnf-CISD-Entry-With-Alerts,PUB;9061d15fa4b24395aa4035da0eaff152,chiefofuji,indicator,2,1,7,0,0,2026-07-23T16:19:26+00:00,24,"Explainer     Marks the exact level where delivery flips: A run of candles sweeps a prior swing high or low, then a body close pushes back through the open of that run.  The Buy and Sell labels ARE the CISD: Each label sits on the confirmed CISD level itself, not on a separate entry signal.  Confirmation is by body close only, never a wick, so signals do not repaint once the bar has closed.  Mitigated levels are removed automatically when price closes back through them; a maximum of four active,"
https://www.tradingview.com/script/TueSscCY-G7G-ATR-V/,G7G ATR-V,TueSscCY-G7G-ATR-V,PUB;d60f44c679504bee86773ed1b0837651,G7GMarketPulse,indicator,3,1,2,0,0,2026-07-23T16:15:26+00:00,24,"G7G ATR-V™ — Multi-Timeframe Volatility, Participation and Market-Structure Dashboard    G7G ATR-V™ is an advanced market-analysis dashboard designed to help intraday traders understand volatility conditions, directional pressure, participation, liquidity behavior, imbalances, and market structure in one organized view.  The indicator was developed primarily for traders following U.S. equity-index futures, including:  * NQ and MNQ * ES and MES   G7G ATR-V™  can analyze the active chart symbol or"
https://www.tradingview.com/script/SU1NBV4i-Truth-Tape-Ignition/,Truth Tape + Ignition,SU1NBV4i-Truth-Tape-Ignition,PUB;15dd2df4c53447d895b8cd4688e1e646,lucent6408d,indicator,2,1,6,0,0,2026-07-23T16:12:18+00:00,24,"  # Truth Tape + Ignition — TradingView publication description  Copy the block below into the TradingView ""Description"" when you publish. Keep it free of price/payment links and performance/profit claims (TradingView House Rules reject those). Screenshot suggestions are at the very bottom — not part of the paste.  ---  ## Truth Tape + Ignition  **A discretionary-style intraday tape reader in one overlay:** a session‑VWAP + EMA9/20 *regime*, a volume *ignition* trigger, a live **ENTER / HOLD / E"
https://www.tradingview.com/script/COUFz9OG-Silver-Bullet/,Silver Bullet,COUFz9OG-Silver-Bullet,PUB;fe210c561774415bbf0c897329a79831,gettradestar,indicator,3,1,2,0,0,2026-07-23T16:10:02+00:00,24,"ICT Silver Bullet  # A fully mechanical implementation of the time-windowed sweep-and-reclaim setup: reference-level raid, reclaim confirmation, FVG retrace entry — every rule explicit, every state visible, nothing discretionary. #  What it does  # Silver Bullet watches one selected window (NY AM, NY PM, London, or a custom window in a configurable timezone) and runs a strict state machine on confirmed bars. It tracks up to eight reference levels (prior day high/low, overnight high/low, opening-"
https://www.tradingview.com/script/8TeUnOZ3-200-Week-MA-Heatmap-Custom/,200-Week MA Heatmap (Custom),8TeUnOZ3-200-Week-MA-Heatmap-Custom,PUB;edd6b2bd17514fcb946d2d3e2a7111b3,wealthclubproject,indicator,3,1,0,0,0,2026-07-23T16:06:15+00:00,24,"Colors BTC's price by the rate of change of its 200-week SMA -- blue/cold near cycle bottoms, red/hot near cycle tops. Shaded background, on-chart band tag, and full legend for easy reading."
https://www.tradingview.com/script/yYHklclj-NQ-MARKET-PRO/,NQ MARKET PRO,yYHklclj-NQ-MARKET-PRO,PUB;29e864411e4646dbb33a09fcdd57ab84,G7GMarketPulse,indicator,3,1,1,0,0,2026-07-23T15:43:14+00:00,24,"NQ Market PRO™ — Real-Time Nasdaq Confluence Dashboard  NQ Market PRO™ is an advanced market-context and decision-support dashboard developed specifically for traders who follow **Nasdaq-100 futures, including NQ and MNQ**.  Instead of relying on a single indicator or isolated signal, NQ Market PRO™ organizes several important areas of market information into one structured dashboard. It monitors Nasdaq leadership, broader market participation, index confirmation, macro pressure, session conditi"
https://www.tradingview.com/script/vGJsUJC6-BTC-DCA-Zones-by-kacpersnela/,BTC DCA Zones by kacpersnela,vGJsUJC6-BTC-DCA-Zones-by-kacpersnela,PUB;37700e14279e497b8e2d8163edae8871,kacpersnela,indicator,3,1,1,0,0,2026-07-23T15:36:48+00:00,25,"   BTC DCA Zones is a long-term Bitcoin valuation and accumulation indicator designed specifically for the 1-week chart. Its purpose is to help users identify periods when BTC trades significantly below its long-term growth path and may therefore offer more attractive conditions for structured dollar-cost averaging.  The indicator uses an expanding time-based model of Bitcoin’s historical price development. The model is recalculated as new weekly data becomes available, and each historical value"
https://www.tradingview.com/script/mAAvMqad-Zero-Lag-Trend-Signals-MTF-AlgoAlpha/,Zero Lag Trend Signals (MTF) [AlgoAlpha],mAAvMqad-Zero-Lag-Trend-Signals-MTF-AlgoAlpha,PUB;b15a6b2558634b27a54a53ece0125fca,sajjadfxx,indicator,2,1,11,0,0,2026-07-23T15:18:45+00:00,25,Zero Lag Trend Signals (MTF)   here is the best indicator for buying and selling you can get it free just support me on telegram username sajjadfxxx or discord username sajjadfxx
https://www.tradingview.com/script/ZgOsfYdz/,Multiple FVG & IFVG,ZgOsfYdz,PUB;698abc1a02734d5bb51cf2afd02ece5a,avior-stocks,indicator,3,1,1,0,0,2026-07-23T15:02:44+00:00,25,"FVG & IFVG – Multiple Zones  This indicator automatically identifies bullish and bearish Fair Value Gaps (FVGs) using a three-candle formation on the chart’s current timeframe.  When a candle closes completely beyond the opposite boundary of an FVG, the zone automatically converts into an Inverse Fair Value Gap (IFVG).  Main features:  * Bullish and bearish FVG detection. * Automatic FVG-to-IFVG conversion. * Adjustable number of active FVG zones. * Adjustable IFVG display duration in candles. *"
https://www.tradingview.com/script/XZYD1QIg-Price-Travel-Extremes/,Price Travel Extremes,XZYD1QIg-Price-Travel-Extremes,PUB;5df4d069d5da42508288a15475305278,big_sosaaa,indicator,3,1,1,0,0,2026-07-23T15:02:29+00:00,25,What you get -  Premium / discount bands with optional zone-entry marks AVG and FAR travel targets for the day Live travel counts (lines up / lines down) vs historical averages Previous Day / Asia / London / NY H/L reference lines Metrics table for today vs history 
https://www.tradingview.com/script/TBpsoxxj-Sessions-BACK/,Sessions [BACK],TBpsoxxj-Sessions-BACK,PUB;0f40742a1c7846bb911278c7a2ddbbff,baronmtrx,indicator,2,1,9,0,0,2026-07-23T14:37:51+00:00,25,"Sessions    Plots the previous day's high and low (PDH/PDL) along with the Tokyo, London, and New York sessions.   Previous Day High / Low   Lines are anchored at the bar that set the level and extend forward until price breaks them. When a level is broken, the label flips to mark the breakout. Visible on timeframes up to 4 hours.   Sessions   Optional session boxes for Tokyo (20:00-00:00 NY), London (02:00-05:00 NY), and New York (09:30-16:00 NY). Each session tracks its own high and low, which"
https://www.tradingview.com/script/ND7RwO6x/,DSDD-AUTO: Dynamic Supply-Demand Differential,ND7RwO6x,PUB;d2d48e88a1dc47ce98cce33103652f7f,feipeng16,indicator,2,1,0,0,0,2026-07-23T14:37:01+00:00,25,"DSDD-AUTO is an independently developed Dynamic Supply-Demand Differential framework. It is designed to organize price and activity information into a relative view of market force, rather than producing mechanical buy or sell signals.  The indicator separates four questions that are often mixed together:  1. Which side currently has relative control: demand, supply, or balance? 2. Is the dominant side strengthening or losing marginal force? 3. Is the market important enough to deserve research "
https://www.tradingview.com/script/pm0j1t0m-H-T-Mom-P-B-En-Ex-with-reason/,H/T Mom & P/B En & Ex with reason,pm0j1t0m-H-T-Mom-P-B-En-Ex-with-reason,PUB;9c4fd446ffdd41ebb7614913cc865602,parthasivabl,indicator,2,1,10,0,0,2026-07-23T14:34:24+00:00,25," Half Trend Momentum , Pullback Entry / Exit with reason indicator 1. Determine the primary trend using HalfTrend. 2. Confirm that price is on the correct side of both the HalfTrend and VWAP. 3. Wait for a pullback and recovery (or another momentum condition, depending on the selected mode). 4. Apply optional body-size and session filters. 5. Trigger an entry only when price breaks the previous reference candle's high (buy) or low (sell). 6. Place the initial stop loss at the opposite end of tha"
https://www.tradingview.com/script/iGX2sxHv-Magic-JB-Bottom-Top-AI/,Magic JB Bottom Top AI ,iGX2sxHv-Magic-JB-Bottom-Top-AI,PUB;47b29698bcd8479aad00b0ae37b68f44,john_boisvert1985,indicator,3,1,3,0,0,2026-07-23T14:32:45+00:00,25,"Magic JB Bottom & Top AI is a market analysis indicator designed to identify the main cycle phases, tops, bottoms, and potential reversal zones on Bitcoin and Altcoins.  The indicator does not simply search for an isolated high or low. It combines trend, price structure, momentum, volume, divergences, and cycle context to distinguish intermediate moves from genuine phase changes.  Main Features Detection of Macro Cycle Tops and Bottoms on Bitcoin Detection of Local Cycle Tops and Bottoms on Altc"
https://www.tradingview.com/script/AwdLISlk/,Pro Divergence Chart V1.0 - (EN | ES),AwdLISlk,PUB;796699bb42e2479ba24cbf808c371e49,jacksontoledo,indicator,3,1,2,0,0,2026-07-23T14:26:17+00:00,25,"🇬🇧 🇬🇧 🇬🇧 English Description 🇬🇧 🇬🇧 🇬🇧   Most divergence tools lock you into one oscillator and hope it fits whatever you're trading. Pro Divergence Chart doesn't: it runs its divergence engine on eight different oscillators, MACD, MACD Histogram, RSI, Stochastic, OBV, CCI, MFI, and CMF, so you pick the read that actually fits the asset and the setup in front of you, then plots the divergence directly on your price chart, not tucked away in a separate pane.   How it works:  The engine finds pivot"
https://www.tradingview.com/script/PjCeQL8P-sleek-checklist/,sleek checklist,PjCeQL8P-sleek-checklist,PUB;8b4f73e2ed9a417e8d37b9f1a30f7cb9,FRTOKIO,indicator,2,1,1,0,0,2026-07-23T14:21:47+00:00,25,"tokio checklist  A clean, minimal trade checklist designed for ICT/SMC traders.  Instead of cluttering your chart with notes, tokio checklist keeps your execution criteria visible at all times. Stay disciplined by confirming each condition before entering a trade.  Features Automatic inside new york am detection (9:30–11:00 AM New York time) Manual yes/no checklist for: liquidity sweep inside htf imbalance strong displacement inverse fair value gap Automatic all conditions confirmation Clean, mo"
https://www.tradingview.com/script/iFAgu1dh-Mowjah-Weekly-Profile-v1/,Mowjah Weekly Profile - v1 ,iFAgu1dh-Mowjah-Weekly-Profile-v1,PUB;1ade84e1a60f4d2bb6fc557695e796d1,AlGhamdii_9,indicator,2,2,150,0,0,2026-07-23T14:17:50+00:00,25,"Mowjah Weekly Profile is a chart-organization tool that frames the trading week visually: where last week's range sits, how the current week is building day by day, and how the last two daily candles are shaping — all in a minimal monochrome design that stays readable on light and dark charts.  It draws no signals, no alerts and no predictions, and it never prints numeric prices on the chart. It is a context tool: it helps you read the week, it does not tell you what to trade.  WHAT IT DRAWS  1."
https://www.tradingview.com/script/LHcwU2in/,Market Structure & Liquidity Tracker,LHcwU2in,PUB;c3be57a7a9184e4ea565e04a93b69778,Kina_jp,indicator,2,3,1,0,0,2026-07-23T13:59:35+00:00,25,"Overview The Market Structure & Liquidity Tracker is an advanced price action tool designed to help traders navigate market trends, identify structural shifts, and spot liquidity traps (stop hunts). Instead of relying on traditional fixed-bar pivots, this indicator utilizes a custom dynamic filtering algorithm to confirm swing highs and lows. This effectively filters out market noise and provides highly reliable structural levels based on actual market volatility.  Whether you trade Smart Money "
https://www.tradingview.com/script/PD9N5IjG-Single-Edge-3/,Single Edge 3,PD9N5IjG-Single-Edge-3,PUB;0867e048a2034001a04b678f9f2ce35a,smhatre2111,indicator,2,1,3,0,0,2026-07-23T13:54:56+00:00,25,"Single Edge 3 Gain mechanical clarity in your trades with this quant‑style system that combines VWAP, CPR, PR ratio, and volume logic to identify high‑probability intraday setups.  The indicator automatically tags trend, pullback, and reversal zones, highlighting balance and imbalance areas for precision entries. Designed for traders who value rule‑based execution and visual simplicity.  Ideal for intraday and short‑term swing traders seeking consistency through structured logic rather than emot"
https://www.tradingview.com/script/oWiZjuTK/,ProTrader7 - Gold Options Levels V1.2,oWiZjuTK,PUB;0ae96677af044c0fb32d789e7edc6f5e,seven_7z,indicator,3,1,0,0,0,2026-07-23T13:54:27+00:00,25,期权路径指标 将数据包复制粘贴到指标输入栏 可以将左右的期权与支撑阻力位置直接提现在tradingview图表上
https://www.tradingview.com/script/IDGQ9yTz-Market-Internals-Engine-MIE/,Market Internals Engine [MIE],IDGQ9yTz-Market-Internals-Engine-MIE,PUB;08ad1ff9d93c4b17923ba641858304e3,topcoacher,indicator,3,6,1,0,0,2026-07-23T13:43:28+00:00,25,"Market Internals Engine   — the tape behind the tape   Price shows you what happened. Internals show you who is actually doing it. MIE fuses the five classic NYSE internals feeds — TICK, Advance/Decline, Up/Down Volume, TRIN (Arms Index) and  CBOE:VIX  — into one institutional-grade dashboard: a normalized composite score from -100 to +100, a five-state regime classifier, and a price-vs-internals divergence radar. Everything updates in real time, directly on your chart.   THE PROBLEM IT SOLVES  "
https://www.tradingview.com/script/7rnppJgc-Growth-Quality-Index-GQI/,Growth Quality Index (GQI),7rnppJgc-Growth-Quality-Index-GQI,PUB;12920732ebeb4f12ae1f3467ebb07aa4,vishal_saket,indicator,2,1,2,0,0,2026-07-23T13:33:42+00:00,25,"GQI Matrix: Smarter Stock Analysis, Simplified Fundamental Analysis  Cut through the noise and evaluate a company’s fundamentals with clarity using the GQI Matrix — a simplified, explainable framework designed to assess stocks, especially growth-oriented companies.  The GQI Matrix breaks stock fundamentals into four core pillars: Growth , Quality, Financials &  Valuation  Among these, Growth, Quality, and Financials are converted into strength percentages and combined to generate the final GQI S"
https://www.tradingview.com/script/zYMVRkDA-Prvoma-Dv4-0/,Prvoma Dv4.0,zYMVRkDA-Prvoma-Dv4-0,PUB;7a059dd12c4b4d0faaa547dea5bee878,kkmb,indicator,2,1,1,0,0,2026-07-23T13:22:49+00:00,25,One indicator to find candle with 5L volume + 5% (purpledot) + RVol + ADR% + Turnover + SMA Distance
https://www.tradingview.com/script/wAAMu6PI-Trade-Confirmation-Score/,Trade Confirmation Score,wAAMu6PI-Trade-Confirmation-Score,PUB;0d28ea7f34624103aa50995dae453eb4,lacoleman11,indicator,3,1,0,0,0,2026-07-23T13:12:36+00:00,25,purple = sell green = buy  yellow = opportunity building (play small and use caution) A+++ set up = matching indicator across time frames  
https://www.tradingview.com/script/e9iXfibe-sleek-fvgs/,sleek fvgs,e9iXfibe-sleek-fvgs,PUB;da26c7549b0f4929b892feb7d6e3944d,FRTOKIO,indicator,2,1,1,0,0,2026-07-23T13:04:12+00:00,25,"sleek fvgs by tokio  A clean, lightweight Fair Value Gap indicator built for traders who value clarity over clutter.  sleek fvgs automatically detects and displays Fair Value Gaps across the current chart timeframe and multiple higher timeframes while maintaining a minimal aesthetic. Every feature is designed to keep your chart readable without sacrificing important market structure.  Features Automatic Fair Value Gap detection Current timeframe FVGs Up to 5 higher timeframe FVGs Independent set"
https://www.tradingview.com/script/CwYNx285/,Structure S/R PRO - Dynamic Support & Resistance Zones,CwYNx285,PUB;d0cb46a9bfb2421aa4313773df5220bd,enisbayraktar,indicator,2,1,4,0,0,2026-07-23T12:57:59+00:00,25,"Structure S/R PRO is a market-structure-based support and resistance indicator designed to identify and visualize meaningful price zones rather than simply marking every swing high and swing low. The indicator analyzes price structure, swing significance, displacement, structural breaks, rejection behavior, retests, and repeated reactions to determine which areas are more likely to remain relevant to future price action. Instead of filling the chart with dozens of arbitrary levels, the objective"
https://www.tradingview.com/script/YgSy1SKb-CRT-9-30-9-40-FVG-Retest/,CRT 9:30-9:40 + FVG Retest ,YgSy1SKb-CRT-9-30-9-40-FVG-Retest,PUB;729949483a6949d6bb87dbe40c0df7e4,julioperez75955,strategy,2,1,6,0,1,2026-07-23T12:56:56+00:00,25,"This intraday strategy trades breakouts of the New York 9:30–9:40 AM opening range using Fair Value Gap confirmation. After the opening range is established, the strategy monitors every breakout above the range high or below the range low during the New York session. A breakout is considered valid only when a three-candle Fair Value Gap forms either during the breakout impulse or afterward while price remains outside the range. The middle candle must show sufficient displacement, and the FVG mus"
https://www.tradingview.com/script/nA2MmdMj-Strong-CISD-Sweeps-ProjectSyndicate/,Strong CISD Sweeps | ProjectSyndicate,nA2MmdMj-Strong-CISD-Sweeps-ProjectSyndicate,PUB;92614910942442b4a53299bbabe83508,ProjectSyndicate,indicator,3,4,742,0,0,2026-07-23T12:42:54+00:00,25,"Strong CISD Sweeps — Liquidity Engine, Confluence Ranking & Zone Field  Strong CISD Sweeps follows one idea end to end: liquidity is engineered, taken, and then delivered away from.  The script detects the raid, waits for the market to prove the reversal through a change in delivery state, places the entry on the imbalance that displacement leaves behind, and grades the whole thing against every other force acting on price at that moment.  Every figure on the panels is measured from the chart yo"
https://www.tradingview.com/script/ZSzwXeia/,Amillex Alpha AI 8: RSI Divergence Multi-Timeframe (XAUUSD M5),ZSzwXeia,PUB;2e8487e1d1f647a2b250621d593441bb,cautay88,indicator,3,2,1,0,0,2026-07-23T12:35:24+00:00,25,Amillex Alpha AI 8 is an invite-only divergence indicator for XAUUSD on the M5 timeframe with higher-timeframe confirmation.  WHAT IT DOES It detects regular RSI divergences on M5 and confirms direction with higher timeframes before signaling.  HOW IT WORKS 1) Find regular bullish/bearish RSI divergence on M5 swings. 2) Confirm with multi-timeframe bias (commonly M15/H1/H4). 3) Score the setup; only pass signals above a minimum score threshold. 4) BUY on bullish divergence + enough HTF bullish c
https://www.tradingview.com/script/5sat9xva/,[MM] Unicorn Model,5sat9xva,PUB;b1522d91a0914609980c334bea96fc38,MuriloMulato,indicator,2,4,13,0,0,2026-07-23T12:33:01+00:00,25," - UNICORN MODEL  An ICT ""unicorn"" is the overlap, at the same price, of two things: a breaker block and a fair value gap. This script finds that overlap automatically — but only after a specific sequence has occurred. It does not paint every breaker or every FVG on the chart; it paints the ones born from taken liquidity, and then manages the resulting trade idea from entry to its decision.   THE SEQUENCE  1. LIQUIDITY. The script maintains a live map of untaken liquidity from two families of so"
https://www.tradingview.com/script/v9bmwTWg-KC-Institutional-Core-Library/,KC Institutional Core Library,v9bmwTWg-KC-Institutional-Core-Library,PUB;f19e881dfdf7498b87daa8114e03bab5,Kelly_Carter12,library,1,1,0,0,0,2026-07-23T12:04:51+00:00,26,"KC Institutional Core Library v1.0   KCInstitutionalCore is a reusable Pine Script v6 utility library created to support structured technical-analysis workflows without duplicating common helper logic across multiple indicators and strategies.  The library provides transparent and independently reusable functions for:     Score normalization and trade-quality grading  Premium, Discount and Equilibrium classification  Risk-to-reward calculation  Risk-based position-size estimation  Timeframe-awar"
https://www.tradingview.com/script/KCkjEaOP-Trading-Session-Win-Rate-Average-Range-Table/,Trading Session Win Rate & Average Range Table,KCkjEaOP-Trading-Session-Win-Rate-Average-Range-Table,PUB;3ce035b97fc841b1a7699cd9174b697a,kimmokoski90,indicator,2,2,0,0,0,2026-07-23T11:53:37+00:00,26,"Description  What it does  This indicator counts, across all loaded chart history, how each of the four major trading sessions closed relative to where it opened, and displays the results as a summary table.  For every completed session it records:  Up — number of sessions that closed above the session open Down — number of sessions that closed below the session open Up% — the resulting directional hit rate AvgRng — the average high-to-low range of that session, in chart points  How it calculate"
https://www.tradingview.com/script/nE6BQCfQ-NQ-MARKET-PRO/,NQ MARKET PRO,nE6BQCfQ-NQ-MARKET-PRO,PUB;57a0013dd40941d382efcaac23d10692,G7GMarketPulse,indicator,3,1,1,0,0,2026-07-23T11:43:49+00:00,26,"NQ Market PRO™ — Real-Time Nasdaq Confluence Dashboard    NQ Market PRO™  is an advanced market-context and decision-support dashboard developed specifically for traders who follow **Nasdaq-100 futures, including NQ and MNQ**.  Instead of relying on a single indicator or isolated signal, NQ Market PRO™ organizes several important areas of market information into one structured dashboard. It monitors Nasdaq leadership, broader market participation, index confirmation, macro pressure, session cond"
https://www.tradingview.com/script/fHCSz3do-AlphaVault-Phoenix-4H-v1-02/,AlphaVault - Phoenix 4H v1.02,fHCSz3do-AlphaVault-Phoenix-4H-v1-02,PUB;a65b1ea3675742df9fb8eecfbe9e37b1,NeuralKinetiq,strategy,3,1,0,0,0,2026-07-23T11:38:38+00:00,26,"The Phoenix 4H — The Core That Rises From the Ashes BTC/USDT · 4-hour chart · long/flat · 2x futures  The simplest, most battle-tested system in the roster. It holds BTC long while two independent long-term trend filters both confirm a bull regime, and burns down to cash the instant either one fails. No shorts — every short variant we tested lost money, including through the 2018 and 2022 bears. A resting catastrophic-loss stop sits 12% under every entry as tail insurance; in 8.6 years of backte"
https://www.tradingview.com/script/kB59r3JJ-AlphaVault-Oracle-2H-v1-01/,AlphaVault - Oracle 2H v1.01,kB59r3JJ-AlphaVault-Oracle-2H-v1-01,PUB;8808ca90845b452897f9e4527971d1cb,NeuralKinetiq,strategy,3,1,0,0,0,2026-07-23T11:34:22+00:00,26,"The Oracle 2H — The BTC Engine, Transferred to SOL SOL/USDT · 2-hour chart · long/flat · 1x futures  Runs a breakout engine we originally built and validated on BTC, transferred to SOL. It hunts fresh multi-day breakouts only inside SOL's own confirmed bull regime, rides winners with an adaptive trailing stop, and goes flat automatically the moment the regime turns.  NO REPAINTING: signals fire on confirmed bar closes; regime filters use only completed daily/weekly bars.  Out-of-sample transfer "
https://www.tradingview.com/script/ZYvt4jRA-Monster-Suite-X1-V4-BuySell-6X/,Monster Suite X1 V4 BuySell 6X,ZYvt4jRA-Monster-Suite-X1-V4-BuySell-6X,PUB;a3ed17215a44470b946d5fb17203568d,Deliberate99,indicator,2,1,2,0,0,2026-07-23T11:33:57+00:00,26,"Testing trading suite with sessions, ORBs and presession blocks as well as liquidity sweeps"
https://www.tradingview.com/script/nF00mc2y-AlphaVault-Iron-Turtle-1D-v1-00/,AlphaVault - Iron Turtle 1D v1.00,nF00mc2y-AlphaVault-Iron-Turtle-1D-v1-00,PUB;57663265f153401f99bf2b2df9995ccd,NeuralKinetiq,indicator,3,1,0,0,0,2026-07-23T11:26:10+00:00,26,"The Iron Turtle 1D — The Bear-Market Accumulator BTC/USDT · Daily chart · spot accumulation only  The only product in the roster that's active during bears — because it isn't a timing strategy at all. It buys one fixed spot cash tranche on a regular schedule, only while a confirmed long-term downtrend is in force, using the same regime logic the timing strategies use to go flat, run in reverse as a buy trigger. Accumulation pauses the instant that downtrend is no longer confirmed. It never sells"
https://www.tradingview.com/script/IAu0NwIa-AlphaVault-Fortress-4H-v2-00/,AlphaVault - Fortress 4H v2.00,IAu0NwIa-AlphaVault-Fortress-4H-v2-00,PUB;13aaff1f08e44f1980e057eeead2879e,NeuralKinetiq,strategy,3,1,0,0,0,2026-07-23T11:17:09+00:00,26,"The Fortress 4H — The Capital-Preservation Core BTC/USDT · 4-hour chart · long/flat · spot only, no leverage  The no-leverage core of our roster. It holds BTC in pure spot only while two independent long-term trend filters both confirm a bull regime, and moves fully to cash the instant either one breaks. No futures account, no margin, no liquidation risk — ever, by construction.  A resting catastrophic-loss stop sits 12% below every position as tail insurance. That's slightly above the 5–10%-of-"
https://www.tradingview.com/script/wTxFiylK/,Liquidation Heatmap Predictor [Node21],wTxFiylK,PUB;01d5e2f782cc4698ba09e5b8aa9de19a,Node21,indicator,2,1,7,0,0,2026-07-23T11:04:12+00:00,26,"See where the liquidations are hiding, without leaving TradingView.  Liquidation heatmaps normally require external platforms and paid subscriptions. This indicator approximates probable liquidation zones using only TradingView data: price structure and Open Interest. No API, no browser tabs, everything on your chart.  How it works  The indicator detects swing highs and lows and checks whether Open Interest was rising into those swings. Rising OI at a swing means new positions were opened there."
https://www.tradingview.com/script/h2Syold6/,Ichimoku Range Levels,h2Syold6,PUB;8fad20e7f02944dca0c8da1378f5301e,Futur_Lajnef,indicator,2,2,1,0,0,2026-07-23T10:55:31+00:00,26,"# Ichimoku Range Levels  ## TradingView description (EN)  ---  ### Balance at a glance — with clear range edges  **Ichimoku Range Levels** combines classic **Ichimoku Kinko Hyo** with clean **horizontal high/low levels** for the three core lookback windows: **9**, **26**, and **51**.  You keep the full equilibrium system — Tenkan, Kijun, Chikou, Leading Spans, and the cloud — and add the **raw extremes** of each period as straight levels from the bar that made the high or low to the present cand"
https://www.tradingview.com/script/iayStHfX/,Amillex Alpha AI 7: Nadaraya-Watson Envelope Scalper (XAUUSD M5,iayStHfX,PUB;4c7e6c40f3664ca5be168a9b07f47494,cautay88,indicator,3,2,1,0,0,2026-07-23T10:48:43+00:00,26,Amillex Alpha AI 7 (“tidal-wave” envelope scalper) is an invite-only indicator for XAUUSD on the M5 timeframe.  WHAT IT DOES It uses a Nadaraya-Watson style envelope with price-action confirmation to catch reactions at adaptive outer bands.  HOW IT WORKS 1) Build an NW-style regression envelope around price. 2) Watch for touches of the lower/upper envelope with ATR tolerance. 3) Check envelope slope / momentum context (avoid fighting a strongly opposing slope). 4) BUY near lower band with bullis
https://www.tradingview.com/script/ZHtvmqKR-GN-SwingTrade/,GN_SwingTrade,ZHtvmqKR-GN-SwingTrade,PUB;b4b2575bba86415da20fd359643b5e2c,Nirphal_Ganesh,indicator,2,1,1,0,1,2026-07-23T10:44:39+00:00,26,"GN_SwingTrade  GN_SwingTrade is a multi-timeframe swing trading indicator designed to identify high-probability breakout opportunities using Daily and 30-Minute price action.  The indicator automatically detects qualified Daily swing signals, tracks breakout levels, and projects them onto the 30-minute chart to help traders plan precise entries while maintaining the higher-timeframe trend.  Features Daily Swing Engine  • Automatically detects valid Daily swing signals. • Marks Daily High and Dai"
https://www.tradingview.com/script/2sJtdGZq/,Market Maker + S&R KDE (Lines) ,2sJtdGZq,PUB;54d2c0b4596a47059a01c886ef7d8ca9,mmhsn394,indicator,3,1,1,0,0,2026-07-23T10:40:36+00:00,26,"// @version=6 // @author: Market Maker & Satoh.K (Merged & Optimized) // @description: مؤشر صانع السوق المتكامل ومستويات الدعم والمقاومة مع جدول التحليل الثلاثي الفاخر indicator(""MM + S&R Ultimate Triple Dashboard"", shorttitle=""MM + S&R Ultimate"", overlay=true, max_labels_count=500, max_lines_count=500)  // ========================================== // --- 1. إعدادات خوارزمية الدعم والمقاومة (KDE) --- // ========================================== lookback_period = input.int(600, ""فترة البحث (بال"
https://www.tradingview.com/script/xKBnAUyF/,Amillex Alpha AI 6: UT Bot ATR Trailing Stop (XAUUSD M5),xKBnAUyF,PUB;a19cc646ddc14c3487766900e67d5513,cautay88,indicator,3,2,1,0,0,2026-07-23T10:39:31+00:00,26,Amillex Alpha AI 6 is an invite-only scalping indicator for XAUUSD on the M5 timeframe.  WHAT IT DOES It builds a dynamic ATR trailing-stop line (UT Bot style) and prints BUY/SELL when price closes across that line.  HOW IT WORKS 1) Calculate ATR over a selected period. 2) Build a trailing stop using Key value × ATR. 3) BUY when close crosses above the trailing line. 4) SELL when close crosses below the trailing line. 5) The trail adapts to volatility to help follow short momentum swings.  HOW T
https://www.tradingview.com/script/iu1RqxLb-AlphaVault-Grandmaster-1H-v3-00/,AlphaVault - Grandmaster 1H v3.00,iu1RqxLb-AlphaVault-Grandmaster-1H-v3-00,PUB;a63dc07edc364b6d9cc9329ce2c0c6bc,NeuralKinetiq,strategy,3,1,0,0,0,2026-07-23T10:38:30+00:00,26,"The Grandmaster 1H — The Fastest Validated Striker BTC/USDT · 1-hour chart · long/flat · 2x or 3x futures (your choice)  The fastest system in the roster to pass walk-forward validation. It enters on a fresh multi-day breakout inside a confirmed bull regime, and exits at a fixed, asymmetric take-profit or a hard stop set the moment the trade opens — no trailing, no discretion, nothing for fast 1H noise to shake loose. The moment the regime turns, it goes flat automatically.  Leverage is a script"
https://www.tradingview.com/script/nabxBTvG/,Amillex Alpha AI 5: Williams Vix Fix Extremes (XAUUSD M5),nabxBTvG,PUB;72f4de47814045b98cfa31e5977abe5e,cautay88,indicator,3,2,1,0,0,2026-07-23T10:34:00+00:00,26,Amillex Alpha AI 5 is an invite-only mean-reversion indicator for XAUUSD on the M5 timeframe.  WHAT IT DOES It uses Williams Vix Fix style volatility panic/euphoria extremes to highlight potential reversal zones.  HOW IT WORKS 1) Compute a Williams Vix Fix (WVF) style oscillator. 2) Compare WVF against Bollinger/percentile bands on that oscillator. 3) BUY when WVF hits extreme “panic/bottom” conditions. 4) SELL when WVF hits extreme “euphoria/top” conditions (inverse logic). 5) Signals prefer fi
https://www.tradingview.com/script/QLYAh24u/,Amillex Alpha AI 4: EMA Cross ATR Filter (XAUUSD M5),QLYAh24u,PUB;cd0d3d732b7444fea57b5a94884fcbca,cautay88,indicator,3,2,1,0,0,2026-07-23T10:27:56+00:00,26,"Amillex Alpha AI 4 is an invite-only momentum indicator for XAUUSD on the M5 timeframe.  WHAT IT DOES It generates directional signals from a fast/slow EMA cross, filtered by minimum ATR volatility so weak/choppy crosses are reduced.  HOW IT WORKS 1) Plot fast EMA and slow EMA (e.g. 9/21). 2) Require ATR above a minimum threshold (volatility filter). 3) BUY when fast EMA crosses above slow EMA with enough ATR. 4) SELL when fast EMA crosses below slow EMA with enough ATR.  HOW TO USE - Symbol: XA"
https://www.tradingview.com/script/E9k7qenJ/,Amillex Alpha AI 3: Liquidity Sweep SMC (XAUUSD M5),E9k7qenJ,PUB;ad758a1b77a3404c90548a133fce4933,cautay88,indicator,3,2,1,0,0,2026-07-23T10:20:32+00:00,26,Amillex Alpha AI 3 is an invite-only SMC-style indicator for XAUUSD on the M5 timeframe.  WHAT IT DOES It looks for liquidity sweeps around swing highs/lows and marks potential reversal entries after price reclaims the range.  HOW IT WORKS 1) Identify recent swing high/low liquidity pools. 2) Detect a sweep (wick beyond the swing) followed by a close back inside the prior range. 3) BUY after a low-side sweep reclaim; SELL after a high-side sweep reclaim. 4) Optional confluence may include order-
https://www.tradingview.com/script/sfnWQqMN-AlphaVault-Sentinel-2H-v2-00/,AlphaVault - Sentinel 2H v2.00,sfnWQqMN-AlphaVault-Sentinel-2H-v2-00,PUB;90dda3e7735b4ed1958181faf2b018aa,NeuralKinetiq,strategy,3,1,1,0,0,2026-07-23T10:17:24+00:00,26,"The Sentinel 2H — The Watchtower of the Bull Regime BTC/USDT · 2-hour chart · long/flat · 2x or 3x futures (your choice)  Reads two independent higher-timeframe trend filters before making a single move. Only once both confirm a bull regime does it start hunting fresh multi-day breakouts on the 2H chart — it never chases a move that's already run, and never buys a dip inside a downtrend. Winners are ridden with an adaptive trailing stop that only ever ratchets in its favor; the moment the regime"
https://www.tradingview.com/script/1tB1pHTY/,Amillex Alpha AI 2: Supertrend RSI EMA Bias (XAUUSD M5),1tB1pHTY,PUB;408172c899994057a926d97ee171d7b4,cautay88,indicator,3,2,4,0,0,2026-07-23T10:08:49+00:00,26,Amillex Alpha AI 2 is an invite-only scalping indicator for XAUUSD on the M5 timeframe.  WHAT IT DOES It combines Supertrend direction with RSI momentum and a higher-timeframe EMA bias filter.  HOW IT WORKS 1) Track Supertrend (ATR-based) trend flips on M5. 2) Require RSI on the correct side of the midpoint (above/below 50). 3) Confirm bias with EMA on M15 (price relative to EMA). 4) BUY only when Supertrend turns bullish and filters agree; SELL when bearish conditions agree.  HOW TO USE - Symbo
https://www.tradingview.com/script/b95X51l0/,Amillex Alpha AI 1: Bollinger Bands & Engulfing (XAUUSD M5),b95X51l0,PUB;6094656581124977917ec84bf3acb3ab,cautay88,indicator,3,2,5,0,0,2026-07-23T09:54:29+00:00,26,"Amillex Alpha AI 1 is an invite-only scalping indicator for XAUUSD on the M5 timeframe.  WHAT IT DOES It detects reversal setups when price interacts with Bollinger Bands and confirms with engulfing candle patterns.  HOW IT WORKS 1) Calculate Bollinger Bands (length 20, multiplier 2). 2) BUY when price taps/reclaims the lower band and a bullish engulfing candle confirms. 3) SELL when price taps/reclaims the upper band and a bearish engulfing candle confirms. 4) Signals are printed only on confir"
https://www.tradingview.com/script/OGreWurj/,O 100x,OGreWurj,PUB;4530ffd6f4974d47ae1c1106bc962178,Rattakon,indicator,2,5,2,0,0,2026-07-23T09:50:17+00:00,26,"1. Main Engines The system looks for trading opportunities using two parallel strategies:  Engine 1 (EMA + Dual RSI): Focuses on trend-following. The price must be on the correct side of the EMA 50, and momentum must be confirmed (Fast RSI crossing the Slow RSI).  On the chart: Displayed as Green/Red triangle arrows.  Engine 2 (3 Candlesticks): Focuses on Price Action. It looks for 3 consecutive candles closing in the same direction (3 White Soldiers / 3 Black Crows) that also form new highs/low"
https://www.tradingview.com/script/ZMjOIPkf/,Futures SMT [Cem],ZMjOIPkf,PUB;fe8e6d37041d4fa5bde4ae5d62d5c242,CemX,indicator,2,1,0,0,0,2026-07-23T09:50:03+00:00,26,"Identify SMTs for indicies, supports and checks 3 pairs in same time"
https://www.tradingview.com/script/y7oqoHNe-SMC-Master-Top-Down-Engine/,SMC Master Top Down Engine,y7oqoHNe-SMC-Master-Top-Down-Engine,PUB;96e5e622177c4ac6a35ab8d96991b022,DVA_SCALPER,indicator,2,2,3,0,1,2026-07-23T09:47:12+00:00,26,"SMC MASTER PRO — TOP-DOWN ENGINE (v3) is a sophisticated institutional analytical system developed in Pine Script v6, designed specifically for professional ICT and Smart Money Concepts (SMC) traders Core Logic and Philosophy The engine follows the fundamental principle of ""Context first, entry second,"" meaning it replicates the decision-making process of a discretionary institutional trader by answering eight critical questions about market structure, bias, and liquidity before permitting any e"
https://www.tradingview.com/script/wDMNFIWv/,Vergara Investor SPX Gamma Context HTF,wDMNFIWv,PUB;11a673fe09bc4d3fb133f81c2cb3dca9,Uzcateguivjj,indicator,2,1,6,0,0,2026-07-23T09:36:55+00:00,27,Vergara Investor SPX Gamma Context HTF is a manual-data visualization tool designed to provide a broader structural gamma context for the SPX on four-hour and daily charts.  Users manually paste the updated structural gamma information into a single input field. The indicator can display:  • Call Wall • Put Wall • Gamma Flip • Acceleration Up • Acceleration Down • Absolute Gamma • Gamma volatility regime • 0DTE Net GEX • Data update date  The horizontal zones cover approximately three months of 
https://www.tradingview.com/script/UTKgh26P-Volume-PRO/,Volume PRO+,UTKgh26P-Volume-PRO,PUB;2177832e56244f68b7c20522dbe25815,Katsumi-Nohara,indicator,3,2,3,0,0,2026-07-23T09:35:39+00:00,27,"Volume PRO+ | Institutional Order Flow & Absorption    Overview & The Core Problem  In highly volatile markets (like Cryptocurrency, Gold, and Forex), analyzing traditional raw volume is fundamentally flawed. 100 units of an asset traded at a lower price point represents vastly different capital commitment than 100 units traded after a 300% price rally. Standard volume indicators fail to account for this price-weighted capital flow, leading to false breakouts and misread divergences.  The Volume"
https://www.tradingview.com/script/aCYpLQOJ-Auto-Level-System-IFVG-Auto-Zones/,Auto Level System + IFVG + Auto Zones,aCYpLQOJ-Auto-Level-System-IFVG-Auto-Zones,PUB;e7fc394e8dcf424d8b62cd6ec5bc611d,ankitkumar22,indicator,2,1,1,0,0,2026-07-23T09:27:42+00:00,27,"Auto Level System + IFVG + Auto Zones    What this indicator does?  -----------------------------  This tool combines three complementary modules that together map a complete intraday decision framework: 'where' price is likely to react (the automatic level grid), 'when' a reaction is confirmed (Inversion Fair Value Gaps), and **which sub-areas** inside the current trading range deserve attention (Auto Zones).   Why these components are combined?  ----------------------------------------------- "
https://www.tradingview.com/script/HWNVXpw8/,Vergara Investor SPX Intraday Gamma Zones,HWNVXpw8,PUB;4cfefe7a6da34541ab3aaa34671974a0,Uzcateguivjj,indicator,2,3,5,0,0,2026-07-23T09:27:37+00:00,27,"Vergara Investor SPX Intraday Gamma Zones is a manual-data visualization tool designed for intraday analysis of the SPX.  Users paste updated Strike:Net GEX values into a single input field. The indicator automatically identifies and displays the three most relevant gamma concentrations above the current price and the three most relevant concentrations below it, ranked by absolute Net GEX magnitude.  Purple zones represent positive Net GEX. Amber zones represent negative Net GEX. Darker zones id"
https://www.tradingview.com/script/HH96qNwI-The-Holly-Grail/,The Holly Grail,HH96qNwI-The-Holly-Grail,PUB;fcbb2e85360042f1ab0e1f8dd9b2cd51,HusseinSheikhAli,indicator,3,1,3,0,0,2026-07-23T09:16:48+00:00,27,"# The Trading Routine VIP Institutional Analysis System  The Trading Routine VIP Indicator is an advanced market-analysis tool designed to help traders identify trend direction, liquidity zones, support and resistance levels, and institutional order blocks directly on the TradingView chart.  The indicator combines several forms of technical analysis into one structured system, allowing traders to reduce chart clutter and build a clearer trading plan.  ## Main Features  ### Multi-Timeframe Trend "
https://www.tradingview.com/script/1uXLNEC8/,ta.kcw,1uXLNEC8,PUB;2e7cdb1998ec4010b559a7c1d40cce5e,bryantchen101,indicator,3,1,0,0,0,2026-07-23T08:56:19+00:00,27,均线偏离度 
https://www.tradingview.com/script/PFutwaMH-Eran-Krief-Custom-Watermark/,Eran Krief Custom Watermark,PFutwaMH-Eran-Krief-Custom-Watermark,PUB;4203ed3194764ec6976abb0c2da13234,erankb,indicator,2,1,1,0,1,2026-07-23T08:42:31+00:00,27,"This Pine Script v6 indicator displays a customizable watermark table directly on the TradingView chart. It shows the company name, market capitalization, ticker symbol, timeframe, industry, sector, and upcoming earnings countdown. Optional metrics include ATR with a colored volatility indicator, 12-month return, and the price’s percentage distance from a selected SMA or EMA. Users can customize the watermark’s position, text color, text size, moving-average type, and calculation periods. The di"
https://www.tradingview.com/script/7mSzXNVX-Pro-DI-Scalper-v1/,Pro DI Scalper v1,7mSzXNVX-Pro-DI-Scalper-v1,PUB;eb4919677bfb420ab9a1c1b123e44848,mahith805,indicator,1,1,37,0,0,2026-07-23T08:33:09+00:00,27,"# Pro DI Scalper v1  ## Description  Pro DI Scalper v1 is a lightweight intraday scalping indicator designed for **1-minute NIFTY options trading**. It is based entirely on the **Directional Movement Index (DMI)** using **DI+, DI−, and ADX**. The indicator avoids unnecessary complexity and focuses on identifying strong directional moves.  ### Features  * DI+ / DI− crossover signals * ADX trend strength filter * Non-repainting BUY and SELL signals (generated after candle close) * Signal lock to a"
https://www.tradingview.com/script/xwnZa3ts-Multi-Timeframe-VWAP-1Dx1W-V6-FCPO/,Multi-Timeframe VWAP 1Dx1W V6 [FCPO],xwnZa3ts-Multi-Timeframe-VWAP-1Dx1W-V6-FCPO,PUB;f7e820e94cd3448a8dd64cd89706cf23,ruz66,indicator,3,2,3,0,0,2026-07-23T08:19:32+00:00,27,"🚀 Multi-Timeframe VWAP 1Dx1W V6    Multi-Timeframe VWAP 1Dx1W V6 is a comprehensive, institutional-grade volume-weighted average price indicator built specifically for the FCPO (Crude Palm Oil Futures) market. Fully updated to Pine Script Version 6, this script allows intraday traders and swing traders to track rolling market volume equilibria across multiple major horizons concurrently on a single chart canvas.  The indicator is designed around the core principle that institutional resting orde"
https://www.tradingview.com/script/e7Y0q5uE-GlobalLiquidityOffset/,GlobalLiquidityOffset,e7Y0q5uE-GlobalLiquidityOffset,PUB;61c96e990ced4e08b1e9866a848c277b,Vazdooh,indicator,1,1,7,0,0,2026-07-23T08:14:05+00:00,27,A global liquidity indicator broken down by region that allows you to offset and compare it to stocks. 
https://www.tradingview.com/script/wlj487gi-Gabriel-s-BK-s-Nuclear-Winter/,Gabriel's & BK's-Nuclear Winter,wlj487gi-Gabriel-s-BK-s-Nuclear-Winter,PUB;3a6574641bae44668525b7a1ea5dc773,Ki11a_B,indicator,2,1,5,0,0,2026-07-23T08:13:15+00:00,27,"Gabriel's & BK's-Nuclear Winter - Total Market Warfare System  Momentum, participation, pressure, and confluence—organized into one coordinated market-analysis framework.  Collaboration and Authorship  Gabriel's & BK's-Nuclear Winter was jointly developed by my good friend GabrielAmadeusLau and me, Killa_B.  GabrielAmadeusLau has expressly authorized me to introduce and publish this collaborative protected release. Both authors retain full credit for the original framework, the expanded analytic"
https://www.tradingview.com/script/9LZpXGis-dual-cci-ema-filter/,Dual CCI + EMA Filter,9LZpXGis-dual-cci-ema-filter,PUB;6b2ec83d62f24b7bbdcdaedf2c3e4d86,Golarty2020,indicator,2,1,5,0,0,2026-07-23T08:06:08+00:00,27,"Dual CCI with EMA Regime Filter combines two independent Commodity Channel Index (CCI) calculations with separate EMA smoothing to identify the current market regime and evaluate momentum alignment across different market cycles.  By default, the indicator uses CCI periods of 55 and 88, smoothed with EMA periods of 34 and 55 respectively. All parameters are fully customizable.  Unlike the traditional use of CCI, which mainly focuses on overbought and oversold levels, this indicator treats the EM"
https://www.tradingview.com/script/kEBHeAa9/,Aureus Insights - RSI Pullback with Supply & Demand Zones ,kEBHeAa9,PUB;db0216a5f2a649a5a873b4bd57a04ba4,muali_frx,indicator,3,2,2,0,0,2026-07-23T07:52:33+00:00,27,"Aureus Insights is an overlay indicator built around a validated RSI-Pullback entry signal with a volatility-regime filter, plus supporting context tools: EMA trend, Supply & Demand zones, Liquidity zones, and a Daily Fair Value Gap marker. It also includes a built-in position size / risk calculator.  HOW THE SIGNAL WORKS - Core signal: price pulls back into RSI oversold/overbought territory while the EMA(50/238) trend agrees, filtered to only fire when short-term volatility (ATR) is within a no"
https://www.tradingview.com/script/KDzUaeUK-Hitpoint-Wave/,Hitpoint Wave,KDzUaeUK-Hitpoint-Wave,PUB;debb08b87829489c94e582599a87946e,tradingwithsidhant,indicator,3,1,6,0,0,2026-07-23T07:50:41+00:00,27,"A special wave that tell you where the strenght lies, and where weakness lies "
https://www.tradingview.com/script/1HyY1Pct-GB-Textbox-as-watermark/,GB Textbox as watermark,1HyY1Pct-GB-Textbox-as-watermark,PUB;8bcc91d53387470594ec3e65db0d47e4,gbuitend,indicator,1,6,23,0,0,2026-07-23T07:48:52+00:00,27,"This text box is flexible and is shown as watermark in your chart. You can position it top/center/bottom, and left/center/right."
https://www.tradingview.com/script/KAEcdq1S-PSRC-Meridian-Confluence-Reversal-System/,PSRC Meridian| Confluence Reversal System,KAEcdq1S-PSRC-Meridian-Confluence-Reversal-System,PUB;2f828e9b2bae48bd9dce8e0de9c08336,PlazoSullivanRocheCapital,indicator,2,1,7,0,0,2026-07-23T07:43:49+00:00,27,"Executive Summary  PSRC MERIDIAN is a three-layer institutional confluence framework built for TradingView (Pine Script v6). It does not generate signals from a single indicator or pattern. It requires independent confirmation across a daily bias engine, a liquidity event, and a confirmation-timeframe trigger before it will mark a Buy or Sell — and it grades every signal on how many of those layers actually aligned.  The system was built to answer one question honestly: is price sitting at a lev"
https://www.tradingview.com/script/rDBSvHWN-Quarters-Theory-TammaFx/,Quarters Theory  TammaFx,rDBSvHWN-Quarters-Theory-TammaFx,PUB;0a46461bd4c24a47999cde21b951c277,vtamma25,indicator,1,1,3,0,0,2026-07-23T07:41:53+00:00,27,"Quarters Theory, only Major and Half by  Ilian Yotov"
https://www.tradingview.com/script/GmDNAcC5/,MTF ATR SL Level,GmDNAcC5,PUB;ab008586179a402c8712e3504eeb5711,Zemann1979,indicator,1,1,10,0,0,2026-07-23T07:41:12+00:00,27,"This Pine Script (Version 6) is a technical indicator for TradingView called ""MTF ATR Level"".  In short: The indicator calculates the Average True Range (ATR) – meaning the average volatility (price fluctuation range) – from a higher timeframe (e.g., the daily chart) and projects these values as dynamic resistance and support bands directly onto your current chart (e.g., a 5-minute or 1-hour chart).  Here is the exact functionality broken down in detail:  1. Core Functions & Settings Multi-Timef"
https://www.tradingview.com/script/lbbZRfLI-Weekday-Body-Center-Letters/,Weekday Body Center Letters,lbbZRfLI-Weekday-Body-Center-Letters,PUB;34bc2d8d28d14b38bc6f726170c8dd0b,Naresh_Kadhare,indicator,1,1,6,0,0,2026-07-23T07:39:11+00:00,27,Display Week Day Names First Letter  Mainly Develop for Indices  Used AI to Create the Script
https://www.tradingview.com/script/Pg9r81ne/,Choppiness Index MTF,Pg9r81ne,PUB;f8882b0762d24d089cd9594332940d09,Captaintrading,indicator,1,1,24,0,0,2026-07-23T07:37:53+00:00,27,"CHOP Multi-Timeframe Range & Trend Detector  🎯 What does this indicator do?  The Choppiness Index measures whether the market is trending or ranging. The problem with the classic CHOP: it only looks at a single timeframe. This indicator displays the Choppiness Index across multiple timeframes simultaneously, right on your chart, so you can instantly see whether higher timeframes confirm or contradict your trading timeframe.  ⚙️ How it works  The CHOP is calculated on each selected timeframe (e.g"
https://www.tradingview.com/script/w8Umyq4c-HTS-Retest-v7/,HTS Retest v7,w8Umyq4c-HTS-Retest-v7,PUB;e95fe0b86ff34be59bff68eaa72f8acd,pingwintomasz,indicator,1,1,8,0,0,2026-07-23T07:37:18+00:00,27,HTS retest 1 po cross z filtrem konsolidacji. Powrot do fast i slow 
https://www.tradingview.com/script/JxfZrn6G-SMC-Pro-Tikalgo/,SMC Pro Tikalgo,JxfZrn6G-SMC-Pro-Tikalgo,PUB;cc683089dd364f649bd5c5de46eb3f92,Tikalgo,indicator,3,5,11,0,4,2026-07-23T07:34:07+00:00,27,"SMC Pro Tikalgo   An all-in-one Smart Money Concepts toolkit that combines market-structure analysis, a custom volume profile, a custom Ichimoku engine, and a multi-timeframe scoring model into a single overlay. It is built to help you read context — where price sits relative to structure, value, and higher-timeframe bias — and to keep that reading organized in one dashboard instead of a dozen separate indicators.   This description explains what the tool does and how it is built. It does not pr"
https://www.tradingview.com/script/5BLfGp6I-Trend-Pulse/,Trend Pulse,5BLfGp6I-Trend-Pulse,PUB;0fcc57d417b246b084e8259a1f1c050d,MarketStructureLab,indicator,1,1,138,0,0,2026-07-23T07:33:24+00:00,27,"  MSL Trend Pulse is a comprehensive indicator designed to analyze the current market regime, buying and selling pressure, and the strength of completed bullish and bearish waves. The indicator is built around three interconnected calculation components: Predictive Balance — a predictive market-equilibrium level. Pressure Pulse — an oscillator measuring current directional pressure. Wave Memory — a system for evaluating completed bullish and bearish pressure waves. Each component has a distinct "
https://www.tradingview.com/script/7sKZIrbB-Machine-Learning-Neural-Network-Engine/,Machine Learning Neural Network Engine,7sKZIrbB-Machine-Learning-Neural-Network-Engine,PUB;e438d89a566c40d1a6a8207708cb758e,Julien_Exe,indicator,1,1,433,0,0,2026-07-23T07:23:55+00:00,27,"Machine Learning Neural Network Engine turns complex Daily market behavior into three clear states: LONG, WATCH and CASH.  Instead of relying on one fixed trend signal, the indicator combines an adaptive neural network, continuous model validation and an independent crisis detector. The result is a simple visual interface backed by a fully causal machine-learning process.  HOW IT WORKS  At its core is a compact 6-5-1 neural network trained directly on the chart.  It analyzes six normalized featu"
https://www.tradingview.com/script/IJ4pN0YL/,BCapital AI Indicators,IJ4pN0YL,PUB;3e93e11219114b66b4f3785f07a3e87b,bideat,indicator,3,1,3,0,0,2026-07-23T07:22:08+00:00,28,Bcapital AI Indicator !  Zalo : 0986 227 120 Tele: @Hbach90
https://www.tradingview.com/script/fU5exdA3-Pocket-Pivot-Kacher-Morales-tez/,Pocket Pivot (Kacher/Morales) - tez,fU5exdA3-Pocket-Pivot-Kacher-Morales-tez,PUB;485a3c9d53c44560ae5d3278309a6438,charant,indicator,1,1,4,0,0,2026-07-23T07:17:10+00:00,28,"//@version=6 indicator(""Pocket Pivot (Kacher/Morales) - Custom"", overlay=true)  // ───────────────────────────────────── // SETTINGS // ───────────────────────────────────── smaLength = input.int(      10,      title=""SMA Length"",      minval=1      )  maxOffset = input.float(      4.0,      title=""Max % Offset from SMA"",      minval=0.1,      step=0.1      )  lookback = input.int(      10,      title=""Lookback Period (Trading Days)"",      minval=1      )  // ────────────────────────────────────"
https://www.tradingview.com/script/XTfbQiuh-5-EMA-MARKET-MAKERS/,5 EMA MARKET MAKERS,XTfbQiuh-5-EMA-MARKET-MAKERS,PUB;13451b7a138c41afa065ca0c4013b756,CRYPT0J4CK3R,indicator,1,1,2,0,0,2026-07-23T07:16:36+00:00,28,"This script delivers a highly optimized Exponential Moving Average (EMA) suite designed for high-leverage scalping and precision Opening Range Breakout (ORB) trading. Built to cut out the fluff, it keeps your charts clean while exposing immediate momentum shifts and deep institutional market structures.  Core Components:  Micro-Trend Alignment (5 & 13 EMA): Tracks immediate price action and momentum shifts. Essential for aggressive scalping and timing precise entries on the 5m timeframe right af"
https://www.tradingview.com/script/3mejnOqW/,SuperTrend Heikin Ashi v2,3mejnOqW,PUB;8a32f9dd95574b4ea017c57e82ba8d12,DieciTrader,indicator,1,1,29,0,0,2026-07-23T07:13:43+00:00,28,"V 2.0 of my SuperTrend Heikin Ashi (with colored background)  Supertrend Heikin Ashi is an indicator based on the standard calculation of the Supertrend with the difference of using the Open and Close value of the Heikin Ashi candles instead of the normal Candle Sticks. In this way the main characteristic of the HA candles is exploited, thus filtering movements that could generate false signals. I recommend using SPY, SPX, QQQ to be aware of the market situation, not operating (or paying great a"
https://www.tradingview.com/script/ekAN5keu-TF-Quantile-Trend-Channel-QTC/,TF: Quantile Trend Channel (QTC),ekAN5keu-TF-Quantile-Trend-Channel-QTC,PUB;929817a5883d44e381aebeee38fb5bcc,realanthonyc,indicator,2,1,1,0,0,2026-07-23T07:12:57+00:00,28,"TradingFlow: Quantile Trend Channel (QTC)   TradingFlow: Quantile Trend Channel (QTC) is a clean trend-context indicator designed to make directional market phases easier to recognize at a glance. It evaluates how price is behaving within its recent distribution, then presents the result as a simple bullish, bearish, or neutral background.  QTC is intended to help traders stay aligned with sustained moves while reducing the visual noise created by frequent short-term fluctuations. Its minimal pr"
https://www.tradingview.com/script/6aNPPOCU-Auto-Fixed-Range-Volume-Profile-ARZINEH/,Auto Fixed Range Volume Profile - ARZINEH,6aNPPOCU-Auto-Fixed-Range-Volume-Profile-ARZINEH,PUB;781cfca8a10243e996ed8663be45be2c,arzineh,indicator,2,1,218,0,3,2026-07-23T06:47:44+00:00,28,"Auto Fixed Range Volume Profile - ARZINEH is a swing-anchored volume profile indicator designed to automatically detect the active market range based on the most recent major swing high and swing low.  Instead of manually drawing a Fixed Range Volume Profile, this indicator identifies the start and end points of the latest significant price leg and builds a volume profile only within that selected range. This helps traders quickly visualize where the highest volume concentration, Point of Contro"
https://www.tradingview.com/script/QHZ5aV1s-Pips-in-Heels-SHRUTIKA/,Pips in Heels | SHRUTIKA,QHZ5aV1s-Pips-in-Heels-SHRUTIKA,PUB;70bb9b012bf04eff8ec14287f1dd1a35,pipsinheels_premium,indicator,3,1,4,0,0,2026-07-23T06:45:25+00:00,28,"👠 Pips in Heels | Shrutika Trades — SMC Structure + Dual Signal Engine (v4 & v5)  Pips in Heels (PIH) combines a full Smart Money Concepts (SMC) structure engine with two independent, rules-based signal systems built on top of it. It is designed to highlight high-probability zones using market structure, liquidity, and momentum — not to predict the market with certainty.  Core SMC Toolkit  Internal & swing market structure (BOS / CHoCH) Internal and swing order blocks Fair Value Gaps (FVG) with "
https://www.tradingview.com/script/JHI2QoND-Confluence-Suite-Pivot-Points-SuperTrend/,Confluence Suite: Pivot Points SuperTrend ,JHI2QoND-Confluence-Suite-Pivot-Points-SuperTrend,PUB;d10c913fb7b3472784fd735dcf830433,cjw75,indicator,1,1,9,0,0,2026-07-23T06:44:33+00:00,28,"Confluence Suite: PP SuperTrend + VWAP + MACD + RSI + ADX + Volume    A multi-factor confluence dashboard built around Pivot Point SuperTrend, designed for futures trading on any timeframe.  Overview  This indicator combines six widely-used tools into a single confluence system with a live on-chart dashboard:      Pivot Point SuperTrend — the core trend/entry engine, using pivot highs/lows instead of a simple moving midpoint to anchor its ATR bands VWAP — session-anchored, used to gauge whether "
https://www.tradingview.com/script/eo4nR8PY-Titan-Levels/,Titan Levels,eo4nR8PY-Titan-Levels,PUB;2b53fe0a331b40719f11d6e9b09d06db,AVSnipers,indicator,1,2,32,0,0,2026-07-23T06:44:15+00:00,28,"TitanLevels  Multi-timeframe: Scans M15, H1, H2, H4 and Daily.  Filters: Configurable lookback (default 50 candles per TF), minimum wick, minimum sweep beyond close, opposite-color requirement, and a cap on levels per TF.  Lifecycle: The level disappears after 3 events (configurable), in two modes — break (close on the opposite side) or touch (wick). The counter is shown in the label: M15 2/3. "
https://www.tradingview.com/script/tFGc0yhD-MASTER-SENTIMENT-FUSION-ENGINE-WORST-FILTER-v3/,MASTER SENTIMENT FUSION ENGINE - WORST FILTER v3,tFGc0yhD-MASTER-SENTIMENT-FUSION-ENGINE-WORST-FILTER-v3,PUB;acdfdf7f53304b3298e38c3712ae7b3b,Bantisoni,strategy,2,1,3,0,0,2026-07-23T06:40:55+00:00,28,"MASTER SENTIMENT FUSION ENGINE - WORST FILTER v3 is a multi-strategy trading system built for the daily timeframe. It scores overall market sentiment (Extreme Greed, Greed, Neutral, Fear, Extreme Fear) by combining daily EMA50, EMA200, RSI, volume, and ADX/DMI readings into a single bull versus bear score. Based on this sentiment reading, the strategy automatically activates one of four independent sub-strategies.  Greed Momentum trades trend continuation during Extreme Greed and Greed condition"
https://www.tradingview.com/script/Nyr9t6GN-ATB-Commodity-Grains-Signal/,ATB Commodity - Grains Signal,Nyr9t6GN-ATB-Commodity-Grains-Signal,PUB;0633c52b5cf84967927b840e2e1acdbe,bouerstaib97,indicator,2,2,0,0,0,2026-07-23T06:27:02+00:00,28,"ATB Commodity - Grains Signal is an institutional-grade, multi-layer trend-following trading strategy designed specifically for the agricultural and commodity derivatives markets (Corn, Soybeans, Soybean Oil, Wheat, etc.).  Because agricultural commodities are heavily driven by macro fundamentals, seasonal crop cycles, and geopolitical factors, they exhibit strong, persistent trends. This indicator capitalizes on high-probability trend continuation patterns by entering during technical pullbacks"
https://www.tradingview.com/script/K34psiFI-Multi-Timeframe-IFVG-FVG-Retest-FVG-Liquidity-Sweeps/,Multi-Timeframe IFVG/FVG/Retest FVG + Liquidity Sweeps,K34psiFI-Multi-Timeframe-IFVG-FVG-Retest-FVG-Liquidity-Sweeps,PUB;e7eca1d9099f4b4ca643d35c9434ab33,Luckyvicky134134,indicator,2,2,1,0,0,2026-07-23T06:21:19+00:00,28,"Multi-Timeframe IFVG + Hidden Liquidity Sweeps This indicator combines multi-timeframe FVG/IFVG detection, position sizing, and liquidity-sweep confirmation in one clean charting tool. Instead of displaying dozens of liquidity lines, it tracks them internally and reports relevant sweeps inside each IFVG’s hover callout. Main Features Supports three customizable FVG/IFVG timeframes. Detects bullish and bearish FVG inversions. Tracks hidden HTF liquidity from D, 4H, 90M, and 1H. Tracks hidden LTF "
https://www.tradingview.com/script/fXXexKrO-SR-Breakout-Auto-TP-SL-v6/,SR Breakout Auto TP/SL v6,fXXexKrO-SR-Breakout-Auto-TP-SL-v6,PUB;a177526a528e40298c501b0240952d4c,ExpertTraderASK,indicator,1,1,38,0,0,2026-07-23T06:07:40+00:00,28,"SR Breakout Auto TP/SL v6   A clean and easy-to-use Support & Resistance breakout indicator designed to help identify potential breakout opportunities.  Features  Automatic Support and Resistance levels based on confirmed pivot highs and lows.  Buy and Sell signals after a candle closes beyond a Support or Resistance level.  Automatic Entry, Stop Loss, and 1:1 Take Profit levels.  Horizontal trade management lines for quick visual reference.  Built-in TradingView alert conditions for breakout si"
https://www.tradingview.com/script/kyxU0Vgm-Key-Levels-Native-Order-Flow/,Key Levels + Native Order Flow,kyxU0Vgm-Key-Levels-Native-Order-Flow,PUB;bc493c3993704470b6fed04e95b60d75,EZDinero96,indicator,1,1,5,0,0,2026-07-23T06:04:24+00:00,28,"## Key Levels + Native Order Flow   **Key Levels + Native Order Flow** combines important market reference levels with TradingView’s native footprint data. The indicator can display daily, weekly, monthly, quarterly, yearly, previous 4-hour, Monday, Asia, London, and New York levels.  When price approaches an enabled key level, the order-flow engine analyzes volume delta, stacked imbalances, and the candle’s Point of Control to identify:  * **BUY ABS / SELL ABS:** Potential rejection or absorpti"
https://www.tradingview.com/script/gMDvz30I-Daily-Levels-Globex-v1-0/,Daily Levels (Globex) v1.0,gMDvz30I-Daily-Levels-Globex-v1-0,PUB;b1edc9e5ea6d424db438c76571b2cda3,GNGTrader08,indicator,3,1,5,0,0,2026-07-23T05:59:33+00:00,28,"# Daily Levels (Globex)  **Platform:** TradingView (Pine Script v6) **Current version:** 1.0 **Files:** `Daily_Levels.pine` (add to chart), `Daily_Levels_CODE.txt` (plain-text copy)  The daily-range levels from the ORB indicator, pulled out into their own clean overlay. Add it on its own when you only want the day/previous-day structure without the opening ranges.  ## What it draws  - **Current day** — High, Low and Midline, measured from the Globex open (purple H/L, grey mid by default) - **Pre"
https://www.tradingview.com/script/hIqgovnp-position-calculator-sync-trade/,Position Calculator [SYNC & TRADE],hIqgovnp-position-calculator-sync-trade,PUB;d0efd34ddcfa434194104baf0bd4403d,SYNC-AND-TRADE,indicator,2,2,23,0,0,2026-07-23T05:53:09+00:00,28,"# Position Calculator    A position-sizing calculator that also replays your plan against real price history.  You place the levels by dragging them on the chart. The script sizes the position from your risk budget, calculates the average entry and the true breakeven after fees, and then walks the bars forward to show which of those levels would actually have filled — and what the real result would have been.  ---  ## What problem it solves  Most position tools answer one question: ""how much do "
https://www.tradingview.com/script/sid1w4VP/,Sankyoku Hado I -Ultimate V2.0-,sid1w4VP,PUB;487025c4fe2a447ca00b0f2ce1c65078,MASADAIRU,indicator,3,1,1,0,0,2026-07-23T05:26:55+00:00,28,"　This is an invite-only, all-in-one indicator designed for daily timeframe trading. It integrates three distinct trading logics to adapt to various market environments.  **1. Underlying Concepts & Logic:** *   **Panic Hunter:** A mean-reversion strategy aiming for extreme oversold conditions. It uses the divergence between short-term/long-term EMAs (25, 75, 200) and RSI (Relative Strength Index) extremes to detect exhaustion in selling pressure, combined with volume spikes. *   **Trend Rider:** "
https://www.tradingview.com/script/GAP1oTyp/,BIG mama Analyzer Ultra,GAP1oTyp,PUB;d5e2897ef1c64f8e9b4c6c0153258f2a,Rilly_the_Black_Poodle,indicator,2,1,12,0,0,2026-07-23T05:08:34+00:00,28,"BIG mama Analyzer Ultra - The Ultimate 1m/5m Scalping Suite   (Description) Welcome to the BIG mama Analyzer Ultra! This is a highly advanced, all-in-one custom indicator designed specifically for 1-minute (1m) scalping and 5-minute (5m) day trading. Originally optimized for highly volatile assets like Gold (XAUUSD), this indicator combines Smart Money Concepts (SMC), Volume Analysis, and Price Action to pinpoint high-probability reversal and continuation zones.  By consolidating dozens of essen"
https://www.tradingview.com/script/jptG2Oce-Sensex-Trend-Pro/,Sensex Trend Pro,jptG2Oce-Sensex-Trend-Pro,PUB;65d080d3cdbc4d638251c8bb8e47bba6,shivangpandya2,indicator,3,1,0,0,0,2026-07-23T05:04:34+00:00,28,"Sensex Trend Pro is a trend-following overlay built specifically for the S&P BSE Sensex index. It plots a stepped trend line that trails price, shades the active trend direction, and marks each trend flip with an on-chart label — giving you a clean, uncluttered read of whether the current trend is up or down.  What it shows  A trailing trend line that steps with the market and changes color with direction (green for up, red for down), soft trend shading between price and the line for quick visua"
https://www.tradingview.com/script/b2Q4mnzA-Quantum-Flow/,Quantum Flow,b2Q4mnzA-Quantum-Flow,PUB;1715aff50401441a8cf212b1a083641e,smsdesire,indicator,2,1,9,0,0,2026-07-23T05:02:29+00:00,28,"Quantum Flow is a professional multi-layer market analysis indicator designed to identify high-probability trading opportunities through confluence. It combines **trend detection**, **market structure analysis**, and **momentum confirmation** into a unified framework, helping traders determine the prevailing market direction, identify key price zones, and validate trade setups before execution. Rather than relying on a single signal, the indicator emphasizes confirmation across multiple analytic"
https://www.tradingview.com/script/eELNXv7L-Nifty-Trend-Pro/,Nifty Trend Pro,eELNXv7L-Nifty-Trend-Pro,PUB;705f4c1f884f4a5aafdc3051932b9949,shivangpandya2,indicator,3,1,3,0,0,2026-07-23T04:55:46+00:00,28,"Nifty Trend Pro is a trend-following overlay built specifically for the Nifty 50 index. It plots a stepped trend line that trails price, shades the active trend direction, and marks each trend flip with an on-chart label — giving you a clean, uncluttered read of whether the current trend is up or down.  What it shows  A trailing trend line that steps with the market and changes color with direction (green for up, red for down), soft trend shading between price and the line for quick visual conte"
https://www.tradingview.com/script/wJEfDgNT-Multi-Symbol-High-Vol-Liquidity-Catalyst-Scanner/,Multi-Symbol High Vol + Liquidity + Catalyst Scanner,wJEfDgNT-Multi-Symbol-High-Vol-Liquidity-Catalyst-Scanner,PUB;21e8f2f2383248ebb693266e2e334693,emcinc,indicator,1,1,3,0,0,2026-07-23T04:53:19+00:00,28,Day trading multi symbol high volume and liquidity catalyst scanner
https://www.tradingview.com/script/7dnmtT4k/,Stoch Swing [megaguy],7dnmtT4k,PUB;89f23b1221f843bab2a0ebdb6360189e,megaguyz,indicator,2,1,19,0,0,2026-07-23T04:36:25+00:00,28,"Overview This is simple indicator identifies dynamic Swing High and Swing Low levels, using the Stochastic Oscillator as a secondary momentum confirmation to make pivot detection more accurate and reliable trend.  Underlying Logic  Swing Detection: Pinpoints local price pivots (highs and lows) over a set lookback period.  Stochastic Confirmation: Validates these swing points by checking momentum status, filtering out minor price noise and weak breakouts.  How to Use  Reversals: Look for confirme"
https://www.tradingview.com/script/DR9dvB1q/,EMA + RSI + ATR Strategy,DR9dvB1q,PUB;d27d8b322d5845968276a22392cce6b7,lhy810514,strategy,1,1,15,0,0,2026-07-23T04:33:28+00:00,28,EMA + RSI + ATR Strategy을 활용한 추세추종 전략 승율은 낮지만 골드에 적합한 강력한 추세추종 전략임
https://www.tradingview.com/script/yUshChUn-FinTrix-Structure-Suite-v2-1/,FinTrix Structure Suite v2.1,yUshChUn-FinTrix-Structure-Suite-v2-1,PUB;a98ce366d42c42fcb2d2e693931384c1,danushramv12,indicator,3,1,2,0,0,2026-07-23T04:05:25+00:00,29,"# FinTrix Structure Suite v2.1 – Highs & Lows  **FinTrix Structure Suite v2.1 – Highs & Lows** is a professional market structure indicator designed to automatically identify and visualize significant swing highs and swing lows across the chart. It helps traders understand price structure, liquidity zones, and the foundation of trend development without manually marking pivots.  Built for discretionary and systematic traders alike, the indicator filters market noise and highlights meaningful str"
https://www.tradingview.com/script/lUW4zigh/,VietNguyen Signal Vip,lUW4zigh,PUB;646229f32f5b46d783320dc1ef9240f0,VietNguyen_DN,indicator,3,1,2,0,0,2026-07-23T03:56:57+00:00,29,"VietNguyen Signal VIP is a premium trading indicator developed by a Vietnamese trader to simplify Gold and Crypto trading. Built through extensive research and real-market experience, this indicator is designed to help traders identify high-probability trading opportunities with greater confidence.  We hope it becomes a valuable tool in your journey toward consistent profitability. "
https://www.tradingview.com/script/NV7MZxRq-VWAP-Filtered-Cross-Dynamic-Gaps-V1-FCPO/,VWAP Filtered Cross + Dynamic Gaps V1 [FCPO],NV7MZxRq-VWAP-Filtered-Cross-Dynamic-Gaps-V1-FCPO,PUB;8d7ef56ae637485cbb2dda1684d6365e,ruz66,indicator,3,7,4,0,0,2026-07-23T03:55:46+00:00,29,"🚀 VWAP Filtered Cross + Dynamic Gaps V1    VWAP Filtered Cross + Dynamic Gaps V1 is a high-utility momentum tracking indicator designed explicitly for short-term intraday trading and scalping in the FCPO (Crude Palm Oil Futures) market. This strategy combines multi-timeframe volume-weighted trend filtering with non-repainting, live risk-management metrics drawn directly on your chart canvas.  📌 Key Features:    Multi-Period VWAP Engine: Concurrently tracks D-VWAP (Daily), W-VWAP (Weekly), and Q-"
https://www.tradingview.com/script/xyCKeypE/,Sessions Suite [claysul] + FVG,xyCKeypE,PUB;5a8eb4ce57d84a54a5faa55e876f9224,Bystry1991,indicator,1,1,10,0,0,2026-07-23T03:37:31+00:00,29,"# Sessions Suite + FVG — Warsaw Time  This indicator provides a complete intraday market framework by combining global trading sessions, key historical price levels, opening prices, liquidity references, Fair Value Gaps, and market structure.  The purpose of the indicator is not to generate automatic buy or sell signals. Its role is to show the market data and reference levels that professional traders monitor when building a trading narrative.  ## Why are these levels important?  Price does not"
https://www.tradingview.com/script/s0MRLfZs/,"rdsFernanda medias 9,20 e 200",s0MRLfZs,PUB;78a5174780b446b7b1733b4847735b25,rdsfernanda9,indicator,1,1,0,0,0,2026-07-23T03:33:37+00:00,29,"Script com média de 9 exponencial, 20 exponecial e 200 exponencial.   Script bem simples. "
https://www.tradingview.com/script/74XGo7Mf-VWAP-Filtered-Cross-Dynamic-Gaps-V1-FCPO/,VWAP Filtered Cross + Dynamic Gaps V1 [FCPO],74XGo7Mf-VWAP-Filtered-Cross-Dynamic-Gaps-V1-FCPO,PUB;82ec39e168ef45758b9dc294f2fe5735,ruz66,indicator,2,3,4,0,0,2026-07-23T03:23:52+00:00,29,"🚀 VWAP Filtered Cross + Dynamic Gaps V1    VWAP Filtered Cross + Dynamic Gaps V1 is a high-utility momentum tracking indicator designed explicitly for short-term intraday trading and scalping in the FCPO (Crude Palm Oil Futures) market. This strategy combines multi-timeframe volume-weighted trend filtering with non-repainting, live risk-management metrics drawn directly on your chart canvas.  📌  Key Features:    Multi-Period VWAP Engine: Concurrently tracks D-VWAP (Daily), W-VWAP (Weekly), and Q"
https://www.tradingview.com/script/Y6hGmS5Z-HIGGSFIELD-MAP/,HIGGSFIELD MAP,Y6hGmS5Z-HIGGSFIELD-MAP,PUB;ea01508acff3451bbffd18d3e6d1ce6f,majesticleveli,indicator,2,1,0,0,0,2026-07-23T03:10:24+00:00,29,"Core Concept The indicator treats swing pivots as ""seeds"" for liquidation zones:  Pivot Highs → Short Liquidation Pockets (above the pivot) Pivot Lows → Long Liquidation Pockets (below the pivot)  Each pocket has a height defined by a percentage of the 200-period ATR, making them realistic ""liquidity zones"" where stop-losses or liquidation cascades often occur. How It Works Step-by-Step  Data Collection Uses price data from the current chart. Aggregates volume across multiple perpetual futures c"
https://www.tradingview.com/script/BA6C7MO1-Scam-detector/,Scam detector,BA6C7MO1-Scam-detector,PUB;c6cb1516acfb45efaf2f34e1e69dff55,Marius-Gabriel,indicator,1,1,12,0,0,2026-07-23T02:57:32+00:00,29,"Spot–Perpetual Divergence (SPD)  Spot–Perpetual Divergence is a professional market-structure indicator designed to reveal when the spot and perpetual futures markets stop moving together.  Instead of looking only at the perpetual premium, this indicator compares the actual price behaviour of both markets and highlights situations where one side becomes significantly stronger or weaker than the other.  It automatically detects whether your chart is a spot or perpetual market and compares it with"
https://www.tradingview.com/script/qVdJ0vOc-AGTG-Flow-Wave/,AGTG Flow Wave,qVdJ0vOc-AGTG-Flow-Wave,PUB;e431615f2d614259beae64285ad00d2e,bmarsan1993,indicator,1,1,6,0,0,2026-07-23T02:27:43+00:00,29,Calls & Puts Options Flow Wave Oscillator - Showing when Call Vs Put Volume Flips to add another confluence for bias. Data is delayed by 15min
https://www.tradingview.com/script/AG6xYpjs-Display-current-Ticker-Price-and-14-Day-ATR/,Display current Ticker Price and 14-Day ATR,AG6xYpjs-Display-current-Ticker-Price-and-14-Day-ATR,PUB;f713298f90dd41bf9b040335e79968e2,mmercadofl,indicator,2,1,1,0,0,2026-07-23T02:23:38+00:00,29,"This script displays a small table with the ticker, current price, and 14-day Average True Range (ATR) in currency and percentage % terms in the upper right corner of your chart.  It also displays the ATR on a label on the chart but you can optionally disable that in the settings.  The intent is you provide an accurate ATR in $ or % based on the current stock price to aid in setting your stop losses.  Use the ATR to set stops based on your typical practice.  I basically double the ATR when I set"
https://www.tradingview.com/script/qGTzfNTg-Ichimoku-Signal-Engine/,Ichimoku Signal Engine,qGTzfNTg-Ichimoku-Signal-Engine,PUB;bf7d55c1151b4e22b6d06fc06b502697,Marius-Gabriel,indicator,1,1,6,0,0,2026-07-23T02:23:24+00:00,29,"# Ichimoku  Signal Engine + Dynamic Support & Resistance   Take the traditional Ichimoku Cloud to the next level with an advanced decision-support system that combines **trend analysis, divergence detection, dynamic support and resistance mapping, rejection signals, breakout detection, and ranked Ichimoku confluence levels** into one powerful indicator.  Rather than simply displaying the cloud, this script continuously evaluates the relationship between price and every major Ichimoku component t"
https://www.tradingview.com/script/p4n0axWk-Ichimoku-Signal-Engine/,Ichimoku Signal Engine,p4n0axWk-Ichimoku-Signal-Engine,PUB;7fcbca4936db4ae69449186eabb19d54,Marius-Gabriel,indicator,2,1,2,0,0,2026-07-23T02:21:23+00:00,29,"# Ichimoku LIVE R1–R3 + Dynamic Support & Resistance  Take the traditional Ichimoku Cloud to the next level with an advanced decision-support system that combines **trend analysis, divergence detection, dynamic support and resistance mapping, rejection signals, breakout detection, and ranked Ichimoku confluence levels** into one powerful indicator.  Rather than simply displaying the cloud, this script continuously evaluates the relationship between price and every major Ichimoku component to ide"
https://www.tradingview.com/script/NBWkiI8L/,Quarter Sequence 369 [JoseRoberto],NBWkiI8L,PUB;846506abf8304b93a80b28d7462fc388,joserobertolrramos,indicator,2,1,10,0,0,2026-07-23T02:21:07+00:00,29,"Indicador da Quarter Sequence + 369, derivado da Quarterly Theory do trader Daye."
https://www.tradingview.com/script/AU2PLWfI-Multi-All-in-One-Ms-Z/,Multi All in One/Ms. Z,AU2PLWfI-Multi-All-in-One-Ms-Z,PUB;e8b529a3ff734aa9a9834d858ee357d8,china61683,indicator,1,1,6,0,0,2026-07-23T02:11:49+00:00,29,"Customize all main indicators your own way! Bollinger Bands, EMAs, RSI, 15min Orb, HI/LO of premarket, previous day, and customize the table to show ATRs, on each time frame!"
https://www.tradingview.com/script/TZLl2QBP/,Volume-Weighted Support & Resistance,TZLl2QBP,PUB;ebf1f356de604ad9bdca8754b7ee6109,DIVISION_ZERO,indicator,1,1,6,0,0,2026-07-23T01:51:26+00:00,29,This indicator detects swing highs and swing lows that formed on above-average volume and draws them as support/resistance zones. The idea behind the volume filter is simple: a swing point where many participants transacted is more likely to be defended or revisited than one that formed on thin volume.  How it works  Swing points are found with standard pivot detection (a bar higher/lower than a configurable number of bars on each side). A pivot is only accepted if the volume on the pivot bar ex
https://www.tradingview.com/script/Dq6IT0Bq-Savvy-Levels/,Savvy Levels,Dq6IT0Bq-Savvy-Levels,PUB;868faf6e989d43dbbdf96542fadd3c18,fluxchart,indicator,3,1,115,0,0,2026-07-23T01:49:23+00:00,29,"GENERAL OVERVIEW:  Savvy Levels is a key level indicator that marks price points where the market changed direction on the 1-hour Regular Trading Hours chart. The indicator looks at every completed 1-hour candle inside the regular session. When a candle closes in the opposite direction to the candle before it, the indicator records the open price of that candle as a level and draws it as a horizontal line on the chart.  The idea behind this is simple. When one candle closes bullish and the next "
https://www.tradingview.com/script/rgjjnPW0-KEFE-2-0/,KEFE 2.0,rgjjnPW0-KEFE-2-0,PUB;78eda63066054b43b026dab16a576658,jgk702,indicator,2,1,10,0,0,2026-07-23T01:48:43+00:00,29,"updated version to kefe, adjust settings to your preference."
https://www.tradingview.com/script/peSwZVbo-New-York-6-PM-High-Low/,New York 6 PM High & Low,peSwZVbo-New-York-6-PM-High-Low,PUB;708a9c6497004500b937ad206ff8dab8,TheKapitan,indicator,1,1,1,0,0,2026-07-23T01:45:39+00:00,29,iykyk  plots some random lines forward. something like that
https://www.tradingview.com/script/TUprRIo6-Strategie-10-Min-Trading-Soleil-Du-Camer-Achat-Vente/,Strategie 10 Min Trading Soleil Du Camer (Achat/Vente),TUprRIo6-Strategie-10-Min-Trading-Soleil-Du-Camer-Achat-Vente,PUB;95ba931dfedf40e0862693ee5597aab1,SoleilDuCamer,indicator,3,1,0,0,0,2026-07-23T01:44:31+00:00,29,"This indicator identifies buy and sell signals across multiple timeframes, preferably the 10-minute chart for day trading, based on moving averages, PMO, and DMI. It was designed to help identify more systematic entry points, reducing the subjectivity involved in decision-making.   How to use it:  The script displays a BUY or SELL label directly on the chart when conditions are met. It is recommended to use it alongside disciplined risk management (stop loss, appropriate position sizing) rather "
https://www.tradingview.com/script/Kcdv8hQq-Custom-Separated-No-Wick-Alert-v6/,Custom Separated No-Wick Alert v6,Kcdv8hQq-Custom-Separated-No-Wick-Alert-v6,PUB;0f8a01816693465690e0da2fe89e6bc5,tmartin8025,indicator,2,1,2,0,0,2026-07-23T01:28:52+00:00,29,"This indicator puts an arrow (I use yellow as it stands out) for each candle that is a no-wick candle. If the trend is up, use the no-wick alert arrows that are pointing up and ignore the down arrows. If the trend is down, use the no-wick alert arrows that are pointing down and ignore the up arrows. Set your stop at the last prominent level, and whatever that distance is, set your take profit the same distance. The original rules were that you had to wait to enter until the market came back to t"
https://www.tradingview.com/script/gvwZMiH6/,Klusar Tools V1,gvwZMiH6,PUB;b1f0d155286d4659a6f11af1a8ca6578,srsatoshi,indicator,2,1,0,0,0,2026-07-23T00:42:18+00:00,29,"Klusar Tools V1 — ferramenta all-in-one para leitura multi-timeframe em cripto.  O que inclui: - 4 EMAs + 1 SMA configuráveis (período e cor) - Bull Market Support Band (SMA 20 + EMA 21 semanais) com banda suave e preenchida - EMAs ""fantasmas"": níveis de EMAs de timeframes maiores projetados no preço como linhas tracejadas - Painel Multi-TF (dashboard): RSI por timeframe (destaque só nos extremos, 70/30) + força relativa vs BTC para altcoins - RSI Levels no preço: projeta em que preço o RSI atin"
https://www.tradingview.com/script/MIFWc2Si-XAU-Rule-Strategy-V2-0-Lite/,XAU Rule Strategy V2.0 Lite ,MIFWc2Si-XAU-Rule-Strategy-V2-0-Lite,PUB;14c5e6c6a0f945479bef7faaad4700f8,XauRuleLabs,strategy,2,1,4,0,0,2026-07-23T00:38:22+00:00,29,"XAU Rule Strategy V2.0 Lite is a fixed-configuration research strategy designed for OANDA:XAUUSD on a standard 3-minute candlestick chart.  How it works  The strategy uses a custom, volatility-adjusted Trail-5 state engine to identify potential direction changes. A confirmed Trail-5 change becomes eligible for entry only when four ordered market-quality filters agree:  - Choppiness Index (14) must be below 40. - ADX (14, 14) must be at least 18. - Price must be above EMA 200 for a long or below "
https://www.tradingview.com/script/k4mVAHn2-Sessions-and-PrevDay-H-L/,Sessions and PrevDay H/L,k4mVAHn2-Sessions-and-PrevDay-H-L,PUB;f8d8c1cf53684d37a6efce50e3c61695,abhi03x,indicator,1,1,1,0,0,2026-07-23T00:34:46+00:00,29,Session zones and Previous Day High and Lows. It's pretty editable to be how you prefer. I just made it for myself ngl. Use if you want.
https://www.tradingview.com/script/3ynBQrrc-Updated-VWAP-EMAs-MACD-Alerts/,"Updated VWAP, EMAs, MACD & Alerts",3ynBQrrc-Updated-VWAP-EMAs-MACD-Alerts,PUB;2ce992fbd191480a8bb51255fdfe3acb,Ron9000,indicator,1,1,9,0,0,2026-07-23T00:23:13+00:00,29,"Intraday Momentum Reversal & Breakout Tracker (Pine v6)OverviewThis high-precision momentum script is designed to capture early-stage bottom reversals and structural trend breakouts on fast intraday timeframes (such as 10-second, 30-second, or 1-minute charts). By filtering micro-trend volatility through a dual-layered entry engine, the script ensures traders catch both the exact bottom of a reversal and any sudden momentum continuations without chasing overextended price moves.Core Components &"
https://www.tradingview.com/script/0BMRyR2P-TQQQ-Micro-Breakout-Enhanced-Last-3-Months-Only/,TQQQ Micro-Breakout (Enhanced + Last 3 Months Only),0BMRyR2P-TQQQ-Micro-Breakout-Enhanced-Last-3-Months-Only,PUB;6c808fd5689149d6b776a4f22e4c1c5a,Fred_HiFast,strategy,1,1,3,0,0,2026-07-23T00:20:28+00:00,30,TQQQ Micro-Breakout Strategy trades only happen when:  Trend is up  Volatility is healthy  Price forms a higher low  Breakout is real (previous‑bar high)  This matches TQQQ’s actual behavior much more closely.
https://www.tradingview.com/script/hgSyMtJe-Anchored-Trend-Follower/,Anchored Trend Follower,hgSyMtJe-Anchored-Trend-Follower,PUB;b697cf9fdc1241d9a3bafa83dd1bf899,TradezyTrades,indicator,1,1,5,0,0,2026-07-23T00:07:11+00:00,30,"Anchored Trend Follower  This indicator draws a single trendline that automatically follows a trend from a starting point you choose.  How it works  You manually drag the anchor point onto a swing low (for an uptrend) or a swing high (for a downtrend) — this is your starting reference. From there, the script tracks confirmed pivot highs/lows and extends the trendline forward each time a new higher low (uptrend) or lower high (downtrend) forms, keeping the line ""snapped"" to the most recent valid "
https://www.tradingview.com/script/3IRnCKy1/,"Smart Money Confluence Suite [EQH/EQL, OB/FVG, Sweeps]",3IRnCKy1,PUB;154c0f9e92e648ffad5adf4d02fee2cd,aromax,indicator,1,1,334,0,0,2026-07-22T23:59:05+00:00,30,"Smart Money Confluence Suite combines four complementary structure- and liquidity-based concepts into a single multi-timeframe overlay, built for traders who use price structure and liquidity zones as confluence rather than relying on a single signal type.  1. Equal Highs / Equal Lows (EQH/EQL) — multi-timeframe The script requests 4H and Daily price data independently of the chart's timeframe using request.security(), and compares each new high/low to the prior one within a configurable toleran"
https://www.tradingview.com/script/AueskvTN-ICT-AMD-Alarm-Entry-TP/,ICT AMD  + Alarm + Entry/TP,AueskvTN-ICT-AMD-Alarm-Entry-TP,PUB;0a40d76ee4da49a08724e226ea669469,DGSNLF,indicator,3,1,2,0,1,2026-07-22T23:55:56+00:00,30,"━━━━━━━━━━━━━━━━━━━━━━━━━━━━━━━━━━━━━━━━ AMD2 — Accumulation · Manipulation · Distribution Smart Money FVG Signal + Alarm + Entry / TP / SL ━━━━━━━━━━━━━━━━━━━━━━━━━━━━━━━━━━━━━━━━  This indicator maps the classic AMD price cycle used by smart money traders, automatically detects Fair Value Gaps (FVG) after a manipulation sweep, and fires alerts with precise entry, take-profit, and stop-loss levels.  ─── HOW IT WORKS ────────────────────────────────────────    Accumulation │ 8:00 PM – 12:00 AM ("
https://www.tradingview.com/script/ES44f3D1-XRS-IFVG-Detector-Alerts/,XRS IFVG Detector + Alerts,ES44f3D1-XRS-IFVG-Detector-Alerts,PUB;f1c5fcdefcaf4bf0b8ff49cad26b881e,xrstrading,indicator,1,1,8,0,0,2026-07-22T23:46:08+00:00,30,"XRS Inversion Fair Value Gaps (IFVG)   Most Fair Value Gap indicators flood your chart with every FVG that forms.   XRS IFVG takes the opposite approach.   Instead of plotting every imbalance, this indicator tracks Fair Value Gaps internally and only displays them once they have inverted—creating one of the highest-probability imbalance reactions used by many ICT and smart money traders.  The result is a clean, minimal chart that only highlights the IFVGs that actually matter.   Features     • D"
https://www.tradingview.com/script/KaahhpGf/,LKS Sector Radar,KaahhpGf,PUB;7dbe01be1ed0441abfd9cce6fe795c9f,eulukasguimaraes,indicator,3,1,6,0,0,2026-07-22T23:45:58+00:00,30,"LKS Sector Radar reads a reference symbol through a basket of equity and sector assets and tells you whether that reference is being pushed up (Buy) or down (Sell) by the market around it. By default the reference is the symbol on your chart; you can also switch to a manually chosen symbol. Choose one of four asset universes and the panel measures how that universe is pulling on the reference, in real time.  THE FOUR UNIVERSES - Big Tech: 18 US technology megacaps and Nasdaq-100 sub-indices. - S"
https://www.tradingview.com/script/n16YXPSU-Volume-Volatility-Time-of-Day/,Volume & Volatility Time-of-Day,n16YXPSU-Volume-Volatility-Time-of-Day,PUB;3fab2673d0d5487c8aac5d9c20862355,markantonioortega,indicator,1,1,4,0,0,2026-07-22T23:40:45+00:00,30,"Volume & Volatility Time-of-Day (V+V TOD) What it does  This is a diagnostic tool, not a signal generator. It answers one question for whatever instrument you put it on: at what times of day does this market typically wake up? It builds a time-of-day profile from the intraday history your chart has loaded and shows you the recurring windows where volume and volatility tend to expand — so you can be at your desk before they hit instead of reacting after.  How it works  For every minute-of-day slo"
https://www.tradingview.com/script/Qg10wiP4-Mirror-Suite-Signals/,Mirror Suite Signals,Qg10wiP4-Mirror-Suite-Signals,PUB;fa9a1c702f4a43088b540b1de50b3cd6,TheGameStopsNow,indicator,1,1,6,0,0,2026-07-22T23:34:49+00:00,30,"The lightweight, alert-focused companion to Mirror Suite — Strategy. Same engine, same presets, no backtester: it keeps your chart clean and fires alerts.   The idea   Price is normalized into a z-score and compared against a ""mirror"" — a time-reversed, inverted copy of the symbol's own past, shifted back a configurable number of bars. Signals come from how  now  interacts with that reflection: line crosses (Wave Flip), threshold breaks (Momentum), both together, or a MACD-style histogram built "
https://www.tradingview.com/script/t3RTrPzp/,TC indicadores de Tendencia (SMA/EMA/ICHIMOKU),t3RTrPzp,PUB;76743d96bc0f4b4fa2bc8447c8ee0d70,Luis0729,indicator,2,3,1,0,0,2026-07-22T23:23:15+00:00,30,Contiene 6 medias móviles configurables  SMA = Media Móvil Simple EMA = Media Móvil Exponencial 
https://www.tradingview.com/script/dWwP5VEF-Indian-Sectoral-Relative-Strength-Leaderboard-RS-Ratio/,Indian Sectoral Relative Strength Leaderboard [RS Ratio],dWwP5VEF-Indian-Sectoral-Relative-Strength-Leaderboard-RS-Ratio,PUB;386160f3b6f94306957f4d65cf6d3153,money-alchemist,indicator,3,1,2,0,0,2026-07-22T22:40:10+00:00,30,"OVERVIEW  The  Indian Sectoral Relative Strength Leaderboard  is a quantitative tactical tool designed to track and rank  25 major Indian sectoral and thematic indices  in real-time.   Instead of relying on basic percentage performance—which can be easily distorted by single-day volatility, market gaps, or sector beta—this indicator measures  True Relative Strength (RS Ratio)  against a broader market benchmark (such as the Nifty 50 or Nifty 500).  -----------------------------------------------"
https://www.tradingview.com/script/4PDoxbPw-Bull-vs-Bear-Fight/,Bull vs Bear Fight,4PDoxbPw-Bull-vs-Bear-Fight,PUB;0bdf006427e1410890a953ee5303cad2,NSArab,indicator,2,1,4,0,0,2026-07-22T22:15:37+00:00,30,A good overview of different time frames candles volume 
https://www.tradingview.com/script/Gj12TJvR-Vinnys-30min-ORB-Breakout-with-PM-High/,Vinnys 30min ORB Breakout with PM High ,Gj12TJvR-Vinnys-30min-ORB-Breakout-with-PM-High,PUB;d0eef8b88f0443828bbb0bafd09a05d5,cousinn_vinny,indicator,1,1,1,0,0,2026-07-22T22:14:09+00:00,30,"// Opening Range Breakout (ORB) Indicator // Pine Script v6 // // Triggers when ALL conditions are met: //   1. Price closes above the 9:30–10:00 AM EST opening range high //   2. Current bar volume >= 1.5x the avg volume of the opening range //   3. Price is above VWAP //   4. Bar is within the first 2 hours of the session (before 11:30 AM EST) //   5. Added pre-market high (horizontal line) for ""opening drive"" signal // // Visuals: //   - Horizontal line at the opening range high //   - Green "
https://www.tradingview.com/script/8AWMfIKa-BulletProof-Sessions-HL-Asia-London-USA/,BulletProof Sessions HL | Asia | London | USA,8AWMfIKa-BulletProof-Sessions-HL-Asia-London-USA,PUB;815ade607dca43498fd7d3e06a536422,CapitalHoldings3M,indicator,1,1,10,0,0,2026-07-22T21:40:52+00:00,30,BulletProof Daily Levels | OHLC by 3M Capital Holdings   Clean and precise daily reference levels for traders who want only the essential structure.  This indicator plots the four key levels from the previous day and optionally tracks the current day’s developing range:   Previous Day Levels (locked & extended)  • Previous Day Open (PDO) • Previous Day High (PDH) • Previous Day Low (PDL) • Previous Day Close (PDC)   Current Day (optional / live)  • Current Day Open • Current Day High & Low (upda
https://www.tradingview.com/script/NJ4YelhE-HiLow-Rye/,HiLow-Rye,NJ4YelhE-HiLow-Rye,PUB;092f75142219475cadf6bee24c866211,rbrivera3,indicator,2,4,0,0,0,2026-07-22T21:21:00+00:00,30,"Asia, London, PD HiLows Here's a description you can paste in:  Session Levels — Asia / London / PDH-PDL  This indicator automatically marks the most recent completed session highs and lows that intraday traders reference most often:  Asia session high & low (default 20:00–00:00 New York time) London session high & low (default 02:00–05:00 New York time) Previous day's high & low (PDH/PDL), based on the daily bar  How it works  Each session's range is tracked in real time while the session is ac"
https://www.tradingview.com/script/coIOCm3B-Custom-Triple-EMA-Studio/,Custom Triple EMA Studio,coIOCm3B-Custom-Triple-EMA-Studio,PUB;a080f9ecfbfa4ee18edcdb989cd33c18,romiusr,indicator,2,1,2,0,0,2026-07-22T21:15:21+00:00,30,"gg, try this one....high accu  This version includes:  Three independently configurable EMAs Separate sources, lengths and timeframes Fixed, slope-based or trend-stack colours ATR-based EMA separation Trend confirmation bars Optional ribbons Candle and background colouring Fast/Medium and Fast/Slow crossover signals New trend markers Alert conditions Reusable right-edge labels No trade execution logic No dynamic fillgaps error No dynamic plotshape() size error A valid short title under ten chara"
https://www.tradingview.com/script/0cpfbdtO-LT-Vector-Cloud-VWAP-Pivots-Custom/,LT + Vector Cloud + VWAP + Pivots [Custom],0cpfbdtO-LT-Vector-Cloud-VWAP-Pivots-Custom,PUB;7688520a808c41ff91ff114e4f4a8ecd,tavishke,indicator,3,1,2,0,0,2026-07-22T21:11:11+00:00,30,"Lithuanian Trader Vector Cloud combines trend analysis, VWAP, pivot levels, and custom signals to help traders identify potential market opportunities. This indicator is intended as an educational trading tool and should be used alongside your own analysis and risk management.  Access is provided to active Lithuanian Trader members. "
https://www.tradingview.com/script/aXzJiJKo-CME-Circuit-Breaker/,CME Circuit Breaker,aXzJiJKo-CME-Circuit-Breaker,PUB;a1c10107431b43fbbddef8e5e115b215,lngdao,indicator,2,1,0,0,0,2026-07-22T20:19:05+00:00,30,"A configurable intraday reference-level framework designed for CME equity-index futures. Features historical levels, rollover handling, customizable line styles and labels.  For educational use only; not official CME trading-halt levels or financial advice."
https://www.tradingview.com/script/K3net9Kl-RLS/,RLS,K3net9Kl-RLS,PUB;75c1ad8b5955426db9ac3d41719e1a93,mr_joey357,indicator,1,1,2,0,0,2026-07-22T20:16:32+00:00,30,uhhh i just made this lol  calculates equal highs and lows and just extends it. I kinda like the lux algo one but just incase i mad this.
https://www.tradingview.com/script/gDc35XuP-Manav-Session-POIs-v4-Corrected/,Manav Session POIs v4 Corrected,gDc35XuP-Manav-Session-POIs-v4-Corrected,PUB;91e2b942142c46bba232e2aa44b9b40c,sonia1171,indicator,1,2,3,0,0,2026-07-22T20:03:49+00:00,30,"Session Lines  Easy to Read  The line anchors use actual timestamps, while the session calculations use America/New_York, so the lines should begin at 6:00 PM, 8:00 PM, or 3:00 AM as intended and remain connected to those candles when the chart is panned or zoomed."
https://www.tradingview.com/script/6fS9dF8l/,ICT Trading Bot Paper Trading,6fS9dF8l,PUB;1c80f5318f3342fdb0943c15ec164be6,moritz2383,strategy,2,1,1,0,0,2026-07-22T19:36:26+00:00,30,"# ICT Trading Bot – Smart Money Concepts (SMC)  A powerful TradingView indicator based on the **ICT (Inner Circle Trader)** and **Smart Money Concepts (SMC)** methodology.  The indicator combines multiple institutional trading concepts into a single tool, helping traders analyze market structure, liquidity, and high-probability trading zones with clarity and efficiency.  ## Features  ✔ Market Structure (BOS & CHOCH)  ✔ Liquidity Sweeps  ✔ Equal Highs & Equal Lows  ✔ Fair Value Gaps (FVG)  ✔ Orde"
https://www.tradingview.com/script/xNNkAR32-liquidity-zones-zen/,Liquidity Zones [Zen],xNNkAR32-liquidity-zones-zen,PUB;3cf7c8c38b8246c68d4cf9c9d6d579f5,ChartZenFX,indicator,2,1,2,0,0,2026-07-22T19:35:23+00:00,30,"Liquidity Zones   frames the market the way Smart Money traders read it: price rotating inside a range between two structural liquidity pools, and it flags a liquidity grab only once price has actually reversed — not on the touch.  THE CONCEPT Resting liquidity (stop orders) tends to sit just beyond obvious swing points. Above the range high sits buy-side liquidity (BSL); below the range low sits sell-side liquidity (SSL). Price is often engineered toward these pools to fill orders, then reverse"
https://www.tradingview.com/script/jE2NWLLk-Day-Trading-Cheat-Sheet/,Day Trading Cheat Sheet,jE2NWLLk-Day-Trading-Cheat-Sheet,PUB;4d9a9a82dbfa4048b7ef97f0f20dc15c,Juke10x,indicator,1,2,1,0,0,2026-07-22T19:34:59+00:00,30,"A single compact table that answers the handful of questions worth asking before taking an intraday trade in index futures, so you are not eyeballing six separate indicators to reconstruct the same picture every morning.  Everything is session-aware, resets at the cash open, and reports distances in points.    WHAT THE TABLE SHOWS    OR5 — 5-minute opening range  Captures the high and low of the first 5-minute candle of the cash session, then tracks which side of it price has traded on for the r"
https://www.tradingview.com/script/bXwSYM0l/,ICT Trading Bot  Paper Trading,bXwSYM0l,PUB;a4615618faaf417696025e1ad6afadfe,moritz2383,strategy,2,1,1,0,0,2026-07-22T19:34:11+00:00,30,"# ICT Trading Bot – Smart Money Concepts (SMC)  A powerful TradingView indicator based on the **ICT (Inner Circle Trader)** and **Smart Money Concepts (SMC)** methodology.  The indicator combines multiple institutional trading concepts into a single tool, helping traders analyze market structure, liquidity, and high-probability trading zones with clarity and efficiency.  ## Features  ✔ Market Structure (BOS & CHOCH)  ✔ Liquidity Sweeps  ✔ Equal Highs & Equal Lows  ✔ Fair Value Gaps (FVG)  ✔ Orde"
https://www.tradingview.com/script/uXNBcqfx-divergent/,DIVERGENT,uXNBcqfx-divergent,PUB;0e1e8deaeac7403bb1b6b11955153641,A-Swift,indicator,2,2,7,0,0,2026-07-22T19:25:09+00:00,30,"DIVERGENT – Comprehensive Indicator for Divergence Detection and Market Signals  A multi‑factor indicator that combines more than ten popular oscillators and trend indicators. All of them are normalised into a unified 0–100 scale, allowing direct comparison and the formation of a weighted composite signal. The primary purpose is to detect divergences (both regular and hidden) on any of the enabled tools, as well as to assess the overall market direction based on the aggregate of signals.  The in"
https://www.tradingview.com/script/ARF0ENA7/,Session Time Lines (DE),ARF0ENA7,PUB;82d6b362d76e44c4b5b30c98404afb47,svjdeniz,indicator,1,1,4,0,0,2026-07-22T19:23:53+00:00,31,Time Indicator for Liquidity Backtesting. marked hours: 8am 9am 11:30am 12:30am 2pm 3pm  The indicated lines vanish when the market touches the individual marked Hours.
https://www.tradingview.com/script/US9rExf5/,PO3,US9rExf5,PUB;7a24d8ba177a4fedaf0180da307d5e74,OxJuanPeralta,indicator,1,1,71,0,0,2026-07-22T19:22:08+00:00,31,The power of tree with liquidity sweep of high and low
https://www.tradingview.com/script/iquMgERo-External-Range-Liquidity-ERL/,External Range Liquidity (ERL),iquMgERo-External-Range-Liquidity-ERL,PUB;3192f1627b3646cf8fb9f900146bd3ec,YS_TRADING_CIRCLE,indicator,2,1,25,0,0,2026-07-22T19:21:31+00:00,31,External Range Liquidity（ERL）とは？  「高値の上（BSL）」や「安値の下（SSL）」に溜まっている、大量の損切り注文（流動性）のこと。     【ERLの概念】  直近高値の上 ＝ ショート勢の損切り（買い注文） ➔ BSL (Buy-side Liquidity) 直近安値の下 ＝ ロング勢の損切り（売り注文） ➔ SSL (Sell-side Liquidity)  大口投資家（スマートマネー）は、自分たちの巨額な注文を約定させるために、これら個人投資家の損切り（流動性）が集まっている場所（＝ERL）へ意図的に価格を誘導します。    【なぜERLを理解・意識する必要があるのか？】  1. 「高値更新・安値更新後の騙し（スイープ）」で負けなくなる 「高値を抜けたから上昇トレンド追随でロングしたら、一瞬で急落して刈られた…」という経験はありませんか？  これは、大口がERL（BSL）を清算（Sweep）して流動性を回収し、本命の売りを入れたからです。概念を知ることで、この典型的な罠を回避できます。  2. 大口投資家（機関投資家）の「目的地」が見える 価
https://www.tradingview.com/script/EQoUDQg6/,Hacke Volume + Anchored VWAP Signals,EQoUDQg6,PUB;553738185a864f4bb6ff7dacc0e47b2b,sOne86,indicator,1,1,9,0,0,2026-07-22T19:17:03+00:00,31,einstiegssignale nach verschiedenen vwaps und volume bereichen 
https://www.tradingview.com/script/KP4AxpZ1/,ASTERION TREND CONFIRM ,KP4AxpZ1,PUB;87172bbd7ca046879654d420e0a92cdb,elrosfindeur,indicator,3,1,5,0,0,2026-07-22T19:14:39+00:00,31,"ASTÉRION is a closed-source, multi-timeframe market structure indicator built around a Dow Theory-based pivot scoring system. It analyzes pivot sequences across H4, M15 and M5 timeframes — comparing the earliest retained pivot to the most recent one in each timeframe's analysis window — to classify structure as bullish, bearish, or ranging, then combines the three readings into a single priority bias (e.g. ""H4+M15+M5 aligned bullish"").  The indicator layers this structural read with liquidity an"
https://www.tradingview.com/script/e6vSVuNN-Position-Arrow-P-L/,Position Arrow (P/L %),e6vSVuNN-Position-Arrow-P-L,PUB;17363abd555f4eecb2faf4f7a6433ec9,bkerez,indicator,1,1,4,0,0,2026-07-22T19:11:32+00:00,31,"Visualize your open positions' gain/loss at a glance.  This indicator draws a vertical arrow from your purchase price to the current price, to the right of the last candle, with a label showing your profit/loss as a percentage — and in USD if you enter a quantity.  HOW IT WORKS Enter up to 8 positions in the settings (symbol, purchase price, and optional quantity). The indicator only displays on a chart whose symbol matches one of your slots, so you can add it once to your layout and it follows "
https://www.tradingview.com/script/2SUaARux/,Fincan Kulp Avcisi,2SUaARux,PUB;b12b0ad4b94149f2a8464f6ace982255,benwade38,indicator,2,1,209,0,3,2026-07-22T19:11:27+00:00,31,"Cup and Handle Pattern Detector  DESCRIPTION  OVERVIEW  Cup and Handle Pattern Detector is a visual chart-pattern indicator designed to identify potential cup-and-handle structures using confirmed price pivots.  Instead of searching only for a simple curved shape, the script evaluates a configurable sequence of four confirmed pivot points:  High -> Low -> High -> Low  These points represent the left rim, cup bottom, right rim, and handle bottom. A structure is accepted only when its proportions,"
https://www.tradingview.com/script/jaHoTXEY-Historical-Price-Structure-Forecast/,Historical Price Structure Forecast,jaHoTXEY-Historical-Price-Structure-Forecast,PUB;432f1aaf1b8749098be53a237119990a,Shantanu79479,indicator,2,1,1,0,0,2026-07-22T19:00:31+00:00,31,"Overview  Historical Price Structure Forecast is a probability-based market analysis tool that identifies potential future price direction by comparing the current price structure with similar historical market conditions.  The indicator does not predict price with certainty. Instead, it answers:  ""When the market looked like this before, what happened next?""  How It Works  The script combines three elements:  1. Historical Price Structure Matching Compares current price behaviour with previous "
https://www.tradingview.com/script/3RV0J10U-VIX-Adaptive-EMA-Pullback-Scalper-MarketEdge-Signals/,VIX Adaptive EMA Pullback Scalper [MarketEdge Signals],3RV0J10U-VIX-Adaptive-EMA-Pullback-Scalper-MarketEdge-Signals,PUB;a5ef1181784a45c7b19039af5c3ab455,sandip_jha,indicator,2,1,2,0,0,2026-07-22T18:48:58+00:00,31,"An EMA pullback scalper that adapts to volatility — built for Nifty/BankNifty intraday trading on 1m–5m charts.  The core idea: one EMA pair cannot fit every market condition. This script reads India VIX live and switches automatically — slower 20/50 EMAs when VIX is elevated (wider swings need wider structure), faster 10/20 EMAs in calm conditions.  How signals work: the trend is set by the EMA crossover; entries fire only on a pullback into the EMA zone with an engulfing confirmation candle — "
https://www.tradingview.com/script/emvSqyT6-Supertrend-Apex-HUD-Master-Pro-Farthaze/,Supertrend + Apex HUD Master Pro - Farthaze,emvSqyT6-Supertrend-Apex-HUD-Master-Pro-Farthaze,PUB;801dd249bc874e50a47862676c12e99b,farthaze2006,indicator,1,1,8,0,0,2026-07-22T18:47:45+00:00,31,"### Overview **Supertrend + Apex HUD Master Pro** is an all-in-one trading dashboard designed to combine clean price action trailing stops with a high-density, real-time Heads-Up Display (HUD).   Instead of cluttering your chart with dozens of individual indicators, this script consolidates market trend, momentum, intraday volume dynamics, key daily pivot levels, and target projections into a single, compact interface.  ---  ### Key Features  #### 1. Adaptive Supertrend Engine * **Trailing Stop "
https://www.tradingview.com/script/bjJe1Ujg-Phantom-MAs/,Phantom MAs,bjJe1Ujg-Phantom-MAs,PUB;c2cc1e47a6294e70b7f7dd1a018cc6cf,Mariusz_Wy,indicator,2,1,2,0,0,2026-07-22T18:46:09+00:00,31,"MOVING AVERAGES. VISIBLE ONLY WHEN YOU NEED THEM.   This indicator combines trend-tracking moving averages with Bollinger Band reversal signals, designed specifically to prevent chart clutter.   By using a dynamic ""proximity filter,"" it automatically hides moving averages when they drift too far from the current price, leaving only the data relevant to immediate price action.   1. What It Does  It tracks overall market trends using up to 4 customizable Moving Averages (SMAs or EMAs) while scanni"
https://www.tradingview.com/script/EnobJykd-Pakistan-Currency-Devaluation-Probability-Engine-PCPE/,Pakistan Currency Devaluation Probability Engine (PCPE),EnobJykd-Pakistan-Currency-Devaluation-Probability-Engine-PCPE,PUB;16265ccc253344b183200b169b9f747f,bursein,indicator,1,1,1,0,0,2026-07-22T18:40:48+00:00,31,"The Pakistan Currency Devaluation Probability Engine (PCPE) is an advanced macroeconomic risk indicator built for TradingView in Pine Script v6. Designed specifically to monitor the Pakistani Rupee (PKR) against the U.S. Dollar (USD), the model bypasses traditional spot-rate forecasting in favor of structural valuation analytics.  By measuring how far the current exchange rate has diverged from a long-term compounding baseline, the engine translates complex macroeconomic stress into an intuitive"
https://www.tradingview.com/script/jqTgPqwF-FTW-Volume-Pro/,FTW Volume Pro,jqTgPqwF-FTW-Volume-Pro,PUB;11704ee4ba004d8b9940ce976df42ff2,FTW_Algo,indicator,3,1,0,0,0,2026-07-22T18:32:33+00:00,31,  FTW Volume Pro is an indicator that displays the volume plus provides addition volume spike alerts. Ever get tired of missing some type of quick price action that was lead by volume or some event driven news. This indicator will alert you to sudden volume increases of any asset.   How it works:  There are a few key components to this indicator.   The Volume Spike Multiplier is the amount of volume increase needed to trigger the spike alert. It computes the the base line value from the Moving A
https://www.tradingview.com/script/0XJ03jxQ-Industry-Basket-vs-NIFTY-500/,Industry Basket vs NIFTY 500,0XJ03jxQ-Industry-Basket-vs-NIFTY-500,PUB;70fa5e40c5c94733bb32cc9cb3b20a26,financetalkswithaman,indicator,2,1,14,0,0,2026-07-22T18:28:52+00:00,31,"Industry Basket vs NIFTY 500 by Finance Talks With Aman  This indicator automatically detects which industry the stock on your chart belongs to and instantly builds a custom index from that industry's top 15 companies by market cap. No settings to change, no dropdowns to touch. Open any chart and the sector index loads itself.  It covers 120 industries and over 1,250 Indian stocks.  You can view the basket as equal weighted, where every company counts the same, or market cap weighted, where the "
https://www.tradingview.com/script/z8Jv04Q7-Chart-Patterns-FEELS/,Chart Patterns [FEELS],z8Jv04Q7-Chart-Patterns-FEELS,PUB;ca0d7276f7c74c06b0bd58c375e1d03e,FeelsStrategy,indicator,1,1,214,0,1,2026-07-22T18:24:12+00:00,31,"Classical chart patterns, drawn only after price confirms them, each one carrying a running count of how often that pattern has reached its measured target on this chart.  No pattern appears until its neckline breaks. Once drawn, it never moves.     FEATURES   - Four classical reversal patterns: Double Top, Double Bottom, Head & Shoulders, Inverse Head & Shoulders - Confirmed-only: a pattern is drawn after its neckline breaks, not while it is still forming - Non-repaint: once drawn, the geometry"
https://www.tradingview.com/script/t2xbdZMS-crypto-signals-Breakout-Targets/,crypto signals -Breakout Targets,t2xbdZMS-crypto-signals-Breakout-Targets,PUB;e87e12a99bc9491495697daf76a56dd3,noor1627n,indicator,1,1,36,0,0,2026-07-22T18:22:46+00:00,31,"# 🚀 Crypto Signals (Breakout Targets)  **Crypto Signals (Breakout Targets)** is an enhanced breakout trading indicator designed to identify high-probability breakout opportunities while providing automatic trade management with multiple profit targets and a dynamic stop loss.  This version is based on the original open-source **Breakout Targets** indicator by **AlgoAlpha**, with numerous enhancements focused on customization, usability, performance tracking, and professional alert automation.  -"
https://www.tradingview.com/script/EQ4aN1ht-Range-Play-Low/,Range Play Low,EQ4aN1ht-Range-Play-Low,PUB;b1972c2ada11403b91c30088c6a55599,vccm,indicator,1,1,5,0,0,2026-07-22T18:20:53+00:00,31,"In the screener, save and favorite this script, select it, confirm 1D is default timeframe, then filter ""Scan 1: Holding lower zone"" (holding low of prior month) equals 1 or ""Scan 2: Reclaimed prior low"" (broke below low of prior month but now BIR, equals 1 depending on which setup you're hunting, or ""Scan 1 or Scan 2"" equals 1 for both at once."
https://www.tradingview.com/script/41ZRH7rC/,SUPIN PRO,41ZRH7rC,PUB;883ae15d8b284fa3a79d9aca6d2938a3,neosupin,indicator,3,1,1,0,0,2026-07-22T18:17:38+00:00,31,"Overview   SUPIN PRO is a discretionary trading indicator designed to evaluate market structure by combining multiple analytical components into a unified framework.  Instead of relying on a single indicator or trading condition, SUPIN PRO analyzes trend structure, dynamic moving-average behavior, momentum, market participation, and proprietary market context to provide a broader view of current market conditions.  Each analytical component is designed to evaluate a different aspect of price beh"
https://www.tradingview.com/script/s4YVzI47-Pakistan-Currency-Stress-Engine/,Pakistan Currency Stress Engine,s4YVzI47-Pakistan-Currency-Stress-Engine,PUB;fc448609d7824652883cab1fda40fd0b,bursein,indicator,1,1,4,0,0,2026-07-22T18:16:42+00:00,31,"Overview  The Pakistan Currency Stress Engine (PCSI) is a macroeconomic framework designed to estimate the structural valuation of the Pakistani Rupee (PKR) against the US Dollar and quantify the probability of future currency stress.  Unlike conventional exchange rate indicators that rely on technical price action or a single macro variable, this model combines multiple independent macroeconomic drivers into a unified institutional-style framework.  The objective is not to predict short-term ma"
https://www.tradingview.com/script/ahHkDwas-SESSION-ZERO-S0Z/,SESSION ZERO (S0Z),ahHkDwas-SESSION-ZERO-S0Z,PUB;8f258a7f94fa4a81876250db7fbfe180,KarcsiFX,indicator,3,1,1,0,0,2026-07-22T18:14:54+00:00,31,Zero Session Private indicator for 30 seconds breakout trades
https://www.tradingview.com/script/SmTEdEEe/,Cup and Handle Pattern Detector,SmTEdEEe,PUB;5de6a891a27a4f01ace55eec314f06c9,benwade38,indicator,2,1,5,0,0,2026-07-22T18:14:28+00:00,31,"PUBLICATION TITLE  Cup and Handle Pattern Detector  DESCRIPTION  OVERVIEW  Cup and Handle Pattern Detector is a visual chart-pattern indicator designed to identify potential cup-and-handle structures using confirmed price pivots.  Instead of searching only for a simple curved shape, the script evaluates a configurable sequence of four confirmed pivot points:  High -> Low -> High -> Low  These points represent the left rim, cup bottom, right rim, and handle bottom. A structure is accepted only wh"
https://www.tradingview.com/script/efR96fcp/,ICT P Macro V1.,efR96fcp,PUB;ce6b0a5d0c8f41299394a6956ff3d811,PatCorsi,indicator,3,1,3,0,0,2026-07-22T18:13:55+00:00,31,"ICT P Macro — ICT macro windows on your chart ════════════════════════════════════════════════════════════    ──────────────────────────────── ENGLISH ────────────────────────────────  ICT P Macro plots the ICT ""macros"" directly on intraday charts — the time windows in which price tends to be delivered in a more mechanical, repetitive way. Instead of memorising every time slot, you see each macro drawn at the right moment, with its role and colour, so you can read at a glance which phase you are"
https://www.tradingview.com/script/6sxdFvrc-Moving-averages/,Moving averages,6sxdFvrc-Moving-averages,PUB;56969ff39f904ddfb16df0793abe9926,kcj1017,indicator,2,1,0,0,0,2026-07-22T18:13:34+00:00,31,"Moving Averages (MA) is a lightweight trend indicator designed to provide a clear view of market direction without unnecessary complexity. It overlays up to four moving averages on the chart, with default periods of 20, 50, 100, and 200. Each moving average length can be customized independently to match your trading style.  A global setting allows you to switch all moving averages between Exponential Moving Averages (EMA) and Simple Moving Averages (SMA) with a single click, making it easy to c"
https://www.tradingview.com/script/Xi3I22wp-OB-FVG-NY-Session/,OB FVG - NY Session,Xi3I22wp-OB-FVG-NY-Session,PUB;8ed7342b7a2843b5ab73e37f47e62dde,avinash_397,indicator,2,1,2,0,0,2026-07-22T18:10:20+00:00,31,This indicator is a mechanical way of marking high probable FVG formed during Newyork session. To be used mostly for 1:2 scalps in the direction of higher time frame order flow.
https://www.tradingview.com/script/r25Zyal3-Ribbon-Concordance-RC-Tools/,Ribbon Concordance [RC Tools],r25Zyal3-Ribbon-Concordance-RC-Tools,PUB;5c823c8a2c11472b85947a9271c230eb,RC-Tools,indicator,1,1,4,0,0,2026-07-22T18:09:16+00:00,32,"RC Tools — Ribbon Concordance ─────────────────────────────────────────────────────────────  █ OVERVIEW  Most ribbon-of-moving-averages tools either average the ribbon or rely on simple crossovers. This one asks a different question: is the ribbon consistently ORDERED? A cleanly stacked ribbon signals real trend conviction; a tangled, crossing one signals chop — often before any single moving average has crossed another.  █ WHAT IT DOES  Plots a live moving-average ribbon directly on the price c"
https://www.tradingview.com/script/YvXU8UAp-Geometric-Macro-Reversal-Map/,Geometric Macro Reversal Map,YvXU8UAp-Geometric-Macro-Reversal-Map,PUB;86587ccfc6804b84992386669c5d56e1,erdensedat,indicator,1,1,957,0,3,2026-07-22T18:08:26+00:00,32," Overview The Geometric Macro Reversal Map is a unique, mathematical approach to tracking price behavior, liquidity distribution, and market inertia. Rather than relying on static support and resistance lines, this script calculates the ""mass"" and ""kinetic interaction"" of price levels to determine whether a zone will act as a strong reversal point or a high-velocity transit area.  By analyzing how deeply and how often price interacts with a specific pivot level, the algorithm visualizes order bl"
https://www.tradingview.com/script/DHMG1kYc-ORB-0-2-By-TN/,ORB 0.2% By TN,DHMG1kYc-ORB-0-2-By-TN,PUB;877f67927bb946fabd3e86d83ffa1a9d,srikanth_34,indicator,2,1,6,0,0,2026-07-22T17:49:47+00:00,32,"A lightweight opening-range breakout (ORB) signal indicator for Indian markets (NSE/BSE, IST session). It marks intraday long and short breakouts off the 9:20 opening reference and fires alerts — no orders, no backtest engine, just clean visual triggers you can act on or alert from.  This is an indicator conversion of TN's original ""ORB 0.2%"" strategy, credited in the source header. All trade-management (SL/TP/position) logic has been removed; this version plots raw breakout signals only.  How i"
https://www.tradingview.com/script/7Dr9P1jA-Stock-In-Play-Dashboard-Absolute-Lock-V1/,Stock In Play Dashboard Absolute Lock V1,7Dr9P1jA-Stock-In-Play-Dashboard-Absolute-Lock-V1,PUB;b2313cb82b4d49118c5f37050e4bc8f0,ontmuskie,indicator,1,2,14,0,0,2026-07-22T17:49:04+00:00,32,"Simple script that allows a small box with Pre Market Gap%, Pre Market Volume, Average Daily Volume, and the Daily Average True Range. Green if met requirements and Red if they don't. At the bottom if all your requirements are met it will let you know if it is in play for the day. Defaults can be changed to your style of trading. Something simple "
https://www.tradingview.com/script/vKyUxXbv-SMT-indi/,SMT indi,vKyUxXbv-SMT-indi,PUB;6540e628d28d4d289ff3e1706c97d76e,LucasVolts,indicator,2,1,1,0,0,2026-07-22T17:40:58+00:00,32,this is to help see divergences with in the market i will make updates dont worry this is beta version
https://www.tradingview.com/script/aZ6qrDjG-TL-Heatmap-3D-Pro-Liquidity-Heatmap-3D-Walls-POC-CVD-Bubbl/,"TL Heatmap 3D Pro - Liquidity Heatmap, 3D Walls, POC, CVD, Bubbl",aZ6qrDjG-TL-Heatmap-3D-Pro-Liquidity-Heatmap-3D-Walls-POC-CVD-Bubbl,PUB;abd4a6ac807741229845967231e91ad8,TraderlifestyleYT,indicator,1,1,30,0,0,2026-07-22T17:38:06+00:00,32,"TL HEATMAP 3D PRO — the liquidity heatmap look, rebuilt for TradingView.  This indicator brings the order-flow heatmap visual (known from ATAS / Bookmap style platforms) to any TradingView chart — with a twist: a real 3D relief shader. Volume accumulates per price zone and slowly decays, so dense zones form persistent horizontal LIQUIDITY WALLS, lit by a virtual light source (emboss shading) with 3D extrusion blocks on the strongest walls.  HOW IT WORKS TradingView provides no order book and no "
https://www.tradingview.com/script/IkQLMyft-Pro-Market-Analysis-Engine/,Pro Market Analysis Engine,IkQLMyft-Pro-Market-Analysis-Engine,PUB;ead65c0141804550bc4b7daa108e180b,Forex_Market_Insights,indicator,1,1,29,0,0,2026-07-22T17:35:15+00:00,32,"PRO MARKET ANALYSIS ENGINE www.tradingview.com  OVERVIEW  Pro Market Analysis Engine is a three-pillar quantitative framework. It measures the market with three independent statistical methods that were each developed for a different scientific purpose, and it releases a signal only when enough of them agree.  The three pillars answer three different questions.  Is the current market state statistically abnormal, accounting for how its dimensions normally move together? That is measured with the"
https://www.tradingview.com/script/1FFYDfSr-FVG-Sweep-Magnet-Engine-PhenLabs/,FVG Sweep Magnet Engine [PhenLabs],1FFYDfSr-FVG-Sweep-Magnet-Engine-PhenLabs,PUB;3bf58862603d4b65892635fdd0c5bdf2,PhenLabs,indicator,1,1,157,0,0,2026-07-22T17:32:01+00:00,32,"📊 FVG Sweep Magnet Engine    Version: PineScript™ v6  📌 Description The FVG Sweep Magnet Engine turns displacement-born Fair Value Gaps into scored magnetic targets that only arm after a real liquidity sweep. Instead of treating every imbalance as tradeable, FSME waits for buy-side or sell-side liquidity to be raided, then confirms when price is pulled back into a high-quality FVG.  This solves the two biggest failure modes retail ICT tools create: trading empty gaps with no context, and chasing"
https://www.tradingview.com/script/WAZgKKJl-Swing-Trade-Scanner-Setup-Grade-and-Verdict/,Swing Trade Scanner     Setup Grade and Verdict,WAZgKKJl-Swing-Trade-Scanner-Setup-Grade-and-Verdict,PUB;d853137af5ae42e99a22ab2e8bafb7b5,BlueBeck,indicator,1,1,4,0,0,2026-07-22T17:30:50+00:00,32,"Grades the stock on your chart as a long swing setup — a 0–100 score, an A+ to D grade, and a plain-English verdict.    You've found a stock. Is it actually a setup? Swing Trade Scanner grades the chart in front of you the way a swing trader reads it — trend, momentum, relative strength, volume — and gives you one honest answer: a score, a grade, and a verdict in plain English.  It works on its own — nothing else required.   Why one score instead of five separate indicators?   Every check in thi"
https://www.tradingview.com/script/WDKgv2NO-Renko-Size-Table/,Renko Size Table,WDKgv2NO-Renko-Size-Table,PUB;3c5fb288733543eeaf0d931d899d771a,itisfilipe,indicator,1,1,0,0,0,2026-07-22T17:28:18+00:00,32,"Suggested Renko brick sizes at a glance, across four timeframes at once — no chart switching, no one indicator per interval.  Each row shows half of the timeframe's ATR (the common brick-size rule of thumb) in both price and ticks, over its own lookback in days. Two reads sit side by side:  - ATR / Half ATR / Ticks — the live, EMA-smoothed average true range. Reacts to the current session. - Med ATR / Med Half ATR / Med Ticks — the median of each recent day's mean true range. It holds steady thr"
https://www.tradingview.com/script/18eP0vQh/,Kaisen 10AM Open + Stop Zones,18eP0vQh,PUB;a53986e0ff6d4ccf80c002a01e3a4b1f,KaisenAlgo,indicator,2,1,0,0,0,2026-07-22T17:28:13+00:00,32,",Kaisen 10AM Open + Stop Zones  This indicator combines a fixed intraday opening-price reference with liquidity-based stop zones derived from confirmed swing points.  The first component marks the exact opening price of the 10:00 AM New York candle and extends that horizontal level until 12:00 PM. This creates a clean intraday reference that can be used to evaluate acceptance, rejection, continuation, or mean reversion around the 10:00 AM opening price.  The second component identifies potential"
https://www.tradingview.com/script/l9y82wLS-RoccoF-v4-4/,RoccoF-v4.4 ,l9y82wLS-RoccoF-v4-4,PUB;fa8fe6e5d64d4158bb13ae516bcb9910,ferrazzanorocco,strategy,1,1,9,0,0,2026-07-22T17:27:31+00:00,32,"What we built, piece by piece  1. The entry engine. We taught the script to see your setup structurally: a validated swing low (one that price rose from back to a previous high) gets swept → KEY LOW born → price rallies to the last swing high before the breakdown → RECLAIM → a sell-stop waits at the key low → the retest fills you short. Every level is defined by market structure, not time windows — which is why it works on 15m, 1H, and 4H alike.  2. The lifecycle rules. What happens when fresh s"
https://www.tradingview.com/script/RlwGvC9w-AV7-Signals-Pro-v1-11/,AV7 Signals Pro v1.11,RlwGvC9w-AV7-Signals-Pro-v1-11,PUB;4a66f2699174412e88135aa1b99d6e8c,asrorbe7,indicator,2,2,7,0,0,2026-07-22T17:27:16+00:00,32,Just use and enjoy soon you may buy it . so just use :) 
https://www.tradingview.com/script/XXO5cgyV/,Chanlun NI,XXO5cgyV,PUB;b0b350db03fb4905867d6ad8b4d45d8a,zlz1002,indicator,3,4,2,0,0,2026-07-22T17:19:27+00:00,32,"Chan Theory Multi-Dimensional Panoramic Analysis System (Premium Custom Version) – Function Breakdown I. Core Auxiliary Indicators & Underlying Architecture Overview To eliminate the limitations of single-dimensional analysis, this system builds upon orthodox Chan Theory, deeply integrates classic technical indicators, and adopts modular optimization for its underlying framework: Overlaid Exponential Moving Average (EMA) System The original Chan Theory already incorporates moving average filteri"
https://www.tradingview.com/script/SpOnmF0n-SARA-V1-INTRADAY/,SARA V1 INTRADAY,SpOnmF0n-SARA-V1-INTRADAY,PUB;f82ac1b567964a5cba10a772df346ffd,lordsivam,indicator,3,1,2,0,0,2026-07-22T17:17:30+00:00,32,## 1. Main Components of the Indicator  * **Green Line (RSI – Length 9):** Represents the overall **market strength and direction**. * **Yellow Line (EMA – Length 3):** Represents the **short-term price trend**. * **Pink/Magenta Line (WMA – Length 21):** Represents **volume support**. * **Center Line (Level 50):** The dividing line between **bullish** and **bearish** market zones.  ---  ## 2. Candle Colors & Chart Signals  ### 🟢 Bright Green Candle (Lime Green Candle)  * Forms when **RSI is abov
https://www.tradingview.com/script/61pAmei0-Lucky-777/,Lucky 777,61pAmei0-Lucky-777,PUB;82c0c6b2ac0f4a908a5960b7a4d12f76,tradermindset0730,indicator,1,1,4,0,0,2026-07-22T17:16:48+00:00,32,Best indicator I would build next version like this:  🟢 BUY  15M chart  1H trend = Bullish Price > EMA 200 EMA 8 crosses above EMA 17 Candle closes above EMA 8 and EMA 17 BEST Supertrend CCI = Green ADX > 20 (optional) EMA separation > minimum ATR threshold Candle quality confirmation Generate BUY A+ signal
https://www.tradingview.com/script/Z3VXombk-Forex-Session-Framework-VIP-Enhanced-V2/,Forex Session Framework VIP(Enhanced V2),Z3VXombk-Forex-Session-Framework-VIP-Enhanced-V2,PUB;d43e92391a844977b533a3b1f1f5837b,ramanujanpatience,indicator,3,1,3,0,0,2026-07-22T16:54:10+00:00,32,exact killzones and forex sessions for the experienced traders
https://www.tradingview.com/script/HJ9D3Mke-RSI-Trade-Entries/,RSI Trade Entries,HJ9D3Mke-RSI-Trade-Entries,PUB;88ac207be1ff45299de2704cc6a38bc5,Forex_Market_Insights,indicator,1,1,139,0,0,2026-07-22T16:52:42+00:00,32,"RSI TRADE ENTRIES www.tradingview.com  OVERVIEW  RSI Trade Entries turns the Relative Strength Index into a direct, readable entry-signal tool by dividing the oscillator into four decision levels instead of the usual two, and by printing every signal in two places at once: in the RSI pane where the level was touched, and on the candlestick chart at the same bar.  The four levels are not four copies of the same idea. They are two pairs with different jobs.  Overbought, default 80, prints CONFIRM "
https://www.tradingview.com/script/NaRhvFyk-ICT-Kill-Zone-Sniper-JOAT/,ICT Kill Zone Sniper [JOAT],NaRhvFyk-ICT-Kill-Zone-Sniper-JOAT,PUB;27cb8f755eb245ae9761aecb60ed5ed0,officialjackofalltrades,indicator,1,1,172,0,0,2026-07-22T16:42:40+00:00,32,"═══ ICT KILL ZONE SNIPER   ⚡ ═══   A session-aware sniper tool that paints every candle by its active kill zone, tracks the liquidity pool each session leaves behind, and fires a single clean  BUY  or  SELL  only after price sweeps the prior pool and reverses back inside the current kill zone. Built for traders who wait for the liquidity grab, not the breakout.       ▎ WHAT IT DOES  It splits the trading day into four classic kill zones —  Asia ,  London ,  NY-AM  and  NY-PM  — colors the candle"
https://www.tradingview.com/script/VAuGuuKD-NSE-Pro-Emotion-Scanner-Fear-Greed-Structural-Identifier/,NSE Pro Emotion Scanner: Fear & Greed Structural Identifier ,VAuGuuKD-NSE-Pro-Emotion-Scanner-Fear-Greed-Structural-Identifier,PUB;d7817bb679c146d6b273634e6b9f8aea,GuruJames22,indicator,1,1,3,0,0,2026-07-22T16:35:55+00:00,32,"Key Adjustments Explained Moving Average Integration: I added a customizable Simple Moving Average (SMA) line to help establish the primary trend (Step 1 of the Wyckoff methodology). The length, color, and thickness of this line can be adjusted directly in the script settings menu.    Fully Customizable Colors and Sizes: In the new ""Visual Presentation Settings"" category, you can modify the text size of the labels via a dropdown menu (Tiny, Small, Normal, Large) and adjust the exact colors for t"
https://www.tradingview.com/script/WSlqtIu6/,CHAT 100x,WSlqtIu6,PUB;171a9b4585c74d8db4ee7cb9978526da,Rattakon,indicator,2,1,3,0,0,2026-07-22T16:18:48+00:00,32,"A Buy/Sell entry signal system combining Trend and Momentum. It operates on 3 main principles:  Trend Check using EMA (50):  Buy Signal: Price must be above the EMA 50 line (uptrend).  Sell Signal: Price must be below the EMA 50 line (downtrend).  Momentum Check using Dual RSI (Fast=2, Slow=14):  Buy Signal: Fast RSI crosses above Slow RSI, and both values are greater than 50.  Sell Signal: Fast RSI crosses below Slow RSI, and both values are less than 50.  Display & Alerts:  Filters to trigger "
https://www.tradingview.com/script/1YoxseqR-Distance-From-High/,Distance From High %,1YoxseqR-Distance-From-High,PUB;cd8155829bfd4a9c812ff85359267c48,Juke10x,indicator,1,1,1,0,0,2026-07-22T16:14:35+00:00,32,"A lightweight info panel that shows how far the current price has pulled back from its highs — both the all-time high and the high of the currently visible chart range.   What it shows   - Current — the latest close. - ATH — the highest high across all loaded bars, plus the % distance from current price. - Visible High — the highest high within the bars currently on screen, plus the % distance. This updates automatically as you pan or zoom.   How to use   Add it to any chart and any timeframe. T"
https://www.tradingview.com/script/jgLpzH02-SPY-45DTE-Put-Credit-Spread-Regime/,SPY 45DTE Put Credit Spread Regime,jgLpzH02-SPY-45DTE-Put-Credit-Spread-Regime,PUB;ac1632c9e846418b9bc511f14aa0b3b3,hmkjr1,indicator,1,5,11,0,0,2026-07-22T16:09:37+00:00,32,"This indicator is designed to support a systematic SPY 45-DTE put credit spread strategy. It uses the prior completed weekly candle as an ON/OFF trade gate, authorizing trades only when the weekly 3 EMA is above the weekly 13 EMA.  When trading is enabled, completed daily 20, 50, and 200 SMAs determine whether the position should be Full or Cautious. On a 5-minute SPY chart, the indicator evaluates the final state at 9:35 a.m. Eastern and can generate separate **SELL PCS - Full** and **SELL PCS "
https://www.tradingview.com/script/ZbXvDLNA-NSE-Emotion-Zones-Fear-Greed-Structural-Identifier-by-Gurujam/,NSE Emotion Zones: Fear & Greed Structural Identifier by Gurujam,ZbXvDLNA-NSE-Emotion-Zones-Fear-Greed-Structural-Identifier-by-Gurujam,PUB;f47fb2123fba4c22baeab81e3c450da3,GuruJames22,indicator,1,1,10,0,0,2026-07-22T16:08:55+00:00,32,"Adaptive Volume for the NSE: The indicator uses a dynamic volume moving average (avgVol) rather than static volume limits. If an asset on the Nairobi Stock Exchange normally trades 10,000 shares a day, a sudden spike to 25,000 shares (while small compared to global markets) will register correctly as a high-volume climax indicative of institutional intervention.    Identifying Greed (Balloons): When an asset is in the Wyckoff Distribution phase, retail euphoria peaks. The indicator looks for hig"
https://www.tradingview.com/script/fOKjdFqT/,RSI with RSI MA,fOKjdFqT,PUB;ce5862c3d913447d95c6de71b9135bee,Cirdec113,indicator,2,2,0,0,0,2026-07-22T16:06:55+00:00,33,Indicateur basé sur le RSI et son signal RSI MA pour détecter les points hauts et bas de potentiels retournements
https://www.tradingview.com/script/8sfet1AH-ATR-Label/,ATR Label,8sfet1AH-ATR-Label,PUB;1f87340995144808b6df9ea80b60c749,BrianDNP,indicator,1,1,8,0,0,2026-07-22T16:01:49+00:00,33,A label located in the right upper corner of the chart that gives the daily ATR and the percentage consumption of the ATR in price action for the day.  This pinescript does not adjust for different timeframes.  It is only the daily ATR.  
https://www.tradingview.com/script/sUpeCIiJ-SuperTrend-Engine-Quantum-Algo/,SuperTrend Engine [Quantum Algo],sUpeCIiJ-SuperTrend-Engine-Quantum-Algo,PUB;527522a982374c9885bc362becb25a78,Quantum-Algo,indicator,1,1,29,0,0,2026-07-22T15:54:45+00:00,33,"SuperTrend Engine   ====================================================  🔶 OVERVIEW  SuperTrend Engine is a volatility-adaptive SuperTrend indicator built on one idea: every SuperTrend gives you signals — this one shows you the whipsaws it saved you from, tells you its real win rate on your chart, and admits when it is wrong.  The engine self-tunes its factor with a fully transparent formula, confirms flips through a Whipsaw Shield that absorbs fake-outs and marks every one it absorbed, stamps "
https://www.tradingview.com/script/RwPje8qV/,Stochastic RSI Plus / Radek_Crypto,RwPje8qV,PUB;b520e60e33b545028c39a7411cbf5e81,RADEK-CRYPTO,indicator,2,1,13,0,8,2026-07-22T15:50:52+00:00,33,"Definition The Stochastic RSI (Stoch RSI) is basically an indicator of an indicator. It's used in technical analysis to get a stochastic calculation of the RSI indicator. This means it's a measure of the RSI relative to its own high/low range over a user-defined period of time. The Stochastic RSI is an oscillator that calculates a value from 0 to 1, which is then plotted as a line. This indicator is mainly used to identify oversold and overbought conditions.  What to Watch Out For Overbought/Ove"
https://www.tradingview.com/script/QyK1xxgo-FVG-Trade-Entries/,FVG Trade Entries,QyK1xxgo-FVG-Trade-Entries,PUB;b90d93de631245d49db439de7387afb8,Forex_Market_Insights,indicator,1,1,214,0,0,2026-07-22T15:50:40+00:00,33,"FVG TRADE ENTRIES www.tradingview.com  OVERVIEW  FVG Trade Entries is a complete Fair Value Gap trading framework. It finds the price imbalances that a fast move leaves behind, stores every one of them as a live zone, waits for price to return and tap that zone, and then builds a full trade structure around it: entry, invalidation, and four risk-based targets, all drawn on the chart and all scaled automatically to the instrument and timeframe you are on.  A Fair Value Gap is a window of price th"
https://www.tradingview.com/script/5dTD3FgI/,Three Candlesticks 100x,5dTD3FgI,PUB;bdea0f2929f64d8d9711d45ed96a66d1,Rattakon,indicator,2,1,3,0,0,2026-07-22T15:48:08+00:00,33,"  A brief and easy-to-understand summary of the ""3 Candlesticks + PSAR Filter"" system:  🎯 Core Concept: ""Follow the major trend with clear momentum"" This system is designed to catch the moment when the market chooses a direction with strong momentum, using Price Action for confirmation alongside a trend indicator.  ⚙️ Operating Conditions:  🟢 Buy Side: There must be 3 consecutive green candles (with consecutively higher closes), AND all 3 candles must be above the Parabolic SAR dots to confirm a"
https://www.tradingview.com/script/FlmrAjEm-HTF-Candle-T-Spot/,HTF Candle T-Spot,FlmrAjEm-HTF-Candle-T-Spot,PUB;b41e3cb37f494d2192694565c8e9907e,leonwang148,indicator,2,1,2,0,0,2026-07-22T15:47:40+00:00,33,helps idenfity if next candle is bull or bear. also acts as support and resistance. if price rejects or bounce off t-spot you know it will go opposite way.
https://www.tradingview.com/script/HMgsOkQa/,ATR Filter IFVG,HMgsOkQa,PUB;462d46295f834c1fb4bfb9c61e15f0a3,Adr_Ifvg,indicator,2,1,1,0,0,2026-07-22T15:46:10+00:00,33,With this indicator you gonna print a lot of money!
https://www.tradingview.com/script/uxthmlDv-BK-AK-Iron-Rain/,BK AK-Iron Rain,uxthmlDv-BK-AK-Iron-Rain,PUB;b73399fa6eea4704949e0ceb24225d12,Ki11a_B,indicator,1,1,24,0,0,2026-07-22T15:45:13+00:00,33,"BK AK-Iron Rain  Map the structure. Measure the auction. Track the sweep and response.  The “AK” in BK AK-Iron Rain is not branding—it is honor. It stands for my mentor, A.K.—the man whose guidance shaped my discipline, patience, market judgment, and respect for clean execution. I dedicate every indicator I build to his honor.  Above all, full credit and gratitude to G-d—the source of wisdom, timing, strength, and survival in this game.  BK AK-Iron Rain is a footprint-enhanced liquidity, auction"
https://www.tradingview.com/script/KaEQjvCZ-Nawaztech-Quant-Golden-Numbers-SMMA/,Nawaztech Quant Golden Numbers +SMMA,KaEQjvCZ-Nawaztech-Quant-Golden-Numbers-SMMA,PUB;e6c9fd416b2943dd967d7b028a8249bc,nawaztech,indicator,2,1,7,0,0,2026-07-22T15:32:10+00:00,33,"# Golden Numbers (Major & Minor) - Nawaztech Quant  Welcome to **Golden Numbers  **, a professional technical indicator developed by **Nawaztech Quant**. This tool is precision-engineered to help day traders, scalpers, and institutional mentors eliminate market noise, identify critical liquidity zones, and execute high-probability price action setups.  ---  ## 🌟 Key Features & Inputs 1. **Major & Minor Golden Levels:** Automatically plots dynamic grid lines based on custom point intervals.    - "
https://www.tradingview.com/script/W74Algwa-Pre-Market-High-Low-ORBs-EMAs-VWAP-Pivots-v6/,Pre-Market High/Low + ORBs + EMAs + VWAP + Pivots [v6],W74Algwa-Pre-Market-High-Low-ORBs-EMAs-VWAP-Pivots-v6,PUB;e84c34be7d444cac9559be240453520c,jadejaabhay,indicator,1,1,16,0,0,2026-07-22T15:31:15+00:00,33,"## Pre-Market Levels, ORBs, EMAs, VWAP & Confirmed Pivots  This all-in-one intraday indicator combines frequently used market-reference levels into a single, clean chart overlay. It is designed to help traders monitor pre-market structure, opening ranges, trend context, projected targets, and confirmed swing points.  ### Features  **Pre-Market High and Low**  Tracks the highest and lowest prices during the U.S. pre-market session from **4:00 AM to 9:30 AM Eastern Time**. These levels remain visi"
https://www.tradingview.com/script/lGY6gmHZ-TPO-Untapped-nPOCs/,TPO Untapped nPOCs,lGY6gmHZ-TPO-Untapped-nPOCs,PUB;3a6018f768854f5ea519e3ed6f0378e0,tiprolin,indicator,1,4,23,0,1,2026-07-22T15:29:45+00:00,33,"TPO Untapped nPOCs calculates TPO profiles using 30-minute blocks and displays Point of Control levels that have not yet been revisited.  Features:  • Three adjustable profile time spans, defaulting to 1D, 1W and 1M • Automatic row sizing based on the ticker’s minimum tick • Adjustable calculation accuracy • Custom colors and level limits • Configurable retention after a level is filled • Alerts for new and tapped nPOCs  The indicator reconstructs TPO data from 30-minute price ranges, so results"
https://www.tradingview.com/script/JvtxoElz-Confluence-Engine-M1D/,Confluence Engine+ (M1D),JvtxoElz-Confluence-Engine-M1D,PUB;c37a0ec0950b4691b8f80ea4ac609c0e,mayb1dayy,indicator,1,1,114,0,3,2026-07-22T15:07:47+00:00,33,"Confluence Engine+  Maps the PD arrays taught by ICT. Instead of plotting a dozen isolated objects and leaving you to weigh them by eye, it reads the confluences present at price — a liquidity raid into a discount PD array, confirmed by a breaker, with SMT, inside a killzone — into an ICT directional bias, the current draw on liquidity, and a corner dashboard. It reports context. It is not a signal generator: it does not fire buy or sell orders and it does not place entries or exits.   What it d"
https://www.tradingview.com/script/hzQXaRv9-PDX-PulseTrend-Pro/,PDX PulseTrend Pro,hzQXaRv9-PDX-PulseTrend-Pro,PUB;a219b876aada487097e3cb26c44cf122,hakpingann,indicator,2,1,1,0,0,2026-07-22T15:06:28+00:00,33,"PDX PulseTrend Pro is a rule-based trading decision-support indicator designed for short-term and intraday traders who want faster trend-pullback signals with clear Entry, Stop Loss, and Take Profit planning.  The indicator is built around a structured workflow instead of a single moving-average crossover. It combines trend direction, volatility pressure, pullback timing, market-structure confirmation, confluence scoring, and risk planning into one clean chart view.  How it works:  1. Trend and "
https://www.tradingview.com/script/gfwFzE5Z-HTF-Candles-Triton-Trades/,HTF Candles+ | Triton Trades,gfwFzE5Z-HTF-Candles-Triton-Trades,PUB;43aad7e461744c828e61bd97290007ea,TakingProphets,indicator,3,1,17,0,0,2026-07-22T15:02:29+00:00,33,"HTF Candles+ | Triton Trades  HTF Candles+ is an intraday context tool built around the Power of Three framework (PO3: accumulation → manipulation → distribution). It puts three things on a single execution chart that normally require switching timeframes or stacking indicators: the forming higher-timeframe candle, the day's key opening prices, and the session ranges that define when each PO3 phase tends to occur.  1. HTF candle strip. The script requests the last N higher-timeframe candles (1–1"
https://www.tradingview.com/script/1BcGW1Og/,ATK/DEF Support Resistance SR Force Matrix,1BcGW1Og,PUB;6c406ecc33cf417e91e698225736c618,ATTDEFS,indicator,1,1,211,0,0,2026-07-22T14:54:22+00:00,33,"S/R Force Matrix is a custom support and resistance analysis framework designed to stud the strength, behavior, and historic significance of pric reactio areas through a combination of volatility adjustment, swing struc analysis, liquidity measurement, and candle pressure evaluati.  Traditional support and resistance methods usually treat pric lev as fixed horizontal areas created from previous hig and lo. However, market conditions are constantly changing, and the importance of a pric lev can v"
https://www.tradingview.com/script/xexYXv8E-Midnight-Range-Standard-Deviations/,Midnight Range Standard Deviations,xexYXv8E-Midnight-Range-Standard-Deviations,PUB;4f842747381c484eaf2ff19d0005c5a5,TradeXicator,indicator,3,1,4,0,0,2026-07-22T14:44:21+00:00,33,"Midnight Range Standard Deviations is a session-based market structure tool that measures the New York midnight range and projects symmetrical standard deviation/Fibonacci extension levels in both directions. It also creates structured reaction zones, displays the midnight open, optionally highlights qualifying Fair Value Gaps within those zones, and can automatically draw a reaction Fibonacci after a confirmed zone interaction.  The indicator is designed for objective price analysis and works c"
https://www.tradingview.com/script/OiFvyBSj-STOC-Price-Range-Map-Offset-Referencing-Scalping-Assistance/,STOC - Price Range Map Offset Referencing - Scalping Assistance,OiFvyBSj-STOC-Price-Range-Map-Offset-Referencing-Scalping-Assistance,PUB;1c1fe6fda9414bb5894ddfb32c62967a,BoobeshDasarath93,indicator,2,1,1,0,0,2026-07-22T14:40:39+00:00,33,"STOC - Price Range Map Offset Referencing - Scalping Assistance  plots the exact high and low of candles located a fixed number of bars behind the current candle.   Supported offsets:   * 21 * 30 * 50 * 100 * 150 * 200  It also plots the high and low of the candle containing the highest price found within the selected ATH lookback.  The indicator is designed to study historical price memory, support and resistance clustering, structural pressure, expansion and high-volume participation.  ---   C"
https://www.tradingview.com/script/04iVJ4bD-CHoCH-Setup/,CHoCH Setup,04iVJ4bD-CHoCH-Setup,PUB;9bda62a73ab04cdc99205976e806af02,erdensedat,indicator,1,1,162,0,2,2026-07-22T14:37:57+00:00,33,"CHoCH Setup is a comprehensive multi-timeframe analysis tool designed to identify structural shifts, validate them with volume and momentum, and highlight high-probability Fair Value Gap (FVG) entries.  Multi-Timeframe (MTF) Alignment: Evaluates a Higher Timeframe (HTF) directional bias to ensure your current timeframe trades align with the macro trend. Volume Point of Control (POC): Dynamically calculates the high-volume node of recent periods. Breaks through the POC indicate strength. BLVL (Br"
https://www.tradingview.com/script/mGw77yoT-Log-Regression-Regime-Channel/,Log Regression Regime Channel,mGw77yoT-Log-Regression-Regime-Channel,PUB;66dd33f6a8124c6aa9a611571ad270f9,MarketStructureLab,indicator,1,1,164,0,0,2026-07-22T14:35:36+00:00,33,"  Log Regression Regime Channel A market regime, trend quality, price deviation, and directional momentum indicator built around a unified log-linear regression model. The indicator is designed to evaluate five connected aspects of market behavior: 1. Is the current market statistically directional or neutral? 2. How well does the regression model describe recent price movement? 3. Where is the current price relative to its fitted trend? 4. Does short-term momentum support or oppose the current "
https://www.tradingview.com/script/Uyn288Q1-SPY-Put-Credit-Spread-Entry-Regime/,SPY Put Credit Spread Entry Regime,Uyn288Q1-SPY-Put-Credit-Spread-Entry-Regime,PUB;2d40363d07084fa5a0aa71fa17c00d10,hmkjr1,indicator,1,2,19,0,1,2026-07-22T14:35:29+00:00,33,"This TradingView indicator is designed to identify potential SPY put credit spread entries using a completed daily trend regime and a 9:35 a.m. ET opening check. It classifies conditions as Green, Caution, Risk-Off, or Severe Risk-Off using the 20, 50, and 200-day SMAs, then applies optional filters for the opening gap, previous-day low, and regular-session VWAP. It provides two alerts: BUY Full Position for Green conditions and BUY Cautious Position for reduced-size entries.    Intended for use"
https://www.tradingview.com/script/2LPzHDeQ-Luna-Whale-Zone/,Luna Whale Zone,2LPzHDeQ-Luna-Whale-Zone,PUB;3e7ed9c624454f9e8633655eea430d40,InsiderOfWallStreet,indicator,2,1,7,0,0,2026-07-22T14:34:07+00:00,33,Zone use to detect hidden order from bigplayer. The zone Indicate high volume zone and high potential entry .   Best entry when the liquidation is complete 
https://www.tradingview.com/script/1AvpgODj-Day-Trade-Setup-CRT-Session-Range-Model/,Day Trade Setup - CRT Session Range Model,1AvpgODj-Day-Trade-Setup-CRT-Session-Range-Model,PUB;d0c60958ac8948569fad52109e320198,daytradesetupx,indicator,1,2,76,0,0,2026-07-22T14:29:42+00:00,33,"Day Trade Setup - CRT Session Range Model  Day Trade Setup - CRT Session Range Model is a session-based market framework designed to identify important intraday reference ranges and combine them with liquidity sweeps, M15 imbalance gaps, market structure levels, and supply or demand zones.  The script is designed to help traders organize intraday price action around selected H1 session ranges. Instead of displaying isolated signals, it creates a structured map of the current setup, including the"
https://www.tradingview.com/script/epUzRBJY-Bryce-EMA-9-VWAP-2-7-Signal-System/,Bryce EMA 9 + VWAP 2.7 Signal System,epUzRBJY-Bryce-EMA-9-VWAP-2-7-Signal-System,PUB;25de7e9d8c464b4991c4be74fce056fb,winterfell62429826,indicator,2,1,0,0,0,2026-07-22T14:29:34+00:00,33,"Bryce EMA 9 + VWAP 2.7 Signal System Overview  The Bryce EMA 9 + VWAP 2.7 Signal System is an intraday trend-following indicator designed to identify high-probability continuation opportunities using the relationship between a 9-period Exponential Moving Average (EMA) and a Session Volume Weighted Average Price (VWAP).  Rather than relying on a simple moving average crossover, this indicator focuses on institutional trend confirmation by combining:  Session VWAP EMA 9 VWAP Standard Deviation Ban"
https://www.tradingview.com/script/TdxC42jb/,AiCiPi CRT Indicator - Automatic Candle Range Theory Detection,TdxC42jb,PUB;7fa63c0e353641f8bece2198f85f08b4,AiCiPiTrading,indicator,2,1,13,0,0,2026-07-22T14:27:48+00:00,34,"Overview  AiCiPi CRT Indicator is a technical analysis tool designed to automatically identify Candle Range Theory (CRT) setups based on liquidity sweeps and price confirmation.  The script continuously scans completed candles and highlights potential bullish and bearish CRT patterns immediately after confirmation. Once a valid setup is detected, it automatically plots the trade levels directly on the chart, helping traders identify the pattern without manually reviewing every candle.  The indic"
https://www.tradingview.com/script/xcHhs44X-Aggression-Absorption-Indicator/,Aggression & Absorption Indicator,xcHhs44X-Aggression-Absorption-Indicator,PUB;4ea1c4cac19d45db882890ba05c23644,king2castle,indicator,1,2,21,0,0,2026-07-22T14:25:58+00:00,34,"Aggression and Absorption Indicator  Overview The Aggression and Absorption Indicator is a powerful price-action tool designed to identify significant institutional participation and volatility anomalies directly on your chart. It dynamically scans for two distinct market behaviors—Aggression and Absorption—by analyzing volume, wicks, body sizes, and True Range (ATR) across both local and daily timeframes.  Core Features  1. Aggression Detection (Daily ATR Baseline) Aggression candles represent "
https://www.tradingview.com/script/9pgLP2QW-Trade-Wzrd-Session-Open-Strategy-Shell/,Trade Wzrd - Session Open Strategy Shell,9pgLP2QW-Trade-Wzrd-Session-Open-Strategy-Shell,PUB;e7b23688f27e451aa065682f39595a67,trade-wzrd,strategy,1,1,3,0,0,2026-07-22T14:21:47+00:00,34,"Trade Wzrd - Session Open Strategy Shell  WHAT IT IS Educational strategy shell that only allows new entries while price is inside a user-defined session window. Optional modes: break of the developing session high/low, or a simple MA cross for baseline testing. Orders carry webhook-ready alert_message strings built through a shared open-source string library.  This is a template for learning session-filtered automation wiring. It is not a signal service.  WHY IT EXISTS (ORIGINALITY) Many public"
https://www.tradingview.com/script/SIaByN0s-PCS-Confirmed-Reversal-Signals/,PCS - Confirmed Reversal Signals,SIaByN0s-PCS-Confirmed-Reversal-Signals,PUB;5e4ae51fddf64854822c41fa7e016ed1,QuantSignalLabs,indicator,3,1,4,0,0,2026-07-22T14:19:45+00:00,34,"This invite-only indicator identifies overbought/oversold reversal setups and then confirms them with a multi-step confirmation engine.  In the title, ""Confirmed"" means that the configured number of enabled technical confirmation conditions has been met for an active setup. It does not mean that a market reversal is certain, that a trade will be profitable, or that losses cannot occur.   The script uses a two-layer process :     Setup detection: A standard setup requires RSI, both smoothed Stoch"
https://www.tradingview.com/script/mH8H9iPy-Fair-Value-Gap-Detector-AlphaScript/,Fair Value Gap Detector | AlphaScript,mH8H9iPy-Fair-Value-Gap-Detector-AlphaScript,PUB;31ddf8a27e654d5fb7264e7c183bb104,AlphaScript,indicator,1,1,29,0,0,2026-07-22T14:18:15+00:00,34,"⚡ Fair Value Gap Detector   Most fair value gap indicators mark every three-candle gap on the chart — including the weak, meaningless ones. This tool only marks FVGs created by genuine displacement: a strong-bodied move that signals real institutional participation. Fewer gaps, but the ones that matter.   💡 What a fair value gap is  A fair value gap (FVG) is a three-candle imbalance where price moved so quickly that it left an unfilled gap. In a bullish FVG, the low of the third candle sits abov"
https://www.tradingview.com/script/KGzrNzOr-Trade-Wzrd-Library-Alert-String-Utils/,Trade Wzrd - Library Alert String Utils,KGzrNzOr-Trade-Wzrd-Library-Alert-String-Utils,PUB;033005faaa90442a9bce0a25c17aea24,trade-wzrd,library,1,1,1,0,0,2026-07-22T14:13:46+00:00,34,"Trade Wzrd - Library Alert String Utils  WHAT IT IS Open-source Pine library that builds comma-separated webhook alert strings for automated order commands. Import name: TradeWzrdAlerts.  This is an educational protocol helper for strategy and indicator authors. It is not a signal service and does not place broker orders by itself.  WHY IT EXISTS (ORIGINALITY) Most automation scripts hand-concatenate alert text. That causes dialect drift, missing parameters, and broken multi-command messages. Th"
https://www.tradingview.com/script/w2TZ2ODN-RSI-Overbought-Oversold-Dots/,RSI Overbought/Oversold Dots,w2TZ2ODN-RSI-Overbought-Oversold-Dots,PUB;dc1e37143d1b49febfadfa2ae531034b,ViktorAB,indicator,1,3,7,0,0,2026-07-22T14:12:59+00:00,34,"RSI Overbought/Oversold Dots  Marks the most extreme RSI reading on the chart with a small colored label directly on the candle's wick — a green ""RSI Overbought"" bubble on the high when RSI pushes into overbought territory, and a red ""RSI Oversold"" bubble on the low when it drops into oversold territory.  Rather than flagging every bar that crosses the threshold, it compares each reading against a rolling lookback window (default 200 bars) and only updates the bubble when the current bar is genu"
https://www.tradingview.com/script/PcYAVBGX-MAX-SCRIPT/,MAX SCRIPT,PcYAVBGX-MAX-SCRIPT,PUB;3a143d2f0bdc45a99ff16657ebeff602,maxavenell0201,indicator,1,1,182,0,2,2026-07-22T14:09:18+00:00,34,"This script is fully designed for a specific stratergy, this strategy gave me an 80% win rate and generated me over £350,000 In 3 months, this indicator includes, liquidity sweeps, IFVGS and a line through the middle so its easy to set your limits and make sure you get the best entry you can get."
https://www.tradingview.com/script/pS1VyoUN-STRAT-MASTERY-Chart-Alert-Engine/,STRAT MASTERY - Chart Alert Engine,pS1VyoUN-STRAT-MASTERY-Chart-Alert-Engine,PUB;6437cf3e01c44e35aab2317a9239f839,michai-media,indicator,3,1,0,0,0,2026-07-22T14:08:26+00:00,34,"STRAT MASTERY Chart Alert Engine is the lightweight alert companion for the chart symbol.  It monitors any enabled setup timeframe from 5 minutes through 1 month from one indicator instance. Setup families are independently selectable, with 2-1 and 3-1 enabled by default. Event choices include setup printed, setup in force, and confirmed candle acceptance. Confirmed acceptance can use the selected 5m, 10m, 15m, 30m, or 1H candle OPEN or completed CLOSE.  Optional 15m and 30m opening-range alerts"
https://www.tradingview.com/script/n0OfjCRV-BK-AK-Cobra/,BK AK-Cobra,n0OfjCRV-BK-AK-Cobra,PUB;adb6a40ae86f4c6c891e2ea24b6b0591,Ki11a_B,indicator,1,1,22,0,0,2026-07-22T14:05:28+00:00,34,"BK AK-Cobra  Momentum measured across timeframes. Extremes evaluated. Order flow used as confirmation.  The “AK” in BK AK-Cobra is not branding—it is honor. It stands for my mentor, A.K.—the man whose guidance shaped my discipline, patience, market judgment, and respect for clean execution. I dedicate every indicator I build to his honor, and his standard sits behind every serious tool I create.  Above all, full credit and gratitude to G-d—the source of wisdom, timing, strength, and survival in "
https://www.tradingview.com/script/GC3Vxs8n-Max-script-ifvg-and-liquidity-sweep-retest/,Max script ifvg and liquidity sweep retest,GC3Vxs8n-Max-script-ifvg-and-liquidity-sweep-retest,PUB;17026798d314470b8b23f2fe2fab8b52,maxavenell0201,indicator,1,1,23,0,0,2026-07-22T14:03:11+00:00,34,"Best indicator for sweep, ifvg, retest. This shows you the middle of the ifvg and the price is next to it, this makes it easy for you to set limits for your trades, the strategy this provides has given me over an 80% win rate and is very easy to learn."
https://www.tradingview.com/script/oyOEBMLF-Day-Trade-Setup-FVG-Finder/,Day Trade Setup - FVG Finder,oyOEBMLF-Day-Trade-Setup-FVG-Finder,PUB;be0d8f17ee204592b25f041dc098f727,daytradesetupx,indicator,1,1,16,0,0,2026-07-22T14:02:17+00:00,34,"Day Trade Setup - FVG Finder  Day Trade Setup - FVG Finder is a Fair Value Gap detection tool designed to identify bullish and bearish price imbalances directly on the chart.  The indicator scans both the current chart timeframe and a user-selected higher timeframe, then displays active FVG zones as colored boxes with optional price labels. Zones remain visible until they are mitigated or, for chart-timeframe zones, expire after the selected lookback period.  How It Works  A bullish Fair Value G"
https://www.tradingview.com/script/hCPmpT12-POWER-YOU-CHART-BY-AHB/,POWER YOU CHART BY AHB,hCPmpT12-POWER-YOU-CHART-BY-AHB,PUB;2cc68616528549a5aa2542749b17a579,ForexWithAHB,indicator,3,1,1,0,0,2026-07-22T13:49:55+00:00,34,VSA + Market Structure + Murrey Math Pro Indicator  This indicator is designed to combine three powerful trading concepts into a single decision-making framework:  - Volume Spread Analysis (VSA) - Market Structure - Murrey Math Levels  The core objective is to help traders identify high-probability reversal and continuation opportunities by combining volume behaviour with key structural and price zones.  Trading Logic  The primary focus is on VSA signals:  - Buying Climax (BC) - Selling Climax (
https://www.tradingview.com/script/BriZFo2Q-Multiple-timeframe-Stochastic-Table/,Multiple timeframe  Stochastic Table,BriZFo2Q-Multiple-timeframe-Stochastic-Table,PUB;d33b97213fbe4334b7cae6b470dec285,bruceyam,indicator,1,1,2,0,0,2026-07-22T13:26:37+00:00,34,This is to display a stochastic table of multiple  timeframce this can help to gauage if all timeframe is overbought or oversold
https://www.tradingview.com/script/izua5dXx-Smart-Trend-Zones/,Smart Trend + Zones ,izua5dXx-Smart-Trend-Zones,PUB;5939fa6651f44729ace4445c9fac64f0,elsrodriguez1,indicator,1,1,22,0,0,2026-07-22T13:22:49+00:00,34,"Smart Trend + Zones   Smart Trend Zones is a clean trend-zone indicator designed to replace traditional single trendlines with adjustable sloped support and resistance zones.  The indicator automatically searches confirmed pivot highs and pivot lows to identify potential trend structures. Instead of drawing a thin line, it creates a filled zone around the trendline, helping account for normal price movement, wick reactions, and small differences between touch points.  The chart remains clean by "
https://www.tradingview.com/script/wQJkbAQn/,Premium,wQJkbAQn,PUB;8fcaa4a411bb48b596e56fa79ce19548,feifanzhao,indicator,3,2,2,0,0,2026-07-22T13:19:52+00:00,34,计算品种间溢价。实线代表双方均开盘，虚线代表存在一方未开盘
https://www.tradingview.com/script/Ut38bmAX-QScalp-iB-iS-Universal/,QScalp iB/iS Universal,Ut38bmAX-QScalp-iB-iS-Universal,PUB;f597646d277e48ac9bc1a2433973856b,n79081698828,indicator,2,1,1,0,0,2026-07-22T13:15:21+00:00,34,QScalp iB/iS Universal The indicator shows changes in open interest within an hourly candle separately for buys and sells. iB shows how open interest changed on the buy side. iS shows how open interest changed on the sell side. The histogram is plotted around the zero line: Blue bars upwards indicate an increase in iB. Orange bars downwards indicate an increase in iS. Red color indicates a decrease in the corresponding indicator. This format helps to quickly see where new interest appeared durin
https://www.tradingview.com/script/ICvuzje4-Dynamic-Gann-Angle-Support-Resistance-Zones-Nifty-only/,Dynamic Gann Angle Support & Resistance Zones  - Nifty only,ICvuzje4-Dynamic-Gann-Angle-Support-Resistance-Zones-Nifty-only,PUB;6f2632a13fe246528d0d724b16ac1c94,ShalakaAB,indicator,2,1,12,0,3,2026-07-22T13:13:22+00:00,34,## Overview of the Script - Only for Nifty  The **Dynamic Gann Angle Support & Resistance Zones** script automates key level plotting using **W.D. Gann’s Square of 9** mathematical framework:  * **Dynamic Base Anchor Automatically identifies the nearest Gann special/square number below the current market price as the master baseline  * **Mathematical Projection:** Projects proportional support and resistance levels across standard Gann angles (-180\ to +360circ) using square root matrix rotation
https://www.tradingview.com/script/qEHjxiXT-Opening-Range-9-15-9-30-with-0-09-0-09-Levels/,Opening Range 9:15 - 9:30 with +0.09% & -0.09% Levels,qEHjxiXT-Opening-Range-9-15-9-30-with-0-09-0-09-Levels,PUB;91fde67b87124c49bdc4164ab9386e02,balachandrabs,indicator,2,1,0,0,0,2026-07-22T13:09:10+00:00,34,Opening Range (9:15–9:30) with 0.09% Target Levels  This indicator automatically identifies the Opening Range (OR) for the first 15 minutes (9:15 AM–9:30 AM IST) of the NSE trading session and plots key price levels that remain visible throughout the trading day.  It is designed for intraday traders who use the Opening Range Breakout (ORB) strategy.  Features Automatically captures the Opening Range High and Opening Range Low between 9:15 AM and 9:30 AM (IST). Calculates and plots: Opening Range
https://www.tradingview.com/script/7TgijcvX-OB-Based-FVG/,OB-Based FVG,7TgijcvX-OB-Based-FVG,PUB;40dc017ceed44296b4c35423c568a5a7,avinash_397,indicator,2,1,3,0,0,2026-07-22T13:03:25+00:00,34,Very high probable fvg to used eithe as fvg or ifvg in the direction of order flow of higher time frame. 
https://www.tradingview.com/script/HcElGpGK-Multi-Key-Levels/,Multi Key Levels,HcElGpGK-Multi-Key-Levels,PUB;bb2d2e0e30954c45b05b8ab90bd2d771,Astronautics,indicator,1,2,16,0,0,2026-07-22T12:42:07+00:00,34,shows key levels on all time frames  daily weekly monthly midnight  value area/pc
https://www.tradingview.com/script/Bj1LilfX-Momentum-Ignition-SMI-Squeeze-Momentum/,Momentum Ignition  - SMI + Squeeze Momentum ,Bj1LilfX-Momentum-Ignition-SMI-Squeeze-Momentum,PUB;fb407f109c594b918ca1aa2637651d37,KironKavanagh,indicator,1,1,14,0,0,2026-07-22T12:41:15+00:00,34,"Overview  Momentum Ignition merges two of the most respected concepts in technical analysis — the Stochastic Momentum Index (SMI) by William Blau and the Squeeze Momentum Indicator by LazyBear (which is itself a Pine Script implementation of John Carter's TTM Squeeze). Neither indicator on its own answers the two questions a trader actually needs answered on every signal:  Which way is momentum turning? → SMI answers this. Is the market actually about to move, or is this just noise inside a rang"
https://www.tradingview.com/script/OigVqdpR-ORB-Sessions-ATR-v2-2/,ORB Sessions + ATR v2.2,OigVqdpR-ORB-Sessions-ATR-v2-2,PUB;a6db0da405174f9580bd9be76888c9cf,GNGTrader08,indicator,3,1,3,0,0,2026-07-22T12:41:06+00:00,34,"# ORB Sessions + ATR — README  **Script file:** `ORB_Sessions_ATR.pine` **Pine version:** v6 **Type:** Indicator (visual only — no backtest, no orders) **Current version:** 1.8 **Last updated:** 20 July 2026 **Defaults tuned for:** MNQ (Micro Nasdaq)  ---  ## What it does  Draws opening ranges for three markets — **New York, London and Tokyo** — each with its own **open** and an optional **CSO** pre-open range. Six ranges in total, every one toggleable on its own, all sharing one set of style an"
https://www.tradingview.com/script/S27V3niR-QX-Expert-Pro-v2-1-Free-Compatible/,QX Expert Pro v2.1 Free-Compatible,S27V3niR-QX-Expert-Pro-v2-1-Free-Compatible,PUB;7d53b52833464e86840d42af3ccc6a54,kayum8810,indicator,3,1,4,0,0,2026-07-22T12:21:28+00:00,34,"QX Expert Pro v3.0  Thank you for using QX Expert Pro.  This indicator has been designed for educational purposes and provides AI-assisted technical analysis using multiple confirmation systems. It combines trend analysis, market structure, volume analysis, smart filtering, and machine-learning based probability scoring to improve signal quality.  Recommended Timeframes 1 Minute (Recommended) 3 Minute 5 Minute 15 Minute 1 Hour Supported Markets Forex Crypto Indices Commodities Stocks Recommended"
https://www.tradingview.com/script/kPQxBN1q/,ATK/DEF Support Resistance SR Power Range,kPQxBN1q,PUB;094f4a19e08242d4bda04b440803b988,ATTDEFS,indicator,1,1,394,0,2,2026-07-22T12:21:02+00:00,35," Overview  ATK/DEF S/R Power Range is a custom market structure analysis indicator designed to stud historical pric reaction areas through adaptive volatility measurement, swing structure analysis, volume participation, and candle pressure behavior.  Unlike traditional static support and resistance tools that rely only on horizontal price levels or manually selected zones, this indicator introduces an ATR-based adaptive calculat framework to evalua the historical significance and strength of pre"
https://www.tradingview.com/script/4GVV3LRM-Fake-Breakout-Reversal-High-Low-PRO-JPT/,Fake Breakout Reversal High/Low PRO [JPT],4GVV3LRM-Fake-Breakout-Reversal-High-Low-PRO-JPT,PUB;cdb6ed78f3b94845a0c463327460386a,Jos-ProTrader,indicator,1,1,753,0,0,2026-07-22T12:08:21+00:00,35,🔹  OVERVIEW    Fake Breakout Reversal High/Low PRO   is an educational technical analysis indicator designed to identify potential fake breakout areas around confirmed swing highs and swing lows.  The script highlights price movements that briefly trade beyond a recent swing level before returning back within the prior range. It also plots dynamic swing levels and provides a visual framework for studying potential reversal scenarios.  This indicator is intended to help traders observe price stru
https://www.tradingview.com/script/amZAE1Sv/,ICT P Key Sessions Levels V1.,amZAE1Sv,PUB;e6e831c0c21c47549b36470109e6440c,PatCorsi,indicator,3,1,1,0,0,2026-07-22T12:06:04+00:00,35,"🇬🇧 English description first · 🇫🇷 Une description en français suit l'anglais.  =============================================================== # 📊 ICT P Key Sessions Levels  Indicator plotting the key **time- and session-anchored price references** used in ICT/SMC methodology. All times are in **New York** time, with automatic daylight-saving handling.  > 🧩 Companion of **""ICT P PO3 & DRT""** (Power-of-Three candles, Dealing Range and bias table). This one handles the **time-based levels**, the o"
https://www.tradingview.com/script/jIHIISOA-Opening-Range-9-15-to-9-30-Indicator/,Opening Range (9:15 to 9:30) Indicator,jIHIISOA-Opening-Range-9-15-to-9-30-Indicator,PUB;c89ff21d832a4ef6a55f5c3fec7e4441,balachandrabs,indicator,2,1,2,0,0,2026-07-22T12:02:02+00:00,35,Opening Range (9:15–9:30) Indicator for NSE  This indicator automatically calculates and plots the Opening Range (OR) based on the 9:15 AM to 9:30 AM (IST) trading session for NSE markets.  It identifies the highest high and lowest low during the first 15 minutes of trading and extends these levels throughout the trading day. These levels serve as important support and resistance zones for Opening Range Breakout (ORB) trading strategies.  Features Captures the Opening Range from 9:15 AM to 9:30 
https://www.tradingview.com/script/c28dLMBG-ES-NQ-FVG-Divergence-blissfulsoul977/,ES & NQ FVG Divergence_blissfulsoul977,c28dLMBG-ES-NQ-FVG-Divergence-blissfulsoul977,PUB;6288f49bab3346eeb0cca23dc5dffc6c,Blissful_Soul977,indicator,1,1,5,0,0,2026-07-22T11:58:47+00:00,35,You will be amazed how such accurate levels can be marked.  Enjoy...
https://www.tradingview.com/script/BDi4kEWL/,4-Hour Swing Turn V2.0,BDi4kEWL,PUB;3f8ee693da324cbdbe7c18a1ded0e9e3,AIsangbiao,indicator,1,1,610,0,7,2026-07-22T11:52:44+00:00,35,只用于4小时波段抓取
https://www.tradingview.com/script/XwtlzRUi-ICT-Toolkit-Lyro-RS/,ICT Toolkit | Lyro RS,XwtlzRUi-ICT-Toolkit-Lyro-RS,PUB;cd64c472abda4dce878957bb120f12de,LyroRS,indicator,3,1,14,0,0,2026-07-22T11:51:38+00:00,35,"Overview  ICT Toolkit is a complete Smart Money Concepts suite delivered as a single price chart overlay. It brings together market structure detection, liquidity mapping, institutional zone identification, and retracement analysis into one unified framework. Rather than requiring several separate scripts stacked on one chart, it consolidates the full ICT-style workflow into one indicator where every module can be enabled or disabled independently, and almost every module can be run on its own s"
https://www.tradingview.com/script/mDJMC3nj-Structural-Edge-Score-v1-5-Trade-Logic1019/,Structural Edge Score v1.5  [Trade_Logic1019],mDJMC3nj-Structural-Edge-Score-v1-5-Trade-Logic1019,PUB;a8b14af3cc6243a795fb014a3e1f93f6,Trade_Logic1019,indicator,2,1,1,0,0,2026-07-22T11:50:35+00:00,35,"Structural Edge Score (SES) Overview The Structural Edge Score is a five-factor composite scoring engine that evaluates the quality of an instrument's current trend environment on a 0–100 scale. Rather than asking ""is this trending,"" it asks a more specific question: is this trend structurally sound, momentum-confirmed, well-supported by volume, holding above a defensible base, and outperforming its peer group on a risk-adjusted basis — all at once? Each factor is scored independently, then comb"
https://www.tradingview.com/script/E2Sb9nwm-srivihaan-master-dashboard-indicator/,srivihaan master dashboard indicator,E2Sb9nwm-srivihaan-master-dashboard-indicator,PUB;e31a87c4c9084aaabd3c74b100d3142c,vishwakrishna416,indicator,2,2,3,0,0,2026-07-22T11:45:41+00:00,35,"### **Title Idea:*srivihaan master dashboard indicator* : 14-in-1 Dashboard, Volume Profile & Smart Targets  ### **Description:**   This script combines the world's most trusted trading methodologies—Trend, Momentum, Mean Reversion, and Volume—into a single, clean interface. Instead of guessing, this indicator calculates a **14-Point Master Bias Score** and tells you exactly what the market is doing in real-time.  **🔥 KEY FEATURES:**  📊 **The Mega Dashboard** A sleek, real-time table tracks the "
https://www.tradingview.com/script/wizhAEm8/,Order Block Stop Survival Study,wizhAEm8,PUB;d2d584b0933e4a358276bbe78a48bdd7,benjaminlhermitte,indicator,1,1,7,0,0,2026-07-22T11:39:20+00:00,35,"Credit  The order block detection and the retest condition used as the trigger of this study are adapted from ""Power Order Blocks  "" by ChartPrime, published open source under the Mozilla Public License 2.0. Full credit to ChartPrime for that detection method. This script is published open source under the same licence.  What it adds to the original  The original draws order blocks and marks the moment price comes back to them. It never answers the question that actually decides whether you can "
https://www.tradingview.com/script/RiUxCPkj/,Bitcoin Critical State Indicator (BCSI),RiUxCPkj,PUB;1705f526021a41d4b931ac1330ef5b0b,BorisTheBlade687,indicator,1,1,3,0,0,2026-07-22T11:32:56+00:00,35,"Bitcoin Critical State Indicator (BCSI)  The Bitcoin Critical State Indicator (BCSI) is a Bitcoin-exclusive market regime indicator inspired by the work of Didier Sornette on complex systems, critical phenomena, and financial bubbles.  Unlike traditional indicators that attempt to predict short-term price movements, the BCSI is designed to evaluate the current state of the Bitcoin ecosystem and estimate its proximity to historically significant turning points.  The indicator combines multiple di"
https://www.tradingview.com/script/vUlyRJYL-Opening-Range-9-15-9-30/,Opening Range 9:15 - 9:30,vUlyRJYL-Opening-Range-9-15-9-30,PUB;2f696d4cb9224833ade2d97cdddbb8f4,balachandrabs,indicator,2,1,0,0,0,2026-07-22T11:29:04+00:00,35,Opening Range (9:15–9:30) Indicator for NSE  This indicator automatically calculates and plots the Opening Range (OR) based on the 9:15 AM to 9:30 AM (IST) trading session for NSE markets.  It identifies the highest high and lowest low during the first 15 minutes of trading and extends these levels throughout the trading day. These levels serve as important support and resistance zones for Opening Range Breakout (ORB) trading strategies.  Features Captures the Opening Range from 9:15 AM to 9:30 
https://www.tradingview.com/script/zRYWeYDa-4H-Open-Lines/,4H Open Lines,zRYWeYDa-4H-Open-Lines,PUB;aa747b6e44294453be3efe4bdd0cb1ba,MSJ4,indicator,1,2,12,0,0,2026-07-22T11:28:46+00:00,35,"2am 6am 10am 2pm 6pm 10pm settings to change style, numbers of candles, candle data and timezone"
https://www.tradingview.com/script/TMPC89s9/,tanukitsune score,TMPC89s9,PUB;a92771be2b524150bee32d7b76968f9e,tanukitsune,indicator,1,1,8,0,1,2026-07-22T11:27:04+00:00,35,This is an indicator exclusively for Japanese stocks that shows whether financial statements have improved or deteriorated year-over-year.
https://www.tradingview.com/script/o4aqG3uJ-Opening-Range-Breakout-Tool/,Opening Range Breakout Tool,o4aqG3uJ-Opening-Range-Breakout-Tool,PUB;6010d6936c66450bb030c4d2ba9a179b,ErsserProTrader,indicator,1,1,4,0,0,2026-07-22T11:20:37+00:00,35,"What it does   This tool builds the opening range — high, low and midpoint — from the first N minutes of a trading session you define, draws it on your chart, and marks the first bar that breaks either side of the range. One marker per side per session, so your chart stays readable.  The session is anchored to a named timezone (New York by default), not to the chart or exchange timezone. That means a ""09:30 open"" stays 09:30 all year, on both sides of every daylight-saving change — a detail many"
https://www.tradingview.com/script/qdsRrwsl/,Scap Gold M1 99%,qdsRrwsl,PUB;342342340acc44c59a2367d6d44d097e,tradertieuhoc,indicator,3,1,0,0,0,2026-07-22T11:15:02+00:00,35,"This indicator is specifically designed for short-term scalping on lower timeframes (M1 and M5), optimized for trading Gold (XAUUSD). Its primary goal is to help traders follow the main trend while strictly avoiding choppy, sideways market conditions to optimize the risk-to-reward ratio (tight Stop Loss, extended Take Profit).  ► CORE CONCEPTS & UNDERLYING LOGIC To comply with TradingView's House Rules for closed-source scripts, here is a conceptual overview of the underlying logic:  1. Trend Di"
https://www.tradingview.com/script/kJgXUwvH-EonMetrics-CISD/,EonMetrics CISD,kJgXUwvH-EonMetrics-CISD,PUB;2bd2ae79179a4561bb56c611a4262f17,EonMetrics,indicator,1,1,20,0,0,2026-07-22T11:14:28+00:00,35,"CISD — Change In State of Delivery  CISD marks the moment the market's delivery flips. Price is ""delivered"" in one direction through a series of consecutive same-direction candles; the open of the first candle of that series is the delivery level. When a later candle closes back through that level, the state of delivery has changed — that close is the CISD. The level is then kept on the chart and tracked as support or resistance, with retest and invalidation handling.    🔶 HOW IT WORKS   The scr"
https://www.tradingview.com/script/6oB7YzBu-Vaibhav-WORLD-Dashboard-PRO/,Vaibhav WORLD Dashboard PRO,6oB7YzBu-Vaibhav-WORLD-Dashboard-PRO,PUB;a8a6be0431254387bdb9496c73b45b8e,chaturtrader007,indicator,1,1,3,0,0,2026-07-22T11:08:20+00:00,35,"Here's a professional English description for your TradingView indicator:  ---  # 🌍 WORLD Dashboard PRO  **WORLD Dashboard PRO** is a compact, professional TradingView dashboard designed to help traders monitor key global market indicators from a single screen. It provides real-time market data, price changes, and overall market sentiment in a clean Bloomberg-inspired layout.  ## Features  * 📈 Real-time market data * 🌍 Major US market indices    * Dow Jones   * S&P 500   * Nasdaq 100   * Russell"
https://www.tradingview.com/script/pv4ZRVSJ-The-King-Coin/,The King Coin,pv4ZRVSJ-The-King-Coin,PUB;7f793d92fbc9463d8a1912c96e3c3105,Thekingcoin,indicator,3,1,3,0,1,2026-07-22T11:06:50+00:00,35,The King Coin - Reversal V6 A custom technical indicator designed for market structure and trend analysis on TradingView. Features: • Real-time entry and reversal signals (BUY LIVE / SELL LIVE) on chart candles. • Integrated Keltner Channel and momentum framework. • Interactive on-chart status panel displaying current level metrics and trade management targets. Disclaimer: For analytical and educational purposes only.
https://www.tradingview.com/script/GllXkf2l-Fair-Value-Gaps/,Fair Value Gaps,GllXkf2l-Fair-Value-Gaps,PUB;50761664f2cc4e4db0ab8ccfea6c8418,ErsserProTrader,indicator,1,1,7,0,0,2026-07-22T11:03:52+00:00,35,"Detects three-candle fair value gaps and manages their full lifecycle on your chart:   - **Bullish FVG:** a candle's low sits above the high from two candles back — the gap   between them is drawn as a box. - **Bearish FVG:** a candle's high sits below the low from two candles back.  Each gap extends to the right, bar by bar, until price returns to it. When that happens the gap counts as filled by your chosen rule and is either recoloured and frozen at the fill bar, or removed — your choice.   H"
https://www.tradingview.com/script/cop8x9UB/,ICT P Liquidity Map V1.,cop8x9UB,PUB;f4644251c83f473fa88aa22307072d84,PatCorsi,indicator,3,1,2,0,0,2026-07-22T10:56:58+00:00,35,"═══════════════════════════════════════════════ ICT P Liquidity Map ═══════════════════════════════════════════════     ─────────────────────────────────────────────── ENGLISH ───────────────────────────────────────────────  OVERVIEW  ICT P Liquidity Map is a visualization tool that plots the key intraday liquidity references used in the ICT framework on a single overlay: session highs/lows (killzones), opening gaps (day / week / month, ETH and RTH), the Midnight / 8:30 / 9:30 opens, the ICT mac"
https://www.tradingview.com/script/xHIb4nBh-ROCKY-BUY-SELL/,ROCKY BUY SELL ,xHIb4nBh-ROCKY-BUY-SELL,PUB;1d67ad0fec294e0e9e79f7cc1556b808,chhatrapalv73,indicator,3,1,2,0,0,2026-07-22T10:55:48+00:00,35,this is the indicator which gives signal for buy and sell based on macd and adx 
https://www.tradingview.com/script/02z7f2BH/,HOLY Vegas SUPER 17,02z7f2BH,PUB;08e1705350bc4154940288697c0c623d,newartjersey,indicator,1,1,221,0,0,2026-07-22T10:50:41+00:00,35,"The core concept of the Vegas Tunnel:  Vegas believes that:  Prices fluctuate around value (moving averages), and when prices deviate too far from value, they will eventually revert to or continue, forming a new trend.  Therefore, he uses EMAs to create a dynamic channel to observe the relationship between price and trend."
https://www.tradingview.com/script/WGgAUhpj-SilentEntry-Triple-Confluence-Engine-v4-3-11/,SilentEntry Triple Confluence Engine v4.3.11,WGgAUhpj-SilentEntry-Triple-Confluence-Engine-v4-3-11,PUB;c145ffd354c34efaa624b53b074c393c,SilentEntry-Khav,indicator,2,1,9,0,0,2026-07-22T10:48:17+00:00,35,"SilentEntry Triple Confluence Engine   SilentEntry Triple Confluence Engine is a chart-based market analysis and trade-planning system designed to identify structured trading opportunities while maintaining a clean, practical visual workflow.  The engine combines momentum, adaptive market behaviour, confirmed price structure and trend-strength analysis into a unified decision model. Rather than reacting to every minor price movement, it waits for a qualified market sequence before presenting a B"
https://www.tradingview.com/script/lkQG9ulw-Anchor-Adaptive-Supertrend/,Anchor Adaptive Supertrend,lkQG9ulw-Anchor-Adaptive-Supertrend,PUB;ceabebd6df9e421d9c3643cc52f62381,FxClutcher,indicator,2,1,3,0,0,2026-07-22T10:44:39+00:00,36,"Anchor Adaptive Supertrend — a self-tuning Supertrend that cuts whipsaws and can start fresh from any date   The standard Supertrend has one setting for every market and every condition — which is exactly why it whipsaws in chop and lags in strong trends. Anchor Adaptive Supertrend rebuilds it as a smart, self-adjusting trend engine that reads the market's current character and adapts, plus a unique ability to re-anchor the whole calculation to a moment that actually matters to you.  What it doe"
https://www.tradingview.com/script/gpQeRmW4-Gres-Patterns-PRO-v1-0-11/,Gres Patterns PRO v1.0.11,gpQeRmW4-Gres-Patterns-PRO-v1-0-11,PUB;d221fe453441420fa57eb9a654f9d10f,gres_andriy,indicator,2,1,0,0,0,2026-07-22T10:43:32+00:00,36,"Gres Patterns is a technical analysis indicator focused on chart pattern recognition, predictive trade ranges, and historical signal statistics. The indicator detects and visualizes multiple market structure patterns, including triangle breakouts, channel breakouts, channel retests, double bottoms, double tops, head and shoulders, inverse head and shoulders, cup and handle, inverted cup and handle, and Livermore-style accumulation or distribution formations. Each enabled pattern can generate a v"
https://www.tradingview.com/script/H4J5EW31/,Market Absorption Saturation (MAS),H4J5EW31,PUB;a62b98d8490f4f4a8c9e93fffb1dc3b9,bilbon6789,indicator,3,1,0,0,0,2026-07-22T10:35:35+00:00,36,"Market Absorption Saturation (MAS) is a market structure indicator designed to analyze the relationship between trading activity and price response.  The indicator is based on the idea that financial markets may occasionally experience increasing market friction, where higher trading activity produces progressively smaller price movements. Under these conditions, buying and selling pressure may become increasingly absorbed by the market, reducing the efficiency of price progression.  Rather than"
https://www.tradingview.com/script/tLlkZ83u/,Scap Gold Trend & Sideways Filter,tLlkZ83u,PUB;992b119a077946d6b5916ac85d8b2ffb,tradertieuhoc,indicator,3,1,0,0,0,2026-07-22T10:34:05+00:00,36,"This indicator is specifically designed for short-term scalping on lower timeframes (M1 and M5), optimized for trading Gold (XAUUSD). Its primary goal is to help traders follow the main trend while strictly avoiding choppy, sideways market conditions to optimize the risk-to-reward ratio (tight Stop Loss, extended Take Profit).  ► CORE CONCEPTS & UNDERLYING LOGIC To comply with TradingView's House Rules for closed-source scripts, here is a conceptual overview of the underlying logic:  1. Trend Di"
https://www.tradingview.com/script/rZauEgLw/,HOLY KDJ Long Short Signal,rZauEgLw,PUB;fe0ddbe251c0459bb9371ff034c57148,newartjersey,indicator,1,2,13,0,0,2026-07-22T10:26:43+00:00,36,"Overbought Zone  General Setting:  K, D > 80  Represents:  The market may rise significantly.  However:  Overbought does not necessarily mean a fall.  A strong market trend may persist in the overbought zone for a long time.    Oversold Zone  General Setting:  K, D < 20  Represents:  The market may fall significantly.  However:  Oversold does not necessarily mean a rebound.  A bear market may remain oversold."
https://www.tradingview.com/script/jXxP2m1Q-ETH-DCA-Strategy-3Commas-Quantpilot/,ETH DCA Strategy [3Commas & Quantpilot],jXxP2m1Q-ETH-DCA-Strategy-3Commas-Quantpilot,PUB;a4f028e226dc4991b3bc45c6a15d6883,3Commas,strategy,1,1,5,0,0,2026-07-22T10:25:19+00:00,36,"ETH DCA RSI Long Strategy    🔷 What it does: This is a long-only DCA (Dollar-Cost Averaging) strategy for ETH / USDT that opens a position only in oversold conditions and then averages down on a fixed safety-order ladder. A base order fires when 4h RSI(14) drops below the entry threshold; if price keeps falling, five averaging orders add to the position at fixed deviations from the base entry, each larger than the last. The full position is closed at a fixed take-profit above the blended average"
https://www.tradingview.com/script/A2iBjAOc-KK-Master-Volume-Profiler-Lite/,KK Master Volume Profiler Lite,A2iBjAOc-KK-Master-Volume-Profiler-Lite,PUB;78cd8c21da59444db5afef6485ba7a32,kenkemdayfx,indicator,3,1,1,0,0,2026-07-22T10:24:10+00:00,36,"KK Master Volume Profiler Lite - What this is   A fixed-configuration volume-profile overlay for intraday charts. It builds two tick-volume profiles at different scales, marks the most-traded price and the value-area edges of each, tracks a synthetic buy / sell / absorption state for every price node in the structure, draws a per-bucket volume histogram, and prints a near-price net-volume verdict alongside three moving averages and an ATR ruler.  It draws structure and nothing else. There are no"
https://www.tradingview.com/script/bSHC8zO6-KK-Master-Volume-Profiler/,KK Master Volume Profiler,bSHC8zO6-KK-Master-Volume-Profiler,PUB;9fa6a80668054f6fbf67a3aca9e1d716,kenkemdayfx,indicator,3,1,0,0,0,2026-07-22T10:21:45+00:00,36,"KK Master Volume Profiler - What this is   A rolling volume-profile overlay for intraday charts. It builds two tick-volume profiles at different scales, marks the most-traded price and value-area edges of each, tracks a synthetic buy/sell/absorption state for every price node in the structure, reads near-price net tick-volume across three timeframes, and — when a family of conditions you enable lines up — draws one illustrative setup with its stop and targets so the implied risk-to-reward is vis"
https://www.tradingview.com/script/pvbR93R3-KenKem-Gold-Scalper-Premium/,KenKem Gold Scalper Premium,pvbR93R3-KenKem-Gold-Scalper-Premium,PUB;2d8b2068ed524ce3bdb150d109b7e850,kenkemdayfx,indicator,3,1,20,0,0,2026-07-22T10:16:57+00:00,36,"KenKem Gold Scalper Premium - What this is   A multi-timeframe trend-continuation overlay for 1-minute intraday charts. On each completed bar it evaluates a four-EMA trend stack, DMI/ADX momentum, a composite range-detection score, and a set of higher-timeframe and event vetoes. When every enabled condition agrees it draws one illustrative setup on the chart — an entry anchor, a structural stop, a first target and a final target — and tracks that drawing to a WON or LOST stamp. It is a charting "
https://www.tradingview.com/script/bqhPVFaj-Smart-Liquidity-V4/,Smart Liquidity V4,bqhPVFaj-Smart-Liquidity-V4,PUB;c753353167b34c53bc56c67b7602b386,oojkookrypto,indicator,1,1,43,0,0,2026-07-22T10:16:09+00:00,36,# Smart Liquidity V4 - Optimal Few Entry Strategy  ## 📌 Overview  This indicator is designed to identify **few but high-probability** entries using the logic: **Sweep → CHoCH → Retest → Strict Confirm**.  ---  ## 🎯 Core Logic  ### 1. **Liquidity Detection** - Identifies buy/sell liquidity levels using pivot high/low - Determines the nearest liquidity level - Tracks whether liquidity has been swept  ### 2. **Structure Analysis** - Marks HH/HL (Higher High / Higher Low) and LH/LL (Lower High / Low
https://www.tradingview.com/script/RnUws9q5-KenKem-Gold-Scalper-Pro/,KenKem Gold Scalper Pro,RnUws9q5-KenKem-Gold-Scalper-Pro,PUB;3fb82ee7e87343d9b19221cbe7a1be1b,kenkemdayfx,indicator,3,1,0,0,0,2026-07-22T10:13:52+00:00,36,"KenKem Gold Scalper Pro - What this is   A multi-timeframe trend-continuation overlay for 1-minute gold charts. On each completed bar it evaluates a four-EMA trend stack, DMI/ADX momentum, a composite range-detection score, and a set of higher-timeframe and event vetoes. When every enabled condition agrees it draws one illustrative setup — an entry anchor, a structural stop, a first target and a final target — and tracks that drawing to a WON or LOST stamp. It is a charting and study tool. It pl"
https://www.tradingview.com/script/ceHkCAn6-KDJ-Bounce-Alvin/,KDJ Bounce [Alvin],ceHkCAn6-KDJ-Bounce-Alvin,PUB;dbc2fd56357b4b98a83b18d8b97943bc,xunlei98,strategy,1,1,8,0,0,2026-07-22T10:13:22+00:00,36,"KDJ Bounce Strategy  A mean-reversion strategy that enters on KDJ J-line crosses from oversold/overbought zones, and exits on price action confirmation.  Enter Long when the J-line crosses above the oversold threshold (adjustable, default 20). Enter Short when the J-line crosses below the overbought threshold (adjustable, default 80).  Exit signals use consecutive candle logic: — After a Long entry, the position closes when 2 consecutive down bars appear and the second bar's close is lower than "
https://www.tradingview.com/script/MfLB5Fml-KenKem-Gold-Scalper-Lite/,KenKem Gold Scalper Lite,MfLB5Fml-KenKem-Gold-Scalper-Lite,PUB;2044a0da03274fc5a7ae80f3abaf7841,kenkemdayfx,indicator,3,1,0,0,0,2026-07-22T10:10:34+00:00,36,"KenKem Gold Scalper Lite - What this is   A fixed-configuration, multi-timeframe trend-continuation overlay for 1-minute gold charts. On each completed bar it evaluates a four-EMA trend stack, DMI/ADX momentum, a composite range-detection score, and a set of higher-timeframe and event vetoes. When every condition agrees it draws one illustrative setup — an entry anchor, a structural stop, a first target and a final target — and tracks that drawing to a WON or LOST stamp. It is a charting and stu"
https://www.tradingview.com/script/f8UDyVyt-Heikin-Ashi-Trend-Change-Strategy-Alvin/,Heikin Ashi Trend Change Strategy [Alvin],f8UDyVyt-Heikin-Ashi-Trend-Change-Strategy-Alvin,PUB;35e17dc1c0f04033b8b3a27165c29756,xunlei98,strategy,1,1,7,0,0,2026-07-22T10:07:09+00:00,36,HA Trend Change — Heikin Ashi trend-reversal signal  Detects a confirmed change in trend direction using Heikin Ashi bars.  Uptrend confirmation (only when seeking up): - Current bar is an up bar (HA close >= HA open) - At least one prior up bar exists - Current HA close > prior up bar's HA close -> Switches to seeking downtrend/  Downtrend confirmation (only when seeking down): - Current bar is a down bar (HA close < HA open) - At least one prior down bar exists - Current HA close < prior down 
https://www.tradingview.com/script/yr58u18U-TEMU-v2-Shelby/,TEMU v2 - Shelby,yr58u18U-TEMU-v2-Shelby,PUB;4683aeb0c4ee4f8faa956a4ff0aa7dd3,vxkShelby,indicator,2,1,3,0,0,2026-07-22T10:03:06+00:00,36,"**TEMU v2 — London Range Liquidity Sweep & Engulfing Confirmation (US Open)**  TEMU v2 is a session-based liquidity sweep detector built for the US market open (default NY session start, configurable timezone). It measures the London session range, then watches for a stop-hunt style sweep of that range's high or low around the US open, followed by a confirming multi-candle engulfing reversal — the ""Golden Confirmation.""  **How it works** 1. The script tracks the high and low of a user-defined ""R"
https://www.tradingview.com/script/PbRCd9UP-RTH-VWAP/,RTH VWAP,PbRCd9UP-RTH-VWAP,PUB;36cad463b9394dcb85f421aa29ebc376,Thunder_Frenzy,indicator,2,1,1,0,0,2026-07-22T10:01:15+00:00,36,"RTH VWAP (Regular Trading Hours)  This is a VWAP indicator designed for traders who want to calculate VWAP during Regular Trading Hours (RTH).  Features:  - Fully Customizable Session & Time Zone: Defaults to US Stock Market Regular Hours (0930-1600 ET), but can easily be adjusted in the settings for localized sessions or futures markets.  - Standard Deviation Bands: Includes two customizable upper and lower Standard Deviation volatility bands to help identify overbought and oversold extremes.  "
https://www.tradingview.com/script/4HwgR7C8/,HOLY UT BOT 17,4HwgR7C8,PUB;2f0ab00d1f3f44c583cd55df2f560cc0,newartjersey,indicator,1,2,16,0,0,2026-07-22T09:50:14+00:00,36,"Advantages  The main advantages of UT Bot include:  Simple and easy-to-understand rules.  ATR adjusts the stop-loss distance based on market volatility.  Suitable for stocks, forex, cryptocurrencies, and futures.  Supports TradingView alerts and strategy backtesting."
https://www.tradingview.com/script/Y6htKcWD/,tianyan1.0 ,Y6htKcWD,PUB;cd37e996df6c4dcfadecda5ed7ffc9cf,Asprinyyyy,indicator,3,2,1,0,0,2026-07-22T09:49:45+00:00,36,天眼，不是让你看见市场，而是让你看透市场。 四大核心引擎协同作战：UT Bot ATR追踪捕捉每一轮趋势的起点与终点；Hull Suite以超低延迟过滤虚假波动；三K线反转形态精准识别机构级别的转折信号；动量衰竭系统在趋势最后一刻发出预警。天眼独创的四维共振过滤——只有至少3个引擎同时确认、且无反向冲突时，才允许信号通过。 信号翻转机制是天眼的灵魂：BUY之后必须等SELL翻转才出下一个BUY，彻底杜绝重复信号噪音。每一根标签，都是一次真正的趋势转折。 止损采用双重防护体系：结构止损锁定最大风险边界，ATR追踪止损动态推进止盈——截断亏损，让利润奔跑。 智能仪表板实时掌控全局：持仓方向、各引擎信号状态、止损价位、风险距离，一目了然。 天眼之下，无处遁形。  Tianyan doesn't let you see the market. It lets you see through it. Four core engines operate in concert: UT Bot ATR Trailing captures every trend's origin and endpoin
https://www.tradingview.com/script/8tmxpdMT/, HOLY QEQE MOD ,8tmxpdMT,PUB;4f51aab5fc1a4a2d8912ca90037092de,newartjersey,indicator,1,1,9,0,0,2026-07-22T09:42:53+00:00,36,"QQE MOD can be viewed as a momentum trend indicator combining ""RSI + ATR + double filtering,"" using two sets of QQE and a volatility filter to reduce RSI noise. It is particularly suitable for identifying bullish and bearish momentum in trending markets, but it may still generate more false signals in consolidating markets. Therefore, it is usually used in conjunction with moving averages, volume, or support and resistance analysis to improve the reliability of trading decisions."
https://www.tradingview.com/script/yQdPgJ6s-Crypto-Intraday-Engine/,Crypto Intraday Engine,yQdPgJ6s-Crypto-Intraday-Engine,PUB;276c79157342425c8b5b68d22b1cc77d,MarketStructureLab,indicator,1,1,33,0,0,2026-07-22T09:35:30+00:00,36,"  Crypto Intraday Engine is a market-structure indicator designed specifically for the continuous, 24-hour nature of cryptocurrency markets. The script organizes intraday market information and answers three clear questions: • What is the current market context? • Where is price located relative to the nearest structural zones? • What structural event is currently being observed? The answers are displayed in a compact dashboard: CONTEXT LOCATION STATUS ━━━━━━━━━━━━━━━━━━━━━━━━━━━━━━━━━━━━━━━━━━ "
https://www.tradingview.com/script/YQLViPPp-MTF-FVG-OB-Confluence-Strategy-4H-1H-15M-XAUUSD/,MTF FVG + OB Confluence Strategy (4H -> 1H -> 15M) | XAUUSD,YQLViPPp-MTF-FVG-OB-Confluence-Strategy-4H-1H-15M-XAUUSD,PUB;6139c4dd6b844e2b9d89d76e70fc4fac,drjproduction,strategy,1,1,276,0,0,2026-07-22T09:34:05+00:00,36,"MTF FVG + OB Confluence Strategy (4H → 1H → 15M) | XAUUSD This strategy trades price-action confluence across three timeframes (4H, 1H, 15M) using Fair Value Gaps (FVG) and Order Blocks (OB), entering only when a fresh engulfing candle confirms rejection inside an aligned zone. How it works  Scans the 4H, 1H, and 15M timeframes for Fair Value Gaps and Order Blocks, plotting each as a labeled zone anchored to the candle that formed it. An Order Block requires a displacement candle at least 1.2x t"
https://www.tradingview.com/script/bZaUqym9-SSR-Equal-Weighted-NAV-40-Stocks/,SSR Equal-Weighted NAV (40 Stocks),bZaUqym9-SSR-Equal-Weighted-NAV-40-Stocks,PUB;081f9a55cc5247a3a74bbfe594562d60,financetalkswithaman,indicator,1,1,9,0,0,2026-07-22T09:33:23+00:00,36,"Custom equal-weight index script: pulls prices of your chosen basket stocks, normalizes each to a common base (usually 100 at start), averages them with equal weight so no large-cap dominates, and plots that average as a single line showing how the basket moves as one sector index."
https://www.tradingview.com/script/mFC1ptJs-Color-Changing-Multi-MA/,Color-Changing Multi-MA,mFC1ptJs-Color-Changing-Multi-MA,PUB;95ed6d3615104a5684dfbf2f5cb969ae,rekhadrathod005,indicator,2,1,1,0,0,2026-07-22T09:09:42+00:00,36,It is basically any Moving Average that changes colour when it moves up or down
https://www.tradingview.com/script/OVzwZkGA-AlgoNix-Pro/,AlgoNix Pro,OVzwZkGA-AlgoNix-Pro,PUB;e38d6c4e0a6f4cf7863efed057586b2b,AlgoNix,indicator,3,1,4,0,0,2026-07-22T09:03:03+00:00,36,"AlgoNix Pro Overview  AlgoNix Pro is an invite-only technical analysis indicator designed to evaluate price interaction around dynamically generated market zones through a structured, multi-stage analytical workflow.  Rather than relying on a single technical indicator, the script combines several established analytical concepts into a unified decision engine that evaluates market structure before displaying a trading setup.  The analytical workflow incorporates support and resistance analysis, "
https://www.tradingview.com/script/dRA6XMzJ/,Kim Alpha Crossover Suite,dRA6XMzJ,PUB;1f9f3f8c54774113aa0bee7c5d962216,Kim_Lisa_Markmann-Garbe,indicator,3,1,2,0,3,2026-07-22T09:00:09+00:00,37,Kim Alpha Crossover Suite is a discretionary trade-planning indicator designed to identify EMA crossover opportunities within a clearly defined market context.  The script combines four connected components:  A fast and slow EMA crossover identifies a possible change in short-term market direction. Daily VWAP determines whether price is trading on the appropriate side of the session’s volume-weighted average price. A configurable higher-timeframe EMA bias checks whether the broader market contex
https://www.tradingview.com/script/5YyXAIy4-AYK-Fib-Scalper/,AYK Fib Scalper,5YyXAIy4-AYK-Fib-Scalper,PUB;3a2a17bb38b34370b2bc499315591fd0,alkhafaji_dxb,indicator,2,1,0,0,0,2026-07-22T08:51:54+00:00,37,"# TradingView publication — AYK Fib Scalper  **Title:** AYK Fib Scalper **Category:** Indicator (overlay) **Tags:** fibonacci, retracement, scalping, golden pocket, gold, XAUUSD, intraday  ---  ## Description  AYK Fib Scalper is a Fibonacci golden-pocket retracement tool built for fast intraday charts. It automates the classic ""impulse → retrace → continuation"" fib play so you don't have to draw the retracement by hand on every leg.  **How it works**  1. **Impulse detection.** The script tracks "
https://www.tradingview.com/script/9E1V4dgW-Fast-Structural-Decline-Detector/,Fast Structural Decline Detector,9E1V4dgW-Fast-Structural-Decline-Detector,PUB;09d3f9797dd843a7bd1455653f10e898,bursein,indicator,3,1,0,0,0,2026-07-22T08:47:30+00:00,37,"The Fast Structural Decline Engine (FSDE) is a fundamental deterioration detection system designed to identify weakening business economics as early as possible, while filtering out minor or isolated fluctuations that do not necessarily indicate a structural problem.  The engine evaluates multiple dimensions of business performance, including Revenue, NOPAT, ROIC, operating margins, asset turnover, invested capital, capital allocation efficiency, and multi-year structural trends.  FSDE uses a la"
https://www.tradingview.com/script/IdPXIKQX-MasterClass-MACD-Recreation/,MasterClass - MACD (Recreation),IdPXIKQX-MasterClass-MACD-Recreation,PUB;14ede6897de347fe8cb91b96d9c3085a,harshu123456,indicator,2,1,1,0,0,2026-07-22T08:46:34+00:00,37,"A histogram (bars) that shows whether momentum is strengthening or weakening — shaded darker when moving strongly in one direction, lighter when losing steam. Two signal lines that change color on their own — turning green when rising, red when falling. "
https://www.tradingview.com/script/SlR4GyQf-QuantLine-Geometric-Conflict-Lite-V2/,QuantLine Geometric Conflict Lite V2,SlR4GyQf-QuantLine-Geometric-Conflict-Lite-V2,PUB;3598a07f256a4518a75d6c1592c19c0b,quantlinesystems,indicator,1,1,1,0,0,2026-07-22T08:42:22+00:00,37,"QuantLine Geometric Conflict Lite asks one question: where is BTC inside its own range — and where are the alts inside theirs?  If BTC sits near the TOP of its range while most alts sit near the BOTTOM of theirs, ""long the alt off support"" setups can look valid but often rest on borrowed strength — BTC simply has not rolled over yet.  How it is calculated: For each asset, position inside its own range on a chosen timeframe (default 4H):   pos = (last - range_low) / (range_high - range_low)   • 0"
https://www.tradingview.com/script/TeUewHVM/,"Blocksberg2245 Order Blocks & Breakers (Typ A, B, C) V1.1",TeUewHVM,PUB;7c5d51f0072e4080bc48e955b832bb14,blocksberg2245,indicator,2,4,6,0,0,2026-07-22T08:38:36+00:00,37,"This indicator displays various types of order blocks. You can select which order blocks to display in the settings. An order block is considered tested once it is touched. It is considered failed once it is broken. If a candlestick is outside the order block after the break, it becomes a Breaker Block – also activatable via a checkbox – and remains displayed on the chart. An alert function is implemented. Please report any questions, problems, or errors.  "
https://www.tradingview.com/script/YWsgOJMM-QuantLine-Bottom-Indicator-Lite/,QuantLine Bottom Indicator Lite,YWsgOJMM-QuantLine-Bottom-Indicator-Lite,PUB;41f9b658cf1845adb8a2e8eecb32dc6b,quantlinesystems,indicator,1,1,1,0,0,2026-07-22T08:38:36+00:00,37,"QuantLine Bottom Indicator Lite scores market bottoming as a PROCESS, not a single candle. It counts how many independent public-domain exhaustion conditions align at once and shows score X/5:  1) Mayer Multiple — price / long moving average (default 200). Lamp ON when deeply    undervalued vs the MA (user threshold, default 0.8). 2) Higher-timeframe RSI — RSI on Daily, Weekly, or Monthly. Lamp ON when HTF RSI is    oversold (default ≤ 35). 3) Volume capitulation — volume spike on a red candle. "
https://www.tradingview.com/script/40IVb3up-WMA-Crossover/,WMA Crossover,40IVb3up-WMA-Crossover,PUB;f81c2b934d954453b64f4364d038671d,ashru1989,indicator,1,1,5,0,0,2026-07-22T08:30:33+00:00,37,A simple Wma crossover with signal optional. Trading view wanted me to say more words to describe it. I am just filling the space. there is nothing to explain about wma crossover
https://www.tradingview.com/script/myWsna6Z-QuantLine-Compass-Lite-V3/,QuantLine Compass Lite V3,myWsna6Z-QuantLine-Compass-Lite-V3,PUB;e0ebd0fe10b44339b67b2193d2ddf873,quantlinesystems,indicator,1,1,5,0,0,2026-07-22T08:29:57+00:00,37,"QuantLine Compass Lite combines four public-domain flow components into a single -100..+100 ""needle"" for directional market context:  1) Volume-weighted RSI (RSIVol) — RSI of EMA(price×volume)/EMA(volume). Measures whether    volume supports the price move (0–100 scale). 2) WaveTrend (LazyBear method) — classic momentum oscillator from EMA-smoothed price    deviation. Captures short-term impulse and mean-reversion pressure. 3) Twiggs Money Flow — accumulation/distribution using Wilder smoothing."
https://www.tradingview.com/script/HSHotTmI-VWAP-MACD-Alerts/,VWAP MACD Alerts,HSHotTmI-VWAP-MACD-Alerts,PUB;74268bb354c0402ab4603fa8116083cf,Ron9000,indicator,1,1,3,0,0,2026-07-22T08:23:54+00:00,37,"This script calculates a rolling Volume Weighted Average Price (VWAP) over a customizable period and generates trade signals based on price crossovers. A long signal occurs when the price crosses above the VWAP line, but only if the MACD line is above its signal line to confirm upward momentum. A short signal is triggered immediately when the price crosses below the VWAP line, without any MACD filter applied. Both signals are marked with visual shapes on the chart and trigger runtime alert notif"
https://www.tradingview.com/script/3Xkjxnqj-Smart-Momentum-Strategy-QuantAlgo/,Smart Momentum Strategy [QuantAlgo],3Xkjxnqj-Smart-Momentum-Strategy-QuantAlgo,PUB;cfe657231c9f427798bdb312cfac7be9,QuantAlgo,strategy,3,1,38,0,0,2026-07-22T08:18:03+00:00,37,"🟢 Overview   The  Smart Momentum Strategy  is a self-configuring momentum system that adapts to both how you trade and what you trade from a single script. Where most strategies are locked to one style and one market, this script reconfigures its entire decision engine to match your chart automatically, applying the right execution profile for your timeframe and the right calibration for your instrument with little to no manual tuning required. At its core is an advanced momentum engine that con"
https://www.tradingview.com/script/nLWDl4UF-CUI-YY-ICHI-volume-delta/,CUI YY ICHI + volume delta,nLWDl4UF-CUI-YY-ICHI-volume-delta,PUB;e74bf89800a046d095efc639c57754a5,brosbothbk,indicator,1,1,15,0,0,2026-07-22T08:12:21+00:00,37,"Focus on Gold and BTC. But you can experiment yourself with other pair.  How to use: sell when the Kroll Long crossed red trend magic and continue crossing HWMA dynamic line. Buy when the candle stick range above the HWMA line and trend magic tossed the Kroll long in upper manner.  Exit, when the lagging span has been crossed the long Kroll. Added: alert function to be able to follow trend."
https://www.tradingview.com/script/2xt9BQ0c-Elephant-Edge-2-5/,Elephant Edge 2.5,2xt9BQ0c-Elephant-Edge-2-5,PUB;b784b91c3a484c5c855a0f69c4ba3df6,chandank13,indicator,2,1,33,0,0,2026-07-22T08:07:35+00:00,37,"Elephant Edge V 2.5 indicator Elephant Edge V 2.5 indicator is based on Session Range Fibonacci Zones. It is an intraday support, resistance, and market-bias indicator based on the current session’s opening price and the previous confirmed daily range. The indicator creates four Fibonacci-based reaction zones around the session open, helping traders identify potential reversal, continuation, and profit-booking areas. Level Calculation The current daily open is used as the central PP/anchor level"
https://www.tradingview.com/script/JILaCCdA/,Risk Guard - Position Size & Risk Ceiling,JILaCCdA,PUB;f7c3763ea81c4a43944069f4eee17b74,benjaminlhermitte,indicator,1,1,1,0,0,2026-07-22T07:55:09+00:00,37,"What it does  Risk Guard sizes your position from the risk you are willing to take, and tells you immediately when that risk goes above the limit you set for yourself.  Most position size calculators stop at the arithmetic. This one adds the part that actually protects an account: a ceiling.  Why a ceiling  Many traders do not use a fixed risk per trade. They size up on strong setups and down on weak ones. That flexibility is fine, until one trade quietly goes far beyond what the account can abs"
https://www.tradingview.com/script/Pam1aiam-WERKTrader-NEXUS-ENERGY-RSI-BAAAMMM/,WERKTrader NEXUS ENERGY RSI BAAAMMM,Pam1aiam-WERKTrader-NEXUS-ENERGY-RSI-BAAAMMM,PUB;cc2c143ce8eb498e8fda360aae654eb2,WERKTrader,indicator,3,1,9,0,0,2026-07-22T07:49:44+00:00,37,"NEXUS ENERGY – RSI BAAMMM  BAAMMM is one of the proprietary confirmation models within NEXUS ENERGY.  It analyzes the relationship between RSI momentum, market pressure and price structure to identify moments where multiple momentum components align.  Instead of relying on RSI levels alone, BAAMMM evaluates whether momentum confirms the current market structure or signals that buying or selling pressure is beginning to weaken.  When combined with Divergence Analysis, Harmonic Intelligence and Ma"
https://www.tradingview.com/script/TZXPbFSa-Order-Block-Hunter/,Order Block Hunter,TZXPbFSa-Order-Block-Hunter,PUB;9d8739a2686048b3980185a53bbd3efa,h4ck07,indicator,1,3,12,0,0,2026-07-22T07:47:47+00:00,37,"Order Block Hunter identifies a specific bullish reversal pattern from Smart Money Concepts (SMC): a down-closing week immediately followed by a breakout week whose range exceeds 1.5× the prior week's range and closes above that week's high.  Weekly timeframe only — the pattern was tested and validated exclusively on weekly bars; it will not fire on other timeframes.  Backtest methodology: tested on ~6,000 US-listed NYSE/NASDAQ tickers (~9,200 total signals), split into a development period (pre"
https://www.tradingview.com/script/L3XJ4m7T-RSI-Breakout-Monitor-With-Flags/,RSI Breakout & Monitor With Flags,L3XJ4m7T-RSI-Breakout-Monitor-With-Flags,PUB;9edde28ba8c74d269556fba9434b6009,pashankar_sagar,indicator,2,1,4,0,0,2026-07-22T07:47:29+00:00,37,RSI Breakout & Monitor With Flags with target tp box. 
https://www.tradingview.com/script/fvejG7Al/,1%is Flow Axis,fvejG7Al,PUB;2859bdda9ad44e18ac71219c636d0f0f,AntmanForex,indicator,3,1,0,0,0,2026-07-22T07:45:16+00:00,37,"1%is Flow Axis  Price Action Trend Indicator by 1%is Academy  1%is Flow Axis คืออินดิเคเตอร์ที่พัฒนาขึ้นเพื่อช่วยให้นักเทรดมองเห็น ""Flow ของราคา"" ได้ชัดเจนยิ่งขึ้น โดยใช้การคำนวณจากโครงสร้างของราคา (Price Action) ร่วมกับ Flow Candle และ Flow Axis  Features  ✅ 1%is Flow Candle ช่วยลดสัญญาณรบกวนของแท่งเทียน ทำให้มองเห็นแนวโน้มของตลาดได้ชัดขึ้น  ✅ Flow Axis เส้น Dynamic Support / Resistance สำหรับใช้ติดตามทิศทางของราคา  ✅ ใช้ได้ทุก Timeframe  ✅ ปรับแต่งสี ความหนา และค่าการคำนวณได้  ✅ รองรับการแจ้งเ"
https://www.tradingview.com/script/f46i8KdT-BP-TrendScore/,BP TrendScore,f46i8KdT-BP-TrendScore,PUB;85e94be6e6204e1189676439f99ffc2d,bkpawar91242,indicator,3,1,0,0,0,2026-07-22T07:41:19+00:00,37,"**Overview**  This is a decision-support dashboard, not a buy/sell signal generator. It combines six things that institutional-style trend followers (Weinstein, Minervini, O'Neil/CANSLIM) check independently — trend stage, relative strength, volume quality, price structure, fundamentals, and setup readiness — into one panel, so you can see whether they actually agree before you act. When they don't agree, that disagreement is the useful information.  **What it measures**  *Trend & Stage.* A 10/2"
https://www.tradingview.com/script/iPrx96yX-Opening-Range-Formation-Trace-ORB-Initial-Balance/,Opening Range Formation Trace - ORB & Initial Balance,iPrx96yX-Opening-Range-Formation-Trace-ORB-Initial-Balance,PUB;dcb8b5f2f5c7425ca31d47e85663872b,SG_Group,indicator,1,1,19,0,0,2026-07-22T07:37:19+00:00,37,"Opening Range Formation Trace is an intraday research indicator that records a configurable opening range, preserves the chronology of its formation, and tracks neutral post-range evidence after the range is complete.  It is intended for users who want to study more than the final opening-range high and low. The script focuses on how the range was built, when its extremes formed, how efficiently price traveled during the opening window, and what occurred after the range locked.  The default open"
https://www.tradingview.com/script/iuiDkdVM-SelfAware-Pro-V4-1-Futures-Precision/,SelfAware Pro V4.1 [Futures Precision],iuiDkdVM-SelfAware-Pro-V4-1-Futures-Precision,PUB;a329d038e0c4412aac458fccae9c8bce,LovelySeyarael,indicator,1,1,114,0,1,2026-07-22T07:23:47+00:00,37,"The futures ""market doesn't care about your feelings, and leverage is not a strategy—it’s a prayer. To survive here, you cannot rely on lagging crossovers. You need exact closing confirmations and asset-specific intelligence.  I designed SelfAware Pro V4.1   as a heavily guarded, highly disciplined engine specifically for structural traders.  What makes V4.1 different:  Asset-Specific Intelligence: Gold (GC) does not trade like the Russell 2000 (RTY), and Copper (HG) does not trade like EURUSD. "
https://www.tradingview.com/script/agflKVAn-Fundamental-Technical-Confluence-Screener-NSE/,Fundamental-Technical Confluence Screener [NSE],agflKVAn-Fundamental-Technical-Confluence-Screener-NSE,PUB;9d8def6dd74442dd9460386d0757ae7a,vitraaginternational,indicator,2,1,1,0,1,2026-07-22T07:20:19+00:00,37,"Fundamental-Technical Confluence Screener This indicator combines technical momentum with a fundamental sanity check to flag stocks where price strength is backed by real earnings growth — not just chart pattern alone. How it works A buy signal only fires when all five conditions align on the same candle: 1.	Trend — price is above its 50 EMA, and the 50 EMA is above the 200 EMA (confirms the stock is in a established uptrend, not just a short-term bounce) 2.	Volume — current volume is at least 1"
https://www.tradingview.com/script/0sO2mRG2-Moon-Sun-Aspects-Planets-Rahu-Ketu/,Moon & Sun Aspects: Planets/Rahu/Ketu ,0sO2mRG2-Moon-Sun-Aspects-Planets-Rahu-Ketu,PUB;3cec33ea348b460f886683f0f9a19df3,ShalakaAB,indicator,2,1,9,0,0,2026-07-22T07:16:34+00:00,37,"# Moon & Sun Astro Aspects — Level 1  **A Vedic/Western astro-trading, computing planetary positions from first principles (no external data feed) and marking conjunctions, oppositions, Nakshatra transitions, and lunar/solar cycle events directly on the price chart.**  ---  ## What it does  This indicator computes the geocentric ecliptic longitude of the Moon, Sun, all seven classical planets (Mercury through Pluto), and the lunar nodes (Rahu/Ketu) on every bar, using astronomical formulas built"
https://www.tradingview.com/script/iUb1C4lk-SelfAware-Pro-V4-0-Crypto-Horizon/,SelfAware Pro V4.0 [Crypto Horizon],iUb1C4lk-SelfAware-Pro-V4-0-Crypto-Horizon,PUB;63e56f35704d4d3aacbe7fb60f8dff80,LovelySeyarael,indicator,1,1,0,0,0,2026-07-22T07:09:38+00:00,37,"""Most traders lose money because they are fighting the clock, not the market. They enter a trade with a 5-minute mindset when the asset is setting up for a 4-hour swing, or they try to hold a position for days when the market is only offering a 30-minute scalp.  I built SelfAware Pro V4.0   to stop the guessing game.  This is not a magic signal indicator; it is a mathematical environment reader. It calculates the live Volatility (ATR) against the Swing Range to generate a Trade Horizon. It liter"
https://www.tradingview.com/script/kXcmNIdy-Mansfield-RS-25-Stocks-vs-Index-NSE-v6/,Mansfield RS - 25 Stocks vs Index (NSE) [v6],kXcmNIdy-Mansfield-RS-25-Stocks-vs-Index-NSE-v6,PUB;f766c2fe419543218824b5ca2dd41f9c,vitraaginternational,indicator,2,1,0,0,1,2026-07-22T07:06:16+00:00,38,"Indicator Type This is a relative strength (RS) comparison indicator — specifically a multi-symbol Mansfield Relative Strength table. It falls under the category of market breadth / relative strength screening tools, not a trend or momentum oscillator in the traditional sense. ________________________________________ Title Mansfield RS – 25 Stocks vs Index (NSE) Description (for the publish page) What it does This indicator calculates Mansfield Relative Strength (RS) for up to 25 stocks simultan"
https://www.tradingview.com/script/mb8AD1m6-Coupa-Structure-v-1/,Coupa Structure v.1,mb8AD1m6-Coupa-Structure-v-1,PUB;79fc1e1a1046469596862327572414c2,Coupacabana,indicator,2,1,0,0,0,2026-07-22T07:03:31+00:00,38,"Yeah Structure Cool and Yes. Help u to identify market structure better i guess. Just use it, make some money, donate the money, and be happy with what you have."
https://www.tradingview.com/script/kNi4UyJg/,Order Block Zones + TP/SL [KTFL],kNi4UyJg,PUB;48e7cc9903614e0886ae2b6754946dea,KTFLAcademy,indicator,1,1,42,0,0,2026-07-22T06:54:27+00:00,38,"Order Block Zones   + TP/SL  Order Block Zones is an advanced TradingView indicator built upon the LuxAlgo Order Block Detection Engine, enhanced with a complete trade planning and risk management system. It automatically identifies high-quality Supply and Demand Order Blocks, generates Entry, Stop Loss, Take Profit levels, tracks trading statistics, and provides a professional dashboard—all in a single indicator.  Key Features 📌 LuxAlgo Order Block Detection  Powered by the original LuxAlgo Ord"
https://www.tradingview.com/script/v17xjJNe-Buy-Sell-First-Hour-Strategy/,Buy Sell First Hour Strategy,v17xjJNe-Buy-Sell-First-Hour-Strategy,PUB;32f1acf3511f4a7b859862354be03041,responsibletrad8r,strategy,1,1,50,0,0,2026-07-22T06:23:16+00:00,38,the strategy is optimized on 1 hour charts to buy or sell the NQ  and if low is below 200 sma exit at 9 am for long trades
https://www.tradingview.com/script/HFJAySfA-EA-Bullish-Bearish-Script/,EA Bullish Bearish Script ,HFJAySfA-EA-Bullish-Bearish-Script,PUB;4259d78e8af94fa0bb9e1efd968403c2,reliabletrading,indicator,1,1,4,0,0,2026-07-22T06:20:08+00:00,38,Gives a trend direction on bullish or bearish direction of financial instrument.  
https://www.tradingview.com/script/CVVGXrOW-WERKTrader-NEXUS-MACRO-Harmonic-Intelligence/,WERKTrader NEXUS MACRO Harmonic Intelligence ,CVVGXrOW-WERKTrader-NEXUS-MACRO-Harmonic-Intelligence,PUB;5dcada12ab90407eae169ddfde583db8,WERKTrader,indicator,3,1,6,0,0,2026-07-22T06:18:17+00:00,38,"NEXUS MACRO Harmonic Intelligence  NEXUS MACRO Harmonic Intelligence expands market analysis beyond the current timeframe by identifying large-scale harmonic structures that develop over days, weeks and even months.  Using advanced pattern recognition, the system continuously scans higher timeframes for Standard, Modified and Exotic Harmonic Patterns, providing valuable strategic market context.  Rather than focusing on short-term price movements, NEXUS MACRO helps traders understand where the c"
https://www.tradingview.com/script/m3w6529p-XAUUSD-Scalper-Pro-by-QUANTRADZ/,XAUUSD Scalper Pro by QUANTRADZ,m3w6529p-XAUUSD-Scalper-Pro-by-QUANTRADZ,PUB;cf67b426c1064f7cada7df133d95415f,MKhaydar,indicator,1,1,17,0,0,2026-07-22T06:16:37+00:00,38,"Gold Scalping Direction & Pullback Signals is a trend-following indicator designed to identify potential BUY and SELL opportunities on XAU/USD. It is intended primarily for 1-minute, 3-minute and 5-minute charts.  The indicator combines trend direction, momentum, volatility and candle confirmation into a configurable scoring system. Signals are designed to appear only after a candle has closed, helping traders avoid acting on incomplete candles.  HOW IT WORKS  The indicator analyzes:  • EMA 20 a"
https://www.tradingview.com/script/Pdb96io5-EMA-Bounce-Futures-System-Clean-MTF/,EMA Bounce Futures System - Clean MTF,Pdb96io5-EMA-Bounce-Futures-System-Clean-MTF,PUB;739befbce9a74f85a7a150ea09c20d24,blackblaster,indicator,1,1,3,0,0,2026-07-22T06:15:14+00:00,38,"EMA BOUNCE FUTURES SYSTEM — VWAP ALERTS & MTF CONFIRMATION   This indicator is based on the primary setup I personally use when trading futures. It combines multiple exponential moving averages, session VWAP, pullback and rejection detection, higher-timeframe confirmation, risk-based profit targets, and configurable VWAP proximity alerts.  The purpose of this indicator is not to predict every market movement or automatically tell a trader when to enter. It is designed to organize the information"
https://www.tradingview.com/script/QIGakyZa-WERKTrader-NEXUS-ORIGIN/,WERKTrader NEXUS ORIGIN ,QIGakyZa-WERKTrader-NEXUS-ORIGIN,PUB;46c4690bf3e844098d743f98dd3ba12c,WERKTrader,indicator,3,1,6,0,0,2026-07-22T06:09:54+00:00,38,"# WERKTrader NEXUS  ### Advanced Multi-Layer Market Analysis  WERKTrader NEXUS is a modular analytical framework that combines multiple independent analytical models into a structured market analysis workflow.  Instead of focusing on a single indicator or isolated signal, the framework evaluates price action through multiple analytical perspectives simultaneously. Each module analyses a different aspect of market behaviour and presents its observations within the same environment.  The script is"
https://www.tradingview.com/script/RyK29NMA-Liquidity-Breakout-Matrix/,Liquidity Breakout Matrix,RyK29NMA-Liquidity-Breakout-Matrix,PUB;c6186e5355504809941ddccad53e075d,Forex_Market_Insights,indicator,1,1,170,0,0,2026-07-22T06:08:28+00:00,38,"LIQUIDITY BREAKOUT MATRIX (LBM) www.tradingview.com  ━━━━━━━━━━━━━━━━━━━━━━━━━━━━━━━━━━━━━━━━━━━━━━━━━━━━━━━━━━━━━━━━━━━━━━━━━━  OVERVIEW  Liquidity Breakout Matrix is an original consolidation-and-breakout mapping tool. It automatically detects the phases where a market stops trending and coils inside a tight liquidity pocket, draws that pocket as a structured channel on the chart, monitors the participation building up inside it, and then marks the exact bar where price resolves out of it.  Ev"
https://www.tradingview.com/script/lGspATgL-WERKTrader-NEXUS-ORIGIN/,WERKTrader NEXUS ORIGIN ,lGspATgL-WERKTrader-NEXUS-ORIGIN,PUB;821d3958e9944e26a7d06396a202621f,WERKTrader,indicator,3,1,7,0,7,2026-07-22T06:06:21+00:00,38,"         WERKTrader NEXUS Advanced Multi-Layer Market Analysis  WERKTrader NEXUS is a modular analytical framework that combines multiple independent analytical models into a structured market analysis workflow.  Instead of focusing on a single indicator or isolated signal, the framework evaluates price action through multiple analytical perspectives simultaneously. Each module analyses a different aspect of market behaviour and presents its observations within the same environment.  The script "
https://www.tradingview.com/script/TBuvpmdj-Momentum-EMA-BR-Trading-Academy/,Momentum EMA | BR Trading Academy,TBuvpmdj-Momentum-EMA-BR-Trading-Academy,PUB;ec3a5680781a4092a5922c5e4a3a1675,rajatpoonia,indicator,2,1,48,0,0,2026-07-22T06:01:08+00:00,38,Momentum EMA | BR Trading Academy  Important levels yo need to make strong bias!   Instagram : brtrading.india  Happy Trading! 
https://www.tradingview.com/script/Ww7wt0j1-Sniper-Momentum-Pro-by-CH-v1-5-LITE/,Sniper Momentum Pro by CH v1.5 LITE,Ww7wt0j1-Sniper-Momentum-Pro-by-CH-v1-5-LITE,PUB;13e22a9931ca46dbab3e11cb5acf6230,cheatherdale,indicator,2,1,3,0,1,2026-07-22T05:52:55+00:00,38,"Sniper Momentum Pro by CH v1.5 LITE  Sniper Momentum Pro by CH LITE is a momentum-based trend confirmation indicator designed to help traders identify high-probability entries, manage active trades, and recognize changing market conditions through a clean, visual workflow. It's available for all user levels of Tradingview.  Originally developed for scalping, the indicator has also proven effective for day trading and can assist swing traders with identifying trend direction and momentum shifts. "
https://www.tradingview.com/script/5nLs4Kg9-surendra-risal-Confluence-Alignment-Alert/,surendra risal Confluence Alignment Alert,5nLs4Kg9-surendra-risal-Confluence-Alignment-Alert,PUB;4a7e9a6eee6240e4a550df5e06e00d24,surendragbj,indicator,1,1,9,0,0,2026-07-22T05:47:26+00:00,38,"This indicator scans four independent signals — trend direction (EMA 9/21), momentum (MACD histogram), oscillator turns (Stochastic), and volume confirmation — and flags a bar only when all four align in the same direction. Instead of reacting to a single indicator crossing a line, it waits for genuine multi-factor agreement before marking a potential Buy or Sell zone.  How it works:  🟢 Trend: Fast EMA above/below Slow EMA and sloping in that direction 🔵 Momentum: MACD histogram positive/negativ"
https://www.tradingview.com/script/cx2NnDWk-Bonifide-PM-PD-ORB-EMA-Clouds-Structure/,Bonifide PM PD ORB EMA Clouds + Structure,cx2NnDWk-Bonifide-PM-PD-ORB-EMA-Clouds-Structure,PUB;583aa0a669b443338b7492ad397ae655,SoloFloTrades,indicator,2,1,7,0,0,2026-07-22T05:40:25+00:00,38,"What This Script Does  This is an all-in-one charting indicator that combines important price levels, trend direction, market structure, momentum, and trading reminders directly on the chart.  1. Premarket High and Low  The script tracks the highest and lowest prices during the premarket session, set by default from 4:00 a.m. to 9:30 a.m.  After premarket ends, it draws:  A green dashed line at the premarket high A red dashed line at the premarket low  These levels extend across the chart so you"
https://www.tradingview.com/script/IGyJVsAC-Bonifide-PM-PD-ORB-EMA-Clouds-Structure/,Bonifide PM PD ORB EMA Clouds + Structure,IGyJVsAC-Bonifide-PM-PD-ORB-EMA-Clouds-Structure,PUB;c44fd970aeaa4d69a94933e965a10b8b,SoloFloTrades,indicator,1,1,31,0,0,2026-07-22T05:39:30+00:00,38,"What This Script Does  This is an all-in-one charting indicator that combines important price levels, trend direction, market structure, momentum, and trading reminders directly on the chart.  1. Premarket High and Low  The script tracks the highest and lowest prices during the premarket session, set by default from 4:00 a.m. to 9:30 a.m.  After premarket ends, it draws:  A green dashed line at the premarket high A red dashed line at the premarket low  These levels extend across the chart so you"
https://www.tradingview.com/script/oLJsy4Id-RSI-Divergence-Engine-Index-Stocks-Options/,RSI Divergence Engine | Index | Stocks | Options,oLJsy4Id-RSI-Divergence-Engine-Index-Stocks-Options,PUB;2bd6c3f1302846cfb051c165be7847cc,anikethpm,indicator,1,1,22,0,0,2026-07-22T05:36:53+00:00,38,"RSI Divergence Engine with Dynamic SL/TP   An automated momentum divergence indicator designed to identify high-probability trend reversal setups across 30–40 bar swing windows.  🌟 Key Features   Positive & Negative Divergence:  Automatically detects both Bullish (BUY) and Bearish (SELL) price/RSI momentum mismatches.  Filtered Entries:  Requires RSI to cross oversold/overbought thresholds (RSI ≤ 45 for BUY, RSI ≥ 55 for SELL) to eliminate mid-range market noise.  Automated SL/TP Lines : Draws c"
https://www.tradingview.com/script/A0Oj75SN-RTC-Reliable-Trading-Circle/,[@RTC] Reliable Trading Circle,A0Oj75SN-RTC-Reliable-Trading-Circle,PUB;a61f85ac9615437584a00a3154afe4df,reliabletrading,indicator,1,1,10,0,0,2026-07-22T05:35:34+00:00,38,"Trend Chart for Risk Reversal Program, for educational purpose only identifying bullish or bearish trend.  "
https://www.tradingview.com/script/JYDDJJHG-PSRC-Institutional-CRT-Execution-Engine-5m-15m/,PSRC Institutional CRT Execution Engine [5m/15m],JYDDJJHG-PSRC-Institutional-CRT-Execution-Engine-5m-15m,PUB;380c23b86db1459ca8a809411e7739ca,PlazoSullivanRocheCapital,indicator,1,1,10,0,0,2026-07-22T05:32:26+00:00,38,"1. Purpose  The PSRC Institutional CRT Execution Engine is a rules-based decision and execution framework that identifies, qualifies, monitors and rejects market setups before capital is exposed. Its objective is selective participation in high-quality institutional-style opportunities rather than high trade frequency. Cande Range Theory stands at its core.    2. Core Logic  Liquidity sweep or raid at a meaningful market location. Decisive displacement confirming intent. Market structure validat"
https://www.tradingview.com/script/dZ6lPVGP-Institutional-Breakouts-Channel/,Institutional Breakouts Channel,dZ6lPVGP-Institutional-Breakouts-Channel,PUB;c4b34741ab4e4eb8a8cd6dfe3529a50e,Forex_Market_Insights,indicator,1,1,20,0,0,2026-07-22T05:27:40+00:00,38,"Institutional Breakouts Channel www.tradingview.com   **Institutional Breakouts Channel** is a professional market structure and breakout analysis indicator designed to help traders identify institutional accumulation, distribution, breakout opportunities, trend continuation, and dynamic support/resistance levels in real time. Instead of relying on a single technical calculation, the indicator combines adaptive price channels, volatility analysis, trend filtering, market structure evaluation, br"
https://www.tradingview.com/script/1FWUGTNt-Sniper-Momentum-Pro-by-CH-v1-5/,Sniper Momentum Pro by CH v1.5.,1FWUGTNt-Sniper-Momentum-Pro-by-CH-v1-5,PUB;5e366c5128254651b2dee0a32be89982,cheatherdale,indicator,2,1,6,0,0,2026-07-22T05:27:38+00:00,38,"Sniper Momentum Pro by CH v1.5   Sniper Momentum Pro by CH is a momentum-based trend confirmation indicator designed to help traders identify high-probability entries, manage active trades, and recognize changing market conditions through a clean, visual workflow.  Originally developed for scalping, the indicator has also proven effective for day trading and can assist swing traders with identifying trend direction and momentum shifts.  Features BUY / SELL – Primary trend continuation signals ge"
https://www.tradingview.com/script/2ynZUt4b-Bonifide-RSI-Signal-Pro/,Bonifide RSI Signal Pro,2ynZUt4b-Bonifide-RSI-Signal-Pro,PUB;e303e25e7b0e46d394ac2ea9a7501027,SoloFloTrades,indicator,2,1,4,0,0,2026-07-22T05:25:25+00:00,38,"How to Use BRSI Pro with Your AOIs  Bonifide RSI Signal Pro is designed to work with your manually plotted Areas of Interest (AOIs). It is not a standalone buy or sell indicator.  Before the trading session begins, identify and plot your long and short AOIs based on your trading strategy. These are the price zones where you believe buyers or sellers are most likely to become active.  Once price reaches one of your AOIs, wait. This is where the BRSI Pro becomes your secondary confluence.  For a L"
https://www.tradingview.com/script/RqJjfUxd-Bonifide-RSI-Signal-Pro/,Bonifide RSI Signal Pro,RqJjfUxd-Bonifide-RSI-Signal-Pro,PUB;247a002ea2aa419f92947529d8dc3829,SoloFloTrades,indicator,2,1,1,0,0,2026-07-22T05:23:26+00:00,38,"How to Use BRSI Pro with Your AOIs  Bonifide RSI Signal Pro is designed to work with your manually plotted Areas of Interest (AOIs). It is not a standalone buy or sell indicator.  Before the trading session begins, identify and plot your long and short AOIs based on your trading strategy. These are the price zones where you believe buyers or sellers are most likely to become active.  Once price reaches one of your AOIs, wait. This is where the BRSI Pro becomes your secondary confluence.  For a L"
https://www.tradingview.com/script/sCdC0U8A-Candle-Hunter-v2-0/,Candle Hunter v2.0,sCdC0U8A-Candle-Hunter-v2-0,PUB;b0942de0c03742849da4ba784b58d999,winterfell62429826,indicator,2,1,8,0,0,2026-07-22T05:15:00+00:00,38,"Candle Indicator that serves as a Professional CRT (Candle Range Theory) indicator for TradingView built for serious traders looking to identify high-probability trading setups with clean chart visualization and precise execution tools.  This advanced no repaint TradingView indicator helps traders analyze market structure, liquidity sweeps, and CRT entry confirmations for futures, forex, crypto, Bitcoin, and gold trading markets. "
https://www.tradingview.com/script/RmO0XQrE-STRAT-MASTERY-5-Symbol-Alert-Scanner/,STRAT MASTERY - 5 Symbol Alert Scanner,RmO0XQrE-STRAT-MASTERY-5-Symbol-Alert-Scanner,PUB;64d697a65c64404280ae1035eb611535,michai-media,indicator,3,2,0,0,0,2026-07-22T04:57:11+00:00,39,"Companion alert scanner for Strat Mastery. Monitor up to five customizable symbols from one chart and one TradingView alert. Each symbol can choose a setup source from 5m through Monthly or a 15m/30m ORB. Alerts are independently optional for setup print, first in-force range break, and the first confirmed 5m, 10m, 15m, 30m, or 1H candle open or close outside the range. Optional EMA-stack and VWAP-side filters keep trend confluence aligned. Create the TradingView alert using Any alert() function"
https://www.tradingview.com/script/yAjS1168-4H-Open-Gsnipes/,4H Open Gsnipes,yAjS1168-4H-Open-Gsnipes,PUB;d7d679f77a6146fda24f85581ceeee95,gamaluna12,indicator,2,1,2,0,0,2026-07-22T04:54:13+00:00,39,"4H Open Displacement Retest A precision limit-entry model built around the 4-hour open. The indicator identifies manipulation around the selected 4H open, waits for a confirmed 1-minute displacement, then projects a limit entry back at the exact 4H opening price with predefined stop loss and target. Features 4H Open tracking (10 AM, 2 PM, 6 PM & 10 PM New York sessions) Manipulation detection before setup confirmation 1-minute Market Structure Shift (MSS) & displacement validation Automatic limi"
https://www.tradingview.com/script/GEx8hDsM-Pro-10-00-Powell-Strategy-NQ-ES-by-Ash-TheTrader/,Pro 10:00 Powell Strategy [NQ ES] by Ash_TheTrader,GEx8hDsM-Pro-10-00-Powell-Strategy-NQ-ES-by-Ash-TheTrader,PUB;31384e21cfe8416e8948aaf9ac021466,Ash_TheTrader,indicator,2,1,8,0,2,2026-07-22T04:48:18+00:00,39,"Pro 10:00 Powell Strategy   by Ash_TheTrader   This indicator is just for who wanna trade base on Powell 10AM/PM method and   its not a bigdeal holygrail strategy !  Its just a hands-Free tools for users . Does it works or not ? You should test it !   This indicator is specifically designed for Nasdaq (NQ) and S&P500 (ES) traders to capitalize on the massive liquidity sweeps that happen right at the New York 10:00 AM (and PM) opening hours. It automatically detects the true opening price, tracks"
https://www.tradingview.com/script/TLrluZD3/,chanlun_professional,TLrluZD3,PUB;5768746ac2ba439c92d89bd444d59516,phai9195,indicator,3,1,3,0,0,2026-07-22T04:42:01+00:00,39,"Many users have long wanted to port the original Python-based Chan Theory morphology calculation tool to TradingView.  The reason is simple: while Python software is flexible, it requires a certain level of coding knowledge, specific runtime environments, and data processing capabilities. For most users—who simply want to view charts, conduct market reviews, monitor price action, and set alerts—TradingView is clearly more convenient.  Therefore, we have reorganized the core calculation logic fro"
https://www.tradingview.com/script/tSttNBIq-BK-AK-OG/,BK AK-OG,tSttNBIq-BK-AK-OG,PUB;e55a1343780a43828820affdca556b67,Ki11a_B,indicator,2,1,9,0,0,2026-07-22T04:41:57+00:00,39,"👑 BK AK-OG — Original Ganner 👑  Remove time from the noise. Read price by movement, structure, and pressure.  The “AK” in BK AK-OG is not branding—it is honor. It stands for my mentor, A.K.—the man whose guidance shaped my discipline, patience, market judgment, and respect for clean execution. I dedicate every indicator I build to his honor.  Above all, full credit and gratitude to G-d—the source of wisdom, timing, strength, and survival in this game.  BK AK-OG is a dual-mode market-structure fr"
https://www.tradingview.com/script/0CZttfPT-SMC-v18-Alert-Entries-Only/,SMC v18 Alert - Entries Only,0CZttfPT-SMC-v18-Alert-Entries-Only,PUB;453fd93cbc554219833acec00b97acf0,bsawtell123,indicator,1,1,0,0,0,2026-07-22T04:40:58+00:00,39,"jesus is the way and the truth and the light  , this will help thank you "
https://www.tradingview.com/script/SVnF83z5-Combined-Market-Breadth-Table/,Combined Market Breadth Table ,SVnF83z5-Combined-Market-Breadth-Table,PUB;e343f0bfd21f40bc989f5071bafc8366,Coulisnosaj,indicator,1,1,2,0,0,2026-07-22T04:35:42+00:00,39,"Overview  Combined Market Breadth Table is an overlay indicator that brings key market breadth data directly onto your chart in a clean, compact visual display. It tracks the percentage of stocks trading above major moving averages across two of the most heavily watched benchmarks: the Nasdaq 100 (NDX) and the S&P 500 (SPX).  Instead of clogging your screen with multiple lower-pane indicators, this script compiles short-term, medium-term, and long-term breadth metrics into a single table anchore"
https://www.tradingview.com/script/WNErcN4J-Monthly-ORB/,Monthly ORB,WNErcN4J-Monthly-ORB,PUB;a4f3467c8ca648d6bf0ad1d81e36c3ec,HARESHR333,indicator,2,1,7,0,0,2026-07-22T04:33:19+00:00,39,"This indicator identifies the first 15 minutes candle of each calendar month and plots its high and low as horizontal reference markers. A label  displays the percentage range between these two levels, helping traders  visually study how price has historically moved relative to the monthly first 15 minutes  opening range.  WHAT IT SHOWS - High and low of the first 15 minutes candle of each month - The range between them, expressed as a percentage - A label marking this range at each month transi"
https://www.tradingview.com/script/8AbaaOxA-Yearly-ORB/,Yearly ORB,8AbaaOxA-Yearly-ORB,PUB;d4114ebe990e46c2913ddbccb09c16cc,HARESHR333,indicator,2,1,8,0,0,2026-07-22T04:26:56+00:00,39,"This indicator identifies the first trading day of each calendar year  and plots its high and low as horizontal reference markers. A label  displays the percentage range between these two levels, helping traders  visually study how price has historically moved relative to the year's  opening range.  WHAT IT SHOWS - High and low of the first daily candle of each new year - The range between them, expressed as a percentage - A label marking this range at each year transition  HOW TO USE This tool "
https://www.tradingview.com/script/zH1Gm5I8-ICT-Suite-LuxAlgo/,ICT Suite [LuxAlgo],zH1Gm5I8-ICT-Suite-LuxAlgo,PUB;0c8c6969e2e245b4acd637b4100580ff,adrianflopez93,indicator,1,1,868,0,1,2026-07-22T04:07:28+00:00,39,"Indicator that tracks HTF liquidity, Unusual volume and HTF Candle sticks right on your screen"
https://www.tradingview.com/script/vFbbpUGi-Lowest-Volume-Pullback-Buy-Sell-Indicator/,Lowest Volume Pullback Buy/Sell Indicator,vFbbpUGi-Lowest-Volume-Pullback-Buy-Sell-Indicator,PUB;9ee7ddb8bc0542f7af2e51d2e901aef1,dewanpro,indicator,3,1,0,0,0,2026-07-22T03:57:51+00:00,39,"Bold Indicator Labels: The script now uses solid green and red labels with white text, making the BUY and SELL signals stand out clearly on any chart background.  Automated Alerts: Added alertcondition for both Buy and Sell setups. You can now click the ""Alert"" icon in TradingView, select this script, and have it send you an email, app push notification, or a webhook payload to an algo-trading platform the moment a signal prints.  Clearer Entry/Exit Markers: The pending entry level plots as blue"
https://www.tradingview.com/script/UoGioi7P-COT-Classic-FX-Crosses-COTVault/,COT Classic + FX Crosses [COTVault],UoGioi7P-COT-Classic-FX-Crosses-COTVault,PUB;92e5215eed7b4cb48aa90c6c49b3ce83,Razial1,indicator,2,1,0,0,0,2026-07-22T03:49:59+00:00,39,"Reads the CFTC's weekly Commitments of Traders (COT) report straight onto your chart — for the major futures markets AND for FX crosses that have no direct COT data of their own.  WHAT IT SHOWS — three positioning lines, indexed 0–100 so any market compares on the same scale: • Gold line — Large Speculators (funds & CTAs): the trend-chasing crowd. Near 100   = crowded long, near 0 = crowded short. • Teal line — Commercials (producers & hedgers): the other side of the specs; they   accumulate aga"
https://www.tradingview.com/script/HrU0i0ZN-ORB-Confluence-Pro/,ORB Confluence Pro,HrU0i0ZN-ORB-Confluence-Pro,PUB;a089cd66b91d4abb8f9b7972ca7e1126,girishtradesltx,indicator,1,4,5,0,0,2026-07-22T03:40:04+00:00,39,"ORB Confluence Pro   — Opening Range Breakout with VWAP + Volume Grading  Overview ORB Confluence Pro is a complete intraday Opening Range Breakout toolkit. It draws the day's opening range (5, 15, or 30 min), flags confirmed breakouts with an A/B/C quality grade, and detects ORB rejection reversals at the range edges — all restricted to the current session only so your chart stays clean.  What it does    Opening Range — Builds the OR from the first 5/15/30 minutes of the regular session, then l"
https://www.tradingview.com/script/UzKsuWiS-BK-AK-50-CAL-Ki11a/,BK AK-.50 CAL Ki11a,UzKsuWiS-BK-AK-50-CAL-Ki11a,PUB;745acc83254841cbaf12708a40d0bf49,Ki11a_B,indicator,1,1,29,0,0,2026-07-22T03:22:17+00:00,39,"⚔️ BK AK-.50 CAL Ki11a  Lock the structure. Measure the break. Track what happens next.  The “AK” in BK AK-.50 CAL Ki11a is not branding—it is honor. It stands for my mentor, A.K.—the man whose guidance shaped my discipline, patience, market judgment, and respect for clean execution. I dedicate every indicator I build to his honor.  Above all, full credit and gratitude to G-d—the source of wisdom, timing, strength, and survival in this game.  BK AK-.50 CAL Ki11a is a market-structure, pattern-cl"
https://www.tradingview.com/script/ld2VgVuu-Adjustable-Monthly-OpEx-Triple-Witching-Spectre-Trades/,Adjustable Monthly OpEx & Triple Witching - Spectre Trades,ld2VgVuu-Adjustable-Monthly-OpEx-Triple-Witching-Spectre-Trades,PUB;948cdb8d2f0a4e058e0b42b93dd793e4,SpectreTradesTX,indicator,1,1,1,0,0,2026-07-22T03:00:18+00:00,39,"The Adjustable Monthly OpEx & Triple Witching indicator is designed to help traders quickly identify important equity-index expiration dates directly on their chart.  The indicator automatically marks the third Friday of each month, which is the traditional expiration date for many monthly stock and index options. It also separately identifies the quarterly expiration dates that occur in March, June, September, and December. These quarterly dates are commonly associated with triple witching and "
https://www.tradingview.com/script/5T48ejVS-SMC-Volume-Boost-Matrix-v6/,SMC Volume Boost Matrix v6,5T48ejVS-SMC-Volume-Boost-Matrix-v6,PUB;3e0f23c994b34daf879b1178e170d16a,JohnsonForexTrader,indicator,1,1,314,0,0,2026-07-22T02:58:54+00:00,39,"◆ Overview SMC Volume Boost Matrix v6 is an advanced TradingView indicator that combines Smart Money Concepts with volume analysis to help traders identify high-probability trading opportunities. By analyzing market structure together with volume momentum, the indicator highlights areas where institutional participation may be increasing, giving traders additional context for trend continuation and potential reversals. The indicator is designed to simplify market analysis while providing clear v"
https://www.tradingview.com/script/lMf40aIr/,ICT BPR Multi-Timeframe,lMf40aIr,PUB;16f9219bc46e4307a153b630d5dd16b5,privateteam23_trading,indicator,2,1,4,0,0,2026-07-22T02:57:48+00:00,39,"**ICT BPR Multi-Timeframe**  ICT BPR Multi-Timeframe is a TradingView indicator designed to identify Balanced Price Ranges (BPR) based on the overlap between opposing Fair Value Gaps (FVGs).  The indicator scans multiple timeframes and displays valid BPR zones directly on the chart, helping traders locate areas where bullish and bearish inefficiencies overlap. These zones can act as important support, resistance, or reaction areas within ICT-style market analysis.  Key features:  - Detects Balan"
https://www.tradingview.com/script/t1U9ibuE-FULCRUM-Rates-Vol-Adjusted-Ratio-VWAP/,FULCRUM: Rates & Vol Adjusted Ratio VWAP,t1U9ibuE-FULCRUM-Rates-Vol-Adjusted-Ratio-VWAP,PUB;a981eb9fb0a54094a4ce826d2e90f3af,QuantitativeQ,indicator,1,1,2,0,0,2026-07-22T02:51:02+00:00,39,"WHAT IT DOES  The fulcrum of the index complex: a rates-and-volatility-adjusted VWAP for the relationship between two markets. It rebuilds the NQ/ES ratio bar by bar — 2500·NQ/ES, normalized by VXN×US10Y — then anchors a volume-weighted mean with ±1σ and ±2σ bands on that relative-value series. One line that says whether tech is rich or cheap against the broad market, and how stretched the move is. It lives in its own pane, works on any chart, and configures itself.  HOW IT WORKS  Both legs are "
https://www.tradingview.com/script/4CWZsrh4-session-ranges-strategy-v1-by-Mateo/,session ranges strategy v1 by Mateo,4CWZsrh4-session-ranges-strategy-v1-by-Mateo,PUB;8f1f624e479741b58f0479b16ae7f770,zyhn123,indicator,1,1,0,0,0,2026-07-22T02:46:21+00:00,39,shows all sessions on the chart with a very clean minimalistic look
https://www.tradingview.com/script/Mo8Bax2I-XRS-Pro-Auto-Anchored-VWAP-SFP-Reversals-Alerts-EMA-SMA/,XRS Pro Auto Anchored VWAP + SFP Reversals Alerts + EMA/SMA,Mo8Bax2I-XRS-Pro-Auto-Anchored-VWAP-SFP-Reversals-Alerts-EMA-SMA,PUB;687fc0625acd4a7bb75e7bc328049239,xrstrading,indicator,1,2,353,0,1,2026-07-22T02:40:26+00:00,39,"XRS Pro Auto Anchored VWAP + SFP Reversals Alerts + EMA/SMA   Professional multi-session VWAP, institutional standard deviation bands, structurally validated Swing Failure Pattern (SFP) detection, intelligent alerts, and optional moving averages—all designed specifically for futures traders.  Unlike most VWAP indicators that only plot a line, this indicator combines multiple institutional reference points with automated reversal detection to help identify high-probability reaction areas and mean"
https://www.tradingview.com/script/e6afosiE-2804-psych-levels-sdz-lite/,2804 Psych. Levels + SDZ (Lite),e6afosiE-2804-psych-levels-sdz-lite,PUB;42bc0c94293c4534a1fc10051f763351,Crypto_Wolfic,indicator,3,2,4,0,0,2026-07-22T02:38:07+00:00,39,"2804 Psych. Levels + SDZ (Lite) — a ready-to-use set of technical analysis tools on a single chart. The indicator combines seven popular price analysis methods and automatically notifies you of important events.  What the Indicator Shows Psychological Levels — round price marks that traders consider significant. Three groups: strong, medium, and intraday. The price of each level is displayed directly on the chart.  Supply/Demand Zones — areas where large players have made purchases or sales. The"
https://www.tradingview.com/script/4KXJxA57-Reversion-Pulse/,Reversion Pulse,4KXJxA57-Reversion-Pulse,PUB;1a25b79a2ea34fb3b4bd67c76adf043e,DefiDigits,indicator,3,1,1,0,0,2026-07-22T02:27:05+00:00,39,"Reversion Pulse plots price as a z-score, showing how many standard deviations it sits from its rolling mean. Overbought and oversold zones shade in red and green, with graded dots marking how extreme each swing gets (1st, 2nd, or 3rd deviation level). Buy and sell triangles fire only when price turns and crosses back through the threshold, not on the first touch, so signals wait for confirmation. "
https://www.tradingview.com/script/o6nR3aEP-Intraday-Liquidity-Sessions-dpTrades/,Intraday Liquidity Sessions [dpTrades],o6nR3aEP-Intraday-Liquidity-Sessions-dpTrades,PUB;f6cc8ffe46f942168a3d630227812650,dptradees,indicator,1,1,12,0,0,2026-07-22T02:14:01+00:00,39,"Intraday Liquidity Sessions    WHAT IT IS An intraday view of session liquidity. It draws the New York, London and Tokyo sessions, and adds an analytics layer that plain session tools do not have: it marks when a session runs the liquidity left by its own previous instance, and reports whether each session is expanding or compressing relative to its own recent behaviour. ""Liquidity"" here means the session highs and lows that resting orders sit against, not a volume heatmap.  WHY THESE COMPONENTS"
https://www.tradingview.com/script/fBZAc45p-Volumized-FVG-CanadianSvip/,Volumized FVG | CanadianSvip,fBZAc45p-Volumized-FVG-CanadianSvip,PUB;821bea69451a4297a961878271f0f168,canadiansvip,indicator,2,1,5,0,0,2026-07-22T02:02:16+00:00,39,"Fair Value Gaps highlight price imbalances that are often revisited before the market continues its trend.  The indicator supports:  • Bullish & Bearish FVG • Adjustable Range • Width Filtering • Volume Information • Percentage Display  FVGs become even more powerful when they align with Order Blocks and Liquidity Zones. Thanks, Canadiansvip."
https://www.tradingview.com/script/OvkG57U6-Volumized-OB-CanadianSvip/,Volumized OB | CanadianSvip,OvkG57U6-Volumized-OB-CanadianSvip,PUB;602bf72e45834000a5ac011f66704b52,canadiansvip,indicator,2,1,9,0,0,2026-07-22T01:55:45+00:00,40," Volumized Order Blocks represent areas where institutions and large market participants have previously entered significant positions. The indicator automatically detects Bullish and Bearish Order Blocks while allowing users to customize:  • Swing Length • Range • Number of Zones • Volume Display • Percentage Display  These zones can be used as potential support, resistance, continuation, or reversal areas. Thanks, Canadiansvip."
https://www.tradingview.com/script/yHklJ9PR-BK-AK-F47-FP/,BK AK-F47 FP,yHklJ9PR-BK-AK-F47-FP,PUB;12ea0821814a43fe988bc3b8af15c95b,Ki11a_B,indicator,2,1,5,0,0,2026-07-22T01:54:18+00:00,40,"BK AK-F47 FP  Flow measured. Volatility classified. Timing normalized. Confluence tested.  The “AK” in BK AK-F47 FP is not branding—it is honor. It stands for my mentor, A.K.—the man whose guidance shaped my discipline, patience, market judgment, and respect for clean execution. I dedicate every indicator I build to his honor, and his standard sits behind every decision built into this system.  BK AK-F47 FP is a volume, money-flow, momentum, volatility, session-delta, and footprint-analysis fram"
https://www.tradingview.com/script/QjOFE86I-Kale-Rejection-Blocks-John-3-16/,Kale Rejection Blocks - John 3:16,QjOFE86I-Kale-Rejection-Blocks-John-3-16,PUB;cbceb6027f394fdfb69cb313afd58d6e,lezama03,indicator,1,1,6,0,0,2026-07-22T01:44:01+00:00,40,"Automatically marks rejection blocks — the wick-rejection zones at swing highs and lows where price tends to react. Red blocks above price are bearish rejection zones; teal blocks below are bullish. A block flashes RB TAP when price first enters it (alert condition included) and deletes itself once a body closes through — so only live, relevant zones stay on the chart. Detection: at each confirmed swing point, the pivot candle qualifies when its rejection wick is at least 0.35 of the candle rang"
https://www.tradingview.com/script/vmaIi2sJ-Ladder-Levels/,Ladder Levels,vmaIi2sJ-Ladder-Levels,PUB;6bc7b844fb1f4bb88c118b982afd6759,deondrecfloyd,indicator,1,2,3,0,0,2026-07-22T01:39:02+00:00,40,"Liquidity Ladder Levels is a dynamic grid indicator that automatically maps out key psychological price levels around the current market price. Instead of manually drawing support and resistance lines, this tool follows the live price and automatically draws a structural grid on your chart: Major Levels (Red Lines): Placed exactly every 100 points (e.g., 4100, 4200) to highlight major psychological barriers and institutional targets. Minor Steps (Dotted Gray Lines): Placed every 20 points betwee"
https://www.tradingview.com/script/sFHTtJTG-SwingTrades-Long-30Mins/,SwingTrades-Long-30Mins,sFHTtJTG-SwingTrades-Long-30Mins,PUB;3a32997f4fe04cfeabf7873bacb894db,pallepati,indicator,1,1,3,0,0,2026-07-22T01:37:15+00:00,40," // ===================================================================================== // SwingTrades-Long-30Mins — WHAT THIS INDICATOR DOES AND HOW (read this first) // ===================================================================================== // THIS IS HALF OF A PAIR //   SwingTrades-Long used to be one script covering 4 categories (MT, 3Q, TR, R). It //   has been split into two independent indicators so each runs on the timeframe that //   actually fits its checks: //     - Sw"
https://www.tradingview.com/script/Ad9mlswl-Ladder-Levels/,Ladder Levels,Ad9mlswl-Ladder-Levels,PUB;879d2f8e2f0e4b369c0591ea568aec7a,deondrecfloyd,indicator,1,1,12,0,0,2026-07-22T01:34:54+00:00,40," The Dynamic 100s & 20pt Increment Grid System is a purely mechanical, price-tracking visualizer that automatically surrounds the current price action with a highly structured, institutional-style number grid. Instead of manually drawing horizontal levels for psychological numbers, this engine mathematically locks onto the nearest 100-point level and dynamically projects a 2,000-point grid (1,000 points above and 1,000 points below) that moves with the market in real-time. Core Features Major Ps"
https://www.tradingview.com/script/8LjAInFS-SwingTrades-Long-Daily/,SwingTrades-Long-Daily,8LjAInFS-SwingTrades-Long-Daily,PUB;9c1ff0b82f5b4deca125e30e36e01a20,pallepati,indicator,1,2,2,0,0,2026-07-22T01:34:44+00:00,40," // ===================================================================================== // SwingTrades-Long-Daily — WHAT THIS INDICATOR DOES AND HOW (read this first) // ===================================================================================== // THIS IS HALF OF A PAIR //   SwingTrades-Long used to be one script covering 4 categories (MT, 3Q, TR, R). It //   has been split into two independent indicators so each runs on the timeframe that //   actually fits its checks: //     - Swi"
https://www.tradingview.com/script/9whabeog-Interval-IQ-Core-v2-2-Professional/,Interval IQ Core v2.2 Professional,9whabeog-Interval-IQ-Core-v2-2-Professional,PUB;d3bf25307a4e49bcb8cca8a24759d5c0,Coolwave3,indicator,2,1,2,0,0,2026-07-22T01:27:49+00:00,40,"Interval IQ Core v2.2 Professional  Interval IQ Core is a quantitative market framework designed to measure volatility, identify statistically significant price intervals, and project high-probability market structure throughout the trading session.  Instead of relying on traditional indicators, Interval IQ uses a dynamic Risk Interval calculated from recent market behavior to generate objective reference levels for traders.  Features  • Dynamic Risk Interval calculation • Automatic DD Bands (Da"
https://www.tradingview.com/script/VuRB0U3Z-BK-AK-Ballistics/,BK AK-Ballistics,VuRB0U3Z-BK-AK-Ballistics,PUB;1ad6df7679084c85960e15c31c87baf1,Ki11a_B,indicator,1,1,12,0,2,2026-07-22T01:26:13+00:00,40,"BK AK-Ballistics  Order flow measured. Auction pressure exposed. Context made visible.  The “AK” in BK AK-Ballistics is not branding—it is honor. It stands for my mentor, A.K.—the man whose guidance shaped my discipline, patience, market judgment, and respect for clean execution. I dedicate every indicator I build to his honor, and his standard sits behind every decision built into this system.  BK AK-Ballistics is an order-flow and auction-intelligence dashboard designed to show which side is c"
https://www.tradingview.com/script/UplJAFpw/,USD GAP RATIO (USD/KRW vs DXY),UplJAFpw,PUB;6c2d2606896747e6bac51a015f641da1,Cheonan,indicator,1,1,1,0,0,2026-07-22T01:24:22+00:00,40,"  FX_IDC:USDKRW    This custom indicator measures the relative value of the USD/KRW exchange rate against the global US Dollar Index (DXY) to identify premium and discount zones.  By dividing DXY by USD/KRW, it captures structural anomalies where the Korean Won becomes temporarily overvalued despite strong global dollar sentiment. It utilizes a 240-day Simple Moving Average (SMA) as a baseline to signal mean-reversion trading opportunities.  Long Entry (Buy Signal):""When the blue Gap Ratio line "
https://www.tradingview.com/script/yYLR6nP7-4-EMA-Pullback-Buy-Sell-Signal/,4 EMA Pullback - Buy Sell Signal,yYLR6nP7-4-EMA-Pullback-Buy-Sell-Signal,PUB;ac9b0b3d9c604eafb89839b6e41d7467,namtran1206,indicator,2,1,4,0,0,2026-07-22T01:18:10+00:00,40,pullback EMA 34 should be combined with market trend and candle confirmation
https://www.tradingview.com/script/ufwp6kfL-Dumb-Money-Concepts-v2-1-projectsolid/,Dumb Money Concepts v2.1 projectsolid,ufwp6kfL-Dumb-Money-Concepts-v2-1-projectsolid,PUB;0d1a384b3765488aa1fba9c7a4ef9f00,projectsolid,indicator,1,1,5,0,0,2026-07-22T01:16:50+00:00,40,marks out the levels using dumb money concepts. it also has a table to help identify trends of different time frames
https://www.tradingview.com/script/yua6y3NH-Ultimate-4H-Candle-Range-Liquidity-Levels/,Ultimate 4H Candle Range & Liquidity Levels,yua6y3NH-Ultimate-4H-Candle-Range-Liquidity-Levels,PUB;85b6025e01a9480ab97fee9ec649dd54,OptionFlows,indicator,2,1,1,0,0,2026-07-22T01:12:22+00:00,40,"​This indicator is designed for intraday traders (5m, 15m, 1h) who use higher-timeframe context to find high-probability setups. It visually highlights the Previous 4-Hour Candle Range and marks its High and Low as key liquidity levels or targets. ​Key Features: ​Body Range Highlighting: Automatically colors the background based on whether the previous 4H candle was Bullish (Green) or Bearish (Red). ​Dynamic Liquidity Levels: Draws clear, dashed lines at the Previous 4H High and Low. These act a"
https://www.tradingview.com/script/fC8Q3lOD-QQQ-GEX-Levels-NQ-Converterv1/,QQQ GEX Levels  NQ Converterv1,fC8Q3lOD-QQQ-GEX-Levels-NQ-Converterv1,PUB;cc80c6e3f3e74e4fba3b8bd5fd84c514,B26206,indicator,1,1,1,0,0,2026-07-22T00:40:52+00:00,40,check  setting to see what needs to be input then it will be marked out
https://www.tradingview.com/script/q3Cix4hO-Trading-Sessions-by-iezo/,Trading Sessions by iezo,q3Cix4hO-Trading-Sessions-by-iezo,PUB;dbfb44e379bf4bdcabb250c5192a915d,iezoo,indicator,2,1,3,0,0,2026-07-22T00:39:00+00:00,40,"Trading Sessions by iezo   A session tool built around a live dashboard, not just background boxes. Instead of only shading the chart, it tracks each session's price action in real time and surfaces it in a clean corner panel — so you can read what every session is doing at a glance without hunting across the candles.   What it does   Marks the Tokyo, London and New York sessions directly on your chart with high/low range boxes and open/close markers, while keeping the candles clear of clutter. "
https://www.tradingview.com/script/EDqPgYul-Buy-Volume-Momentum-Alert-Fairy-Students/,Buy Volume Momentum Alert Fairy Students,EDqPgYul-Buy-Volume-Momentum-Alert-Fairy-Students,PUB;866e6225364e43a3b9d51fe1ff03ad43,karmenstewart2,indicator,1,1,4,0,0,2026-07-22T00:26:15+00:00,40,Indicator that tells you when buy volume is increasing.
https://www.tradingview.com/script/jP2NDoqE-QQQ-GEX-Levels-NQ-Converter/,QQQ GEX Levels NQ Converter,jP2NDoqE-QQQ-GEX-Levels-NQ-Converter,PUB;745925df2ea848d497eb22a79935eebc,B26206,indicator,1,1,3,0,0,2026-07-22T00:23:45+00:00,40,vkdbkhewbkwbfhkbqwdknwkjnxiewbfiuebcbeqkhcbehbhewbchbehxbewh
https://www.tradingview.com/script/EAbTcqgt/,Breakout Horizon Time,EAbTcqgt,PUB;d0d47ab592c7461e986874ec00eb06e5,muscleup86,indicator,2,4,3,0,0,2026-07-21T23:59:32+00:00,40,"Breakout Horizon Time is a historical breakout analysis indicator for MNQ, MGC, MCL and CL futures on the 15-minute chart.  The indicator evaluates predefined breakout time windows, assigns each setup a fixed Setup ID and displays the results by weekday and German local time. The table shows the number of historical trades, wins, losses, historical win rate and the result of the selected trading week.  Only setups that meet the internal historical qualification rules and produced a winning trade"
https://www.tradingview.com/script/r6dYjxFT/,Breakout Horizon Engine,r6dYjxFT,PUB;9ae4f9ad65d94bcab119da6788fe6712,muscleup86,strategy,2,4,5,0,1,2026-07-21T23:57:57+00:00,40,"Breakout Horizon Engine is a breakout strategy designed for MNQ, MGC, MCL and CL futures on the 15-minute chart.  The strategy evaluates predefined time windows, builds a price range and enters a trade when price closes outside that range. Stop-loss and take-profit levels are calculated automatically and displayed directly on the chart. If the range is outside the internally defined limits, no trade is opened.  The integrated analyzer displays the historical performance of the selected breakout "
https://www.tradingview.com/script/pA15ncRw-TradeScore-Checklist-FVG-Strategy/,TradeScore Checklist & FVG Strategy,pA15ncRw-TradeScore-Checklist-FVG-Strategy,PUB;e2638461540c4134a494434d6eaf796b,willibeamen18,indicator,2,1,1,0,0,2026-07-21T23:48:39+00:00,40,"FVG with checklist **Entry Sequence:** Once price has taken out the MOST RECENT DOL and you have identified the reaction whether it's Bullish or Bearish from a DOL continuation OR DOL Sweep, depending on your bias, if there's a FVG that aligns with this bias, you can look for price to RETRACE into this FVG (not inverse) and depending on the FVG, you can look for bounce/rejection  **Invalid Conditions:** - Red Folder news coming out as you're about to enter  - Any Economic/War related news happen"
https://www.tradingview.com/script/cEjggYuW-CQ-I-Multi-Chart-Widget-Phases-Pivots-Fibonacci-V2/,CQ_(I)_Multi-Chart Widget Phases + Pivots + Fibonacci V2,cEjggYuW-CQ-I-Multi-Chart-Widget-Phases-Pivots-Fibonacci-V2,PUB;9e13aef4072a4074a06610a4d1ae87ff,CQuevedo345,indicator,1,4,41,0,3,2026-07-21T23:20:00+00:00,40,"================================================================================  CQ_(I)_MULTI-CHART WIDGET PHASES + PIVOTS + FIBONACCI V2  USER MANUAL ================================================================================  ATTRIBUTION -------------------------------------------------------------------------------- This script reuses the public ""Multi-Chart Widget"" mini-chart rendering engine originally published by LuxAlgo (symbol/timeframe fetching, mini candle/line/ area/volume-cand"
https://www.tradingview.com/script/FCeWYAIP-Backtest-and-Beyond-CT-CPCV-Research-Lab-v1-2-Pine-v6/,Backtest and Beyond? CT CPCV Research Lab v1.2 [Pine v6],FCeWYAIP-Backtest-and-Beyond-CT-CPCV-Research-Lab-v1-2-Pine-v6,PUB;136918ee98d84605801070a516a149d2,ComplexityTrading,indicator,1,1,7,0,0,2026-07-21T23:18:23+00:00,40,CT CPCV Research Lab v1.2  One profitable backtest does not prove you've found a profitable trading strategy.   It proves only one thing:  Your strategy worked once...on one version of history.  The real question is:  Would it still work if history had unfolded differently?   Professional quantitative researchers have been asking that question for decades.  This framework brings that same question—and one possible way of answering it—to individual traders.    What this description covers  By the
https://www.tradingview.com/script/PuxjlC8c-Smart-Money-Concepts-PRO-ITA/,Smart Money Concepts PRO [ITA],PuxjlC8c-Smart-Money-Concepts-PRO-ITA,PUB;29327984fa674ce9b1e70ed9b2e2e259,itamardrori_,indicator,1,1,68,0,0,2026-07-21T23:10:52+00:00,40,"Smart Money Concepts in one clean script. Auto-detects swing structure (HH/HL/LH/LL), marks Break of Structure and Change of Character, plots Order Blocks and Fair Value Gaps with full mitigation tracking.  Built for traders who want SMC visualization without multiple separate indicators cluttering the chart.  Features: - Market structure labels (HH, HL, LH, LL) - BOS and CHoCH detection with directional logic - Auto-drawn Order Blocks with mitigation removal - Fair Value Gaps with fill detectio"
https://www.tradingview.com/script/3x2FaCgY-Key-Opens-Session-Tracker-Highs-Lows-NWOG/,Key Opens & Session Tracker + Highs/Lows & NWOG,3x2FaCgY-Key-Opens-Session-Tracker-Highs-Lows-NWOG,PUB;f7178758fa224ce9b2975a0e45a93493,brettsimon1998,indicator,1,1,1,0,0,2026-07-21T23:00:49+00:00,40,Key Opens and NWOG All in one ready to go. Made to help keep track of key levels
https://www.tradingview.com/script/F6WR1PTZ-Prior-TF-High-Low-Liquidity-Sweep-Grid-By-Divelope/,Prior TF High/Low + Liquidity Sweep Grid - By Divelope,F6WR1PTZ-Prior-TF-High-Low-Liquidity-Sweep-Grid-By-Divelope,PUB;73e224d3ccc8494e94d8757cb7d651a9,daveinzone10,indicator,2,1,0,0,0,2026-07-21T22:56:17+00:00,41,"Plots the high and low of the prior completed candle across up to 10 independent timeframes simultaneously, and automatically detects when a liquidity sweep is in play on each one — with a live status grid and built-in alerts.  What is a liquidity sweep? A liquidity sweep occurs when price pushes through a prior period's high or low — triggering stops and grabbing liquidity — but fails to hold beyond that level and closes back inside the prior range. This is a classic sign of a stop-hunt / trap "
https://www.tradingview.com/script/LRoXDzKb-Prior-TF-HI-and-LO-Liquidity-Sweep-By-Divelope/,Prior TF HI and LO Liquidity Sweep - By Divelope,LRoXDzKb-Prior-TF-HI-and-LO-Liquidity-Sweep-By-Divelope,PUB;3a2cc073231f48aa8da7bdaa3b2b4fd4,daveinzone10,indicator,2,1,1,0,0,2026-07-21T22:54:14+00:00,41,"Prior Timeframe High/Low + Liquidity Sweep Detector  Plots the high and low of the prior completed candle across up to 10 independent timeframes simultaneously, and automatically detects when a liquidity sweep is in play on each one — with a live status grid and built-in alerts.  What is a liquidity sweep? A liquidity sweep occurs when price pushes through a prior period's high or low — triggering stops and grabbing liquidity — but fails to hold beyond that level and closes back inside the prior"
https://www.tradingview.com/script/orfcBClp-DAX40-Adaptive-Momentum-5mn/,DAX40 Adaptive Momentum - 5mn,orfcBClp-DAX40-Adaptive-Momentum-5mn,PUB;0fd68640cf644041804bede60f0a3a0a,ManuBokar,strategy,2,2,1,0,1,2026-07-21T22:42:41+00:00,41,"DAX 40 Adaptive Momentum — Regime-Aware Intraday Scalping Strategy (full automation available)  ❗ Important — Read Before Anything Else  1. This strategy is designed and calibrated exclusively for one specific instrument: ticker `DAX` — ""Germany 40 Cash"" from IG Markets.** This ticker is publicly available on TradingView to *all* users — you do **not** need an IG account to load it, chart it, or run this strategy on it. Simply search ""DAX"" / Germany 40 Cash (IG) in the symbol search. The strateg"
https://www.tradingview.com/script/zcrpq0E5-BK-AK-Solomon-s-Seal/,BK AK-Solomon's Seal,zcrpq0E5-BK-AK-Solomon-s-Seal,PUB;99d11f9aae264e0e8b13a7f31bf6e17e,Ki11a_B,indicator,3,1,7,0,1,2026-07-21T22:37:38+00:00,41,"BK AK-Solomon's Seal  Market memory identified. Evidence tested. Execution permission earned. Risk defined.  The “AK” in BK AK-Solomon’s Seal is not branding—it is honor. It stands for my mentor, A.K.—the man whose guidance shaped my discipline, patience, market judgment, and respect for clean execution. I dedicate every indicator I build to his honor, and his standard sits behind every decision built into this system.  BK AK-Solomon’s Seal is a market-memory, multi-timeframe analysis, and execu"
https://www.tradingview.com/script/Q62dlCPw-Liquidity-Thermodynamics-Engine-V9-Lite/,Liquidity Thermodynamics Engine V9 Lite,Q62dlCPw-Liquidity-Thermodynamics-Engine-V9-Lite,PUB;255c5eae6fe4413492f7994dfa2a4540,SP7712,indicator,1,1,6,0,0,2026-07-21T22:32:04+00:00,41,"Liquidity Thermodynamics Engine V9 Lite is a macro-liquidity oscillator designed to highlight liquidity impulse, acceleration, compression, divergence, and follow-through conditions.  It is a lite core version of a more heavy research model that explores liquid thermodynamic phase models as the physics corresponds to capital flows.    The indicator combines major liquidity inputs into a normalized composite, then tracks when liquidity impulse strengthens, compresses, diverges from price, or alig"
https://www.tradingview.com/script/HUKJHTY7-Low-Float-Momentum-Screener/,Low Float Momentum Screener,HUKJHTY7-Low-Float-Momentum-Screener,PUB;ffd304ed4cb147cfbfc9cbc6147d680a,thestockmarketprincess,indicator,1,1,2,0,0,2026-07-21T22:11:28+00:00,41,"What each line does:     Float  — pulls the actual public float directly from TradingView's data, not an estimate  RelVolume  — today's volume divided by the average volume of the prior 10 bars (adjustable via the input at the top)  ChangePct  — percent move from today's open to current price Price — just so you can see the price alongside the other three without switching tabs"
https://www.tradingview.com/script/7izzY8W2-Nasdaq100-Adaptive-Momentum/,Nasdaq100 Adaptive Momentum,7izzY8W2-Nasdaq100-Adaptive-Momentum,PUB;75ea7475e5a542b281cf31b1527daafa,ManuBokar,strategy,2,1,0,0,1,2026-07-21T22:09:58+00:00,41,"Nasdaq 100 Adaptive Momentum — Regime-Aware Intraday Strategy (full automation script available)  ❗ Important — Read Before Anything Else  **1. This strategy is designed and calibrated exclusively for one specific instrument: ticker `NASDAQ` — ""US Tech 100 Cash"" from IG Markets.** This ticker is publicly available on TradingView to *all* users — you do **not** need an IG account to load it, chart it, or run this strategy on it. Simply search ""NASDAQ"" / US Tech 100 Cash (IG) in the symbol search."
https://www.tradingview.com/script/8svDJbNU-SMC-Suite-Institutional/,SMC Suite Institutional,8svDJbNU-SMC-Suite-Institutional,PUB;7c95d2376a724434a23e23a992f6059f,JLMG-1,indicator,1,1,30,0,0,2026-07-21T22:08:37+00:00,41,"Institutional Smart Money indicator that detects high-probability Fair Value Gaps, Order Blocks, Break of Structure, Change of Character, Liquidity Sweeps and Market Context using multi-timeframe analysis.  Características Institutional FVG Order Blocks BOS CHoCH Liquidity Premium & Discount Dashboard Market Context Volume Analysis"
https://www.tradingview.com/script/pCiTl2O9-Active-MP-Zones-VM-KiomarsRakei/,Active MP Zones[VM][KiomarsRakei],pCiTl2O9-Active-MP-Zones-VM-KiomarsRakei,PUB;b48279610d7e40b09e81a894d09f5e63,KiomarsRakei,indicator,3,1,0,0,0,2026-07-21T22:07:41+00:00,41,█  Core Concept   Companion oscillator to the main Missed Zones script (volume method format). It continuously counts how many detected missed zones are still open (not yet revisited by price).  █  How the Counting Works   Uses the same volume-acceleration logic to detect potential missed zones. Valid zones are added to an active list while price remains away from them. Zones are removed when price touches the target or when they expire beyond the lookback. The oscillator plots the real-time cou
https://www.tradingview.com/script/65UsDSyQ-NeuralX-2-0/,NeuralX 2.0,65UsDSyQ-NeuralX-2-0,PUB;c00e410c53f3426485b4c94771255d21,NeuralX,indicator,3,1,2,0,0,2026-07-21T22:03:38+00:00,41,"A complete ICT time-and-price framework for index futures traders (NQ · ES · YM). Every session boundary, macro cycle, key open, and cross-symbol divergence is tracked automatically and rendered with surgical precision. Zero setup for the SMT layer — it auto-detects your chart from the NQ / ES / YM triad and applies the correct correlation model. Everything wipes cleanly at 18:00 ET daily rollover.  TRADING SESSIONS (New York time)  Four sessions, each with the appropriate ICT structure:  Asia ("
https://www.tradingview.com/script/bi73k7Vp-ATR-Chandelier-Stop/,ATR Chandelier Stop,bi73k7Vp-ATR-Chandelier-Stop,PUB;57fae70a1cdf4ed4bc045ba1a983e6ab,TradeControlHQ,indicator,1,13,5,0,0,2026-07-21T21:56:56+00:00,41,"Trade Control Adaptive ATR Chandelier Stop   The Trade Control Adaptive ATR Chandelier Stop is a volatility based trailing stop designed for swing and position traders who want a more objective way to manage exits and protect gains.  Instead of applying the same fixed percentage stop to every stock, the indicator uses Average True Range, or ATR, to account for how much each symbol typically moves. More volatile stocks receive wider stop levels, while lower volatility stocks receive tighter stop "
https://www.tradingview.com/script/46vUsitb/,Prime Strategy Swing,46vUsitb,PUB;c12091a8ab6a496997764a25482066f7,NicoCashFx,indicator,1,1,88,0,0,2026-07-21T21:40:28+00:00,41,"Market Structure (BOS/CHoCH) Automatically detects Break of Structure and Change of Character on a configurable higher timeframe, plotting labeled structure lines so you always know the current trend bias.  Swing Highs/Lows Marks HH/LH/LL/HL swing points on a separate configurable timeframe, giving a clean read of higher-timeframe price action independent of your chart's timeframe.  Liquidity Pools Tracks the last 5 unmitigated swing highs and lows as extending liquidity lines, automatically rem"
https://www.tradingview.com/script/hBvocT2Y/,ApexSignal Multi-Factor,hBvocT2Y,PUB;29551ac8b52c40dd9372747afe0e6beb,BrunoJustri,indicator,3,2,3,0,0,2026-07-21T21:37:14+00:00,41,"Apex Signal is an invite-only indicator designed to identify trading opportunities  through a combination of trend tracking, momentum confirmation, volatility analysis,  and volume filters.  How It Works  Trend direction is determined using a volatility-adaptive trend-following system  in the style of SuperTrend, combined with a stacked EMA confirmation layer to  validate directional bias across multiple periods.  Momentum is confirmed through a multi-period momentum oscillator that measures  ac"
https://www.tradingview.com/script/9tlD7uMl-1M-Opening-POC-Lines/,1M Opening POC Lines,9tlD7uMl-1M-Opening-POC-Lines,PUB;dd0fec196ad0456caef29e9f0d9510af,husseinbahdon1,indicator,1,1,7,0,0,2026-07-21T21:25:32+00:00,41,1M Opening POC Lines1M Opening POC Lines1M Opening POC Lines1M Opening POC Lines1M Opening POC Lines
https://www.tradingview.com/script/msbDd8DN-BWH-FLD-Retest-Experiment-Forward-Projection/,BWH FLD Retest Experiment - Forward Projection,msbDd8DN-BWH-FLD-Retest-Experiment-Forward-Projection,PUB;372c704c5ba148ab95414876c620e4dc,Brycehasenauer,indicator,2,1,2,0,0,2026-07-21T21:04:21+00:00,41,"For NQ1! This has the white dot (20FLD Price Cross), 56, 72, and 200 FLD all Projected forward along with the future dots. Future dots turn green after the 56/72 Target is hit."
https://www.tradingview.com/script/HyvLiO9y-PT-Intraday-Levels-CDH-CDL-PWH-PWH-PDH-PDL/,"PT - Intraday Levels - CDH/CDL, PWH/PWH, PDH/PDL",HyvLiO9y-PT-Intraday-Levels-CDH-CDL-PWH-PWH-PDH-PDL,PUB;c6821ac8570d4435934dfd47e8dcf43f,urakathprince,indicator,2,1,1,0,0,2026-07-21T20:54:31+00:00,41,"PT - Intraday Levels    Overview   This indicator plots the levels an intraday trader tends to keep on the chart all week: the high and low of the current day and current week as they develop, the high and low of the four previous trading days, and the high and low of the two previous weeks. Every level is drawn as a horizontal line with a price label, weighted by age so the most recent references stand out and older ones recede.   What is drawn   Sixteen levels in four tiers, distinguished by l"
https://www.tradingview.com/script/YmVlC1Ta-ORIVU-VSA-Pro/,ORIVU VSA Pro,YmVlC1Ta-ORIVU-VSA-Pro,PUB;9a61f44d47934ce494d7f4c5062c0a5b,JitenderGehlawat,indicator,2,1,0,0,0,2026-07-21T20:45:04+00:00,41,"Volume Spread Analysis (VSA) Indicator  This VSA (Volume Spread Analysis) indicator helps traders identify potential buying and selling opportunities by analyzing the relationship between price spread and trading volume. It highlights signs of professional accumulation, distribution, strength, and weakness in the market, enabling traders to better understand market sentiment and possible trend reversals. Suitable for stocks, indices, commodities, and forex across multiple timeframes.  Key Featur"
https://www.tradingview.com/script/8tVvOuvp-MZ-PIVOTS/,MZ PIVOTS,8tVvOuvp-MZ-PIVOTS,PUB;90f26f6c24ea4971bea2264a31ca4f4d,OnebadM6,indicator,3,1,2,0,0,2026-07-21T20:28:30+00:00,41,"Pivots which price will gravitate towards. IYKYK.   MSG ME FOR INVITE. Once price breaks the level, it tends to run to the next pivot. "
https://www.tradingview.com/script/tG5T4W08-M2K-Signals/,M2K Signals,tG5T4W08-M2K-Signals,PUB;d13c906fd87c4ea99ac8ff8b4e739fb1,fiveGhost,indicator,2,1,3,0,0,2026-07-21T20:28:07+00:00,41,5pectre. This is created entirely by Gemini and verbal tweaks from myself based on charts of M2k.
https://www.tradingview.com/script/fy7DPws8/,Trend & Momentum Strategy Lite.BF,fy7DPws8,PUB;11de901a04d143efb5a38f65e7ee266f,BOUARFA-SMC,indicator,1,2,41,0,0,2026-07-21T20:25:05+00:00,41,"Trend & Momentum Strategy Lite is a clean, efficient, and professional Pine Script v6 indicator designed for trend-following and momentum trading. It combines Exponential Moving Averages (EMA) with Relative Strength Index (RSI) momentum filters to generate high-probability Buy and Sell signals while minimizing market noise.  Key Features Smart Trend Filtering: Utilizes fast and slow EMAs combined with an RSI momentum filter to ensure trades are taken strictly in the direction of the dominant tre"
https://www.tradingview.com/script/ByPaYOnp-OmniSync-Sessions/,OmniSync Sessions,ByPaYOnp-OmniSync-Sessions,PUB;cdacaa7f001c487295c364b098a2fd90,JC0007,indicator,1,1,12,0,0,2026-07-21T20:24:05+00:00,41,"📊  OmniSync Sessions   A complete session-based trading toolkit combining Asia/London/NY session levels, first-FVG-per-session tracking with history & mitigation, and multi-timeframe previous high/low levels — all in one indicator.  🌏  Session Highs & Lows     Tracks Asia, London, and NY session highs/lows in real time  Fully customizable session times (built around New York time by default)  Independent master toggle per session — turn any session's lines on/off entirely  Smart decluttering: yo"
https://www.tradingview.com/script/HCUZv5Gr/,Previous High & Low D/W/M,HCUZv5Gr,PUB;f677209308c049a78154a6afad5ee509,Birdyben,indicator,2,1,1,0,0,2026-07-21T20:16:32+00:00,41,"Previous High and Low daily, weekly and monthly My first script, not perfect but i'm glad to help"
https://www.tradingview.com/script/rg6p01nV-AJ-Daily-Open-Rays/,[AJ] Daily Open Rays,rg6p01nV-AJ-Daily-Open-Rays,PUB;9db32911d16f4164a6aa853b729ff7f6,Arnel0,indicator,2,1,1,0,0,2026-07-21T20:13:25+00:00,41,"Plots a horizontal ray from each day's opening price, so you can track price against multiple recent daily opens at once instead of just today's.  Features:  Adjustable lookback (1–30 days) Choice between ""true rays"" that extend indefinitely, or rays that stop at the next day's open Optional price labels on each ray Customizable color, width, and line style Toggle to include/exclude today's still-forming open Automatically trims older rays outside your lookback window"
https://www.tradingview.com/script/SG7Vk6uH-IQ-Trend-Beams-TradingIQ/,IQ Trend Beams [TradingIQ],SG7Vk6uH-IQ-Trend-Beams-TradingIQ,PUB;d27f40984ff94ffbbc7e3b5b1d04dcad,Trading-IQ,indicator,1,1,539,0,3,2026-07-21T20:09:07+00:00,41,"🔹  OVERVIEW    IQ Trend Beams  is a trend assistant that draws your trendlines the way a disciplined chartist would - and then holds them accountable. It maintains two channels,  support  and  resistance , each always showing one working line. A line is born  forming : it moves and re-shapes freely, polished every bar by a perceptual score toward the line a skilled trader would actually draw. When its geometry settles and it has earned enough tangency credit, it  locks  - and from that moment th"
https://www.tradingview.com/script/BNeLWrvM-Alnafi-Gold-Fusion-Pro/,Alnafi Gold Fusion Pro,BNeLWrvM-Alnafi-Gold-Fusion-Pro,PUB;7d2dcddc6902486dbf2e0acbf76a586c,EarningWithDrHafiiz,indicator,3,1,70,0,4,2026-07-21T19:49:14+00:00,42,"Alnafi Gold Fusion Pro  is a professional multi-timeframe gold trading indicator designed for XAUUSD traders who want structured Buy/Sell signals, dynamic range levels, DCA management, automatic trade targets, optional stop-loss guidance, alerts, and visual trade management in one system.  The indicator is published as an  Invite-Only Script . Access is granted only to approved TradingView users.    Main Purpose   The indicator is designed to simplify gold trading by combining:  * Primary tradin"
https://www.tradingview.com/script/zMrCt0os-ICT-PD-Arrays/,ICT PD Arrays,zMrCt0os-ICT-PD-Arrays,PUB;0dac6527efeb4ebeb2917d826cf074f8,chiefofuji,indicator,2,1,6,0,0,2026-07-21T19:40:27+00:00,42,"  Every ICT PD Array, only while it is active — order blocks, FVGs, liquidity voids, breakers, mitigation and rejection blocks, old and equal highs/lows, plus equilibrium, each with its own toggle. The instant one is mitigated, it is gone.  Mitigation done right, per array type — liquidity retires the moment it is swept, while zones only die on a decisive body close through the far side. A wick that taps and respects a level keeps it on the chart.  A self-cleaning board — survivors extend forwar"
https://www.tradingview.com/script/76kopQ4X-Sino-Session-Break-Signals/,Sino Session Break Signals,76kopQ4X-Sino-Session-Break-Signals,PUB;b9b664d7c4fc44e099f1e122d505a7c1,peterkuriakose123,indicator,2,1,5,0,0,2026-07-21T19:40:08+00:00,42,"Sino Session Break Signals  Sino Session Break Signals is a professional Smart Money Concepts (SMC) session breakout indicator designed to identify high-probability breakout and retest opportunities based on a user-defined trading session. Instead of relying on fixed market sessions, this indicator allows traders to define any custom session, making it suitable for Forex, Indices, Commodities, Cryptocurrency, and Stocks across global markets.  The indicator automatically records the highest high"
https://www.tradingview.com/script/fb9ajmcD-Agora-Smart-Money-Crypto-Flow-Tracker-RSC-for-Crypto/,Agora Smart Money Crypto Flow Tracker(RSC for Crypto),fb9ajmcD-Agora-Smart-Money-Crypto-Flow-Tracker-RSC-for-Crypto,PUB;19b03ceee6d2417db1c33561fb176769,AgoraEco,indicator,2,1,4,0,0,2026-07-21T19:15:42+00:00,42,"This indicator measures an asset's relative strength against a user-selected benchmark (default: CRYPTOCAP:TOTAL — total crypto market cap). In a sea of coins, it helps traders understand the smart money flow status in their chosen coin: is it gaining strength compared to the broader market, or is capital moving away from it?  What it does:  Fetches the current asset's close and the benchmark's close using request.security(). Calculates the rate of change over a configurable period (len) for bot"
https://www.tradingview.com/script/UQ3kcqrb-Adaptive-Order-Blocks-Breaker-Blocks-SMC-ChartSense/,Adaptive Order Blocks & Breaker Blocks [SMC ChartSense],UQ3kcqrb-Adaptive-Order-Blocks-Breaker-Blocks-SMC-ChartSense,PUB;e81113fb72a64852b5a9c3e40a29ab00,SMCChartSense,indicator,3,1,1,0,0,2026-07-21T19:10:29+00:00,42,"  OVERVIEW   This is an analytical charting tool that detects and manages order block and breaker block zones based on market structure events, and then tracks each zone's full lifecycle — something static zone indicators do not attempt. It draws zones, updates their status bar by bar according to fixed structural rules, and keeps a complete historical record on the chart for study. It does not generate buy or sell signals, and it does not predict price.   WHAT IT DETECTS    Order Blocks — selec"
https://www.tradingview.com/script/xUgamLul-Z-Score-Momentum-Candles/,Z-Score Momentum Candles,xUgamLul-Z-Score-Momentum-Candles,PUB;c4340d7c151942c8bd1835ee4831b8f9,ajoenamedjoe,indicator,2,1,3,0,0,2026-07-21T19:09:58+00:00,42,"Z-Score Momentum Candles - Concept by Infinity  This indicator combines opening-range tracking with statistical momentum coloring:  Opening range boxes: Plots two customizable opening-range boxes on the chart — a main range (8:50–9:10 EST) and a 5-minute range (9:30–9:35 EST) — each with a shaded box, border, and dashed midpoint line. Both reset automatically at the start of each new trading day.  Z-score momentum candles: Calculates a rolling z-score of price (default 90-period) to measure how "
https://www.tradingview.com/script/ulDZ4fEm-SVKO-CFD-Stocks-NQ-ES-Real-Volume/,SVKO CFD Stocks & NQ-ES Real Volume,ulDZ4fEm-SVKO-CFD-Stocks-NQ-ES-Real-Volume,PUB;236d7d0a8944498683ff25a84e57bb6a,cvladan,indicator,1,1,0,0,0,2026-07-21T19:07:03+00:00,42,"SVKO CFD Stocks & NQ-ES Real Volume replaces broker CFD volume with native stock volume or a configurable activity proxy for Nasdaq 100 and S&P 500 CFDs. It can also use the selected external volume to calculate an optional Real VWAP on the CFD price.   █  OVERVIEW   For a stock CFD, the indicator can use the corresponding exchange-listed share volume. For an index CFD, it can combine Micro E-mini futures, E-mini futures, and a major tracking ETF with user-defined positive weights.  The NQ and E"
https://www.tradingview.com/script/uAFh9148-ADR-20-Screener/,ADR 20% Screener,uAFh9148-ADR-20-Screener,PUB;cbfac4407ea94ba7b49feb559da97d30,dhailatrinity,indicator,2,1,0,0,0,2026-07-21T19:02:27+00:00,42,"This indicator calculates the 20-day Average Daily Range as a percentage of the current closing price.  ADR 20% measures the average difference between the daily high and low over the previous 20 trading sessions. A higher ADR% indicates that the stock typically experiences greater daily price movement and volatility.  Formula:  ADR 20% = Average of the daily High-Low range over 20 days ÷ Current Close × 100  Example: An ADR 20% value of 5 means the stock has moved, on average, approximately 5% "
https://www.tradingview.com/script/Mlb9H3VB-ZigZag-with-Real-Time-Confirmation-Stats/,ZigZag with Real-Time Confirmation Stats,Mlb9H3VB-ZigZag-with-Real-Time-Confirmation-Stats,PUB;648ee061d7cc419aa6d87109484b8ba8,gogaz,indicator,1,1,422,0,2,2026-07-21T18:59:28+00:00,42,"Slide 1: Title Slide Title: Real-Time Confirmation Backtesting  Subtitle: Eliminating Look-Ahead Bias and Repainting Illusions in Swing Trading Indicators  Presenter / Author: Gogaz   Target Indicator: Pine Script v6 Advanced ZigZag Analysis  Slide 2: The Problem – The ""ZigZag Illusion""Why Standard ZigZag Metrics Lie to YouThe Repainting Paradox: Standard ZigZag indicators draw lines retroactively from absolute low to absolute high. The Execution Myth: Standard stats log profits starting from th"
https://www.tradingview.com/script/VWtZmFRE-SVKO-CFD-NQ-ES-Levels/,SVKO CFD NQ-ES Levels,VWtZmFRE-SVKO-CFD-NQ-ES-Levels,PUB;05f2f6f1250f47108702042fa712f4fb,cvladan,indicator,1,1,0,0,0,2026-07-21T18:55:47+00:00,42,SVKO CFD NQ-ES Levels translates the mapped underlying market's daily percentage change into practical price levels on Nasdaq 100 and S&P 500 CFD charts. It makes the mapped move visible directly on the CFD chart without manual conversion.   █  OVERVIEW   The main level is 0%. It represents the chart price implied when the mapped symbol's standard daily Change % is zero. Configurable levels above and below that anchor show where the CFD price sits in percentage terms.  The optional current-price
https://www.tradingview.com/script/whKMXvdK-STS-Custom-Orb-Breakout/,STS - Custom Orb Breakout,whKMXvdK-STS-Custom-Orb-Breakout,PUB;b21bba6265d84d09a31ef6ada6701cdd,KenBaggett,indicator,2,1,7,0,0,2026-07-21T18:50:06+00:00,42,"STS Custom ORB — Opening Range Breakout with tick targets and risk sizing  What it does This indicator builds an opening-range breakout setup from a single reference candle (default 08:05 New York time, a 5-minute range) and manages the trade with fixed targets, a stop, an optional stop-and-reverse, and a running results panel. It is designed for index futures on the 1-minute chart.  How the range and trigger are built At the reference time the script records the high and low of the chosen candl"
https://www.tradingview.com/script/qHPjJzg5-Vivek-Trades-Trend/,Vivek Trades Trend,qHPjJzg5-Vivek-Trades-Trend,PUB;a4331a2904774712839a1016c635e638,VivekTradesOfficial,indicator,3,1,0,0,0,2026-07-21T18:40:06+00:00,42,"# Vivek Trades Trend  **Vivek Trades Trend** is a proprietary trend-following indicator designed to identify high-probability trading opportunities by combining multiple layers of market analysis into a single decision-making tool.  Rather than relying on a single condition, the indicator evaluates several aspects of market behavior before generating a signal. These include:  * Price breakout analysis to identify potential trend initiation. * Trend strength evaluation to avoid weak market condit"
https://www.tradingview.com/script/r11IGisL-ICT-CISD/,ICT CISD,r11IGisL-ICT-CISD,PUB;19d10383bfb341a69016c55d3efe9e5a,chiefofuji,indicator,2,1,9,0,0,2026-07-21T18:36:21+00:00,42,"  True ICT Change in State of Delivery: draws the CISD line only when a run of candles first sweeps prior liquidity, then confirms with a body close through the run's open. No sweep, no line. Confirmation by close only, never a wick.  Only live levels, zero clutter: a maximum of four active CISDs on the chart, and any level traded back through is instantly removed as mitigated. Every line you see is still in play. Nothing else is drawn.  Strictly minimalist by design: the line ends exactly at th"
https://www.tradingview.com/script/XP6l9CnM-SVKO-Info/,SVKO Info,XP6l9CnM-SVKO-Info,PUB;3db7ffd573f94abcbc36f7efc58a192f,cvladan,indicator,1,2,0,0,0,2026-07-21T18:34:44+00:00,42,"SVKO Info displays key market information for a chart symbol and its mapped native counterpart in one compact table. It lets users follow an underlying TradingView listing from a broker CFD chart without leaving the chart.   █  OVERVIEW   The table can show company and symbol identity, multi-period performance, extended-hours movement, a configurable history high, daily ATR, earnings, analyst target, and P/E data.  Each optional feature controls its related data request. Native TradingView chart"
https://www.tradingview.com/script/tCXD8RoQ-OutsiderEdge-Sessions-Visualized/,OutsiderEdge - Sessions Visualized,tCXD8RoQ-OutsiderEdge-Sessions-Visualized,PUB;4a61a55693654b498b27023ed8c23891,OutsiderEdge,indicator,2,4,8,0,0,2026-07-21T18:33:28+00:00,42,"OutsiderEdge – Session Flow Dashboard    A clean and customizable session visualization tool designed to reveal how price and volume develop throughout the major global trading sessions.   The Session Flow Dashboard displays the Asian, London, and New York trading sessions directly on the chart using clearly defined session ranges, customizable colors, and a structured volume dashboard.  Each session is automatically drawn from its opening time until its close, allowing traders to quickly identi"
https://www.tradingview.com/script/OhhO45j8-Market-Structure-with-MTF-Bias/,Market Structure with MTF Bias,OhhO45j8-Market-Structure-with-MTF-Bias,PUB;e7288ea0e2234a44a425928aec10f271,bilalahmaducc,indicator,3,4,2,0,0,2026-07-21T18:12:13+00:00,42,"Overview   This indicator maps market structure by detecting confirmed swing points, labelling them HH, HL, LH or LL, and marking every structural break as either a Break of Structure (BOS) or a Change of Character (CHoCH). A dashboard shows directional bias across up to seven timeframes at once, so you can check alignment between your execution timeframe and higher-timeframe structure without switching charts.   How swings are detected   Swings come from ta.pivothigh / ta.pivotlow at a user-def"
